0 0 -220.00138379744945
0 1 -219.7720330879437
0 2 -219.93246238198606
0 3 -220.16669840254158
0 4 -220.4673860658747
0 5 -220.8248998574061
0 6 -221.22739220847066
0 7 -221.6608552650786
0 8 -222.10919714549235
0 9 -222.55433393881106
0 10 -222.97629880950203
0 11 -223.3533696304618
0 12 -223.6622165555569
0 13 -223.87807084621193
0 14 -223.97491606951107
0 15 -223.92570247217978
0 16 -223.70258489280647
0 17 -223.27718399531213
0 18 -222.62086988851297
0 19 -221.70506634783246
0 20 -220.5015728962453
0 21 -218.98290096713333
0 22 -217.1226193120165
0 23 -214.89570279600147
0 24 -212.27887782025235
0 25 -209.25095690778838
0 26 -205.79315456976641
0 27 -201.8893765073212
0 28 -197.5264745517114
0 29 -192.6944605254331
0 30 -187.38667340411962
0 31 -181.5998957179338
0 32 -175.33441695810242
0 33 -168.59404372546237
0 34 -161.38605833236954
0 35 -153.7211294046053
0 36 -145.61317959817237
0 37 -137.07921674761113
0 38 -128.13913553571533
0 39 -118.8154970983453
0 40 -109.13329387044637
0 41 -99.11970649068707
0 42 -88.80385878544361
0 43 -78.21657583357704
0 44 -67.39014895950615
0 45 -56.35811029601232
0 46 -45.15501837175078
0 47 -33.816255069666745
0 48 -22.377833315260872
0 49 -10.876214018629723
0 50 0.6518698687908108
0 51 12.169584801321877
0 52 23.640166498632826
0 53 35.027091224933905
0 54 46.29425140146799
0 55 57.40613818207887
0 56 68.32803315048042
0 57 79.0262106459282
0 58 89.46815140293756
0 59 99.62276721978215
0 60 109.46063527923633
0 61 118.95423957530511
0 62 128.07821570706798
0 63 136.80959415412897
0 64 145.12803612727066
0 65 153.01605527850026
0 66 160.45921804113644
0 67 167.44631522664392
0 68 173.9694977834413
0 69 180.02437034629588
0 70 185.61003735800932
0 71 190.72909807216215
0 72 195.38758855287452
0 73 199.5948707509514
0 74 203.36347071434673
0 75 206.70886984215272
0 76 209.6492546875032
0 77 212.20523205640097
0 78 214.39951697448748
0 79 216.25660148097052
0 80 217.80241217573015
0 81 219.06396404123856
0 82 220.06901735653938
0 83 220.8457435984204
0 84 221.42240516802295
0 85 221.8270526641376
0 86 222.08724230654306
0 87 222.22977503170185
0 88 222.28045774851236
0 89 222.2638862238213
0 90 222.20324797224393
0 91 222.12014213593213
0 92 222.03441116953127
0 93 221.96397504009693
0 94 221.92464967060573
0 95 221.92990934649978
0 96 221.9904931304402
0 97 222.11357699191413
0 98 222.30064828015574
0 99 222.54112838482715
0 100 222.79074021658994

1 0 -220.2307345069552
1 1 -220.00315512104007 0.6566470317263366 -0.03161147654921592
1 2 -220.16751155385677 0.6617958021347761 0.20222809932971586
1 3 -220.4076113196995 0.6694810913028135 0.2742776962906248
1 4 -220.71606694643802 0.6796573470348903 0.33779878799425944
1 5 -221.08320889568802 0.6922625337252981 0.3905330365393098
1 6 -221.49713301951664 0.7072167336452111 0.43027616130487445
1 7 -221.94376121829777 0.7244204545823862 0.45489170431980597
1 8 -222.40691642815625 0.7437526899794022 0.46232600704696836
1 9 -222.8684132323917 0.7650687934905562 0.45062454415524655
1 10 -223.30816551646674 0.7881982485885146 0.4179497127939129
1 11 -223.70431265797953 0.8129424353307826 0.36260011521930835
1 12 -224.03336574690536 0.8390725200383997 0.2830312965324282
1 13 -224.27037525104438 0.8663276183125106 0.17787780648299645
1 14 -224.38912135987135 0.8944134057411333 0.045976344437505645
1 15 -224.3623279399194 0.9230013713400211 -0.11361037923020945
1 16 -224.16190060141093 0.9517289230189192 -0.3015695708839843
1 17 -223.75918879815143 0.9802005583465387 -0.5183147224219624
1 18 -223.125271156567 1.00799030341949 -0.7639632186854612
1 19 -222.2312623607805 1.0346455936166024 -1.0383161147107245
1 20 -221.04863892714556 1.0596927190480727 -1.3408411216931881
1 21 -219.54958011739413 1.0826438827219818 -1.670659905982447
1 22 -217.70731911518067 1.1030058214159766 -2.026540811747026
1 23 -215.49649849390008 1.1202898217876651 -2.406898049420434
1 24 -212.8935230163398 1.1340228350612875 -2.8097982367027043
1 25 -209.87690202049467 1.1437592642420924 -3.2329749314027794
1 26 -206.42757315353424 1.149092882960943 -3.67385145972888
1 27 -202.5291991010369 1.149668261036453 -4.129571934960325
1 28 -198.1684292836136 1.1451910341320968 -4.597039906685453
1 29 -193.335119287666 1.135436375216159 -5.0729636171425625
1 30 -188.02250204932847 1.1202551091048036 -5.5539064124473185
1 31 -182.22730646277137 1.0995770548265966 -6.036340507509195
1 32 -175.94982103431008 1.073411371460665 -6.516702073617836
1 33 -169.1939023155357 1.0418439012789236 -6.99144553455389
1 34 -161.9669299652023 1.0050317245808742 -7.457095031590228
1 35 -154.27971225235524 0.9631953381664715 -7.910291242272081
1 36 -146.14634748065814 0.9166090223959173 -8.34783208746883
1 37 -137.58404807741758 0.8655900559503067 -8.766706297870499
1 38 -128.61293488491714 0.8104874674822184 -9.16411928995322
1 39 -119.25580949751114 0.7516709829973394 -9.537511277385292
1 40 -109.53791233014655 0.6895207478363758 -9.884567977563549
1 41 -99.48667354238404 0.6244182876951072 -10.203224635003558
1 42 -89.13146306013944 0.5567390407324524 -10.491664355971778
1 43 -78.50334483044048 0.4868466576890498 -10.748311925917967
1 44 -67.6348392083035 0.4150891411869395 -10.971824366558618
1 45 -56.55969609732325 0.3417967871214671 -11.161079493503241
1 46 -45.31268022129702 0.26728180436478866 -11.315163672747484
1 47 -33.92936875182828 0.19183942445105018 -11.433359861105789
1 48 -22.445960499085444 0.11575026848974623 -11.515136866791536
1 49 -10.899095018245204 0.039283710648153836 -11.560140594666475
1 50 0.674320690247507 -0.0372980380933981 -11.568187855978305
1 51 12.237280693711407 -0.11373540967937856 -11.539263131408543
1 52 23.752846953064594 -0.18976680863778483 -11.47351848297754
1 53 35.18431765966648 -0.26512407815971883 -11.371276616815292
1 54 46.49540018669518 -0.3395283874323276 -11.233036905929279
1 55 57.65039147152504 -0.4126868210594843 -11.059483990718434
1 56 68.61436816813205 -0.48428994311306894 -10.851498386843971
1 57 79.35338824521298 -0.5540105926526238 -10.610168348745418
1 58 89.83470486562288 -0.6215041405351229 -10.336802068697814
1 59 100.02699238260861 -0.6864103948862734 -10.03293914490694
1 60 109.90058315543676 -0.7483572811191763 -9.700360139713425
1 61 119.42771266203546 -0.8069663396676603 -9.34109298481075
1 62 128.58276912505826 -0.8618599808324063 -8.95741498979887
1 63 137.3425426416332 -0.912670314755232 -8.551849287777998
1 64 145.68646770061426 -0.9590492428341548 -8.127154717920604
1 65 153.5968520774744 -1.0006793660806466 -7.686308404562581
1 66 161.05908450973942 -1.0372851504184695 -7.232480640753948
1 67 168.0618133589823 -1.0686437047767328 -6.769002105790008
1 68 174.59708872131944 -1.0945944902907883 -6.299323913821084
1 69 180.66046118662447 -1.1150472995693406 -5.826971466897348
1 70 186.25103165511413 -1.1299879288860097 -5.355493526905093
1 71 191.37144824043466 -1.1394811098741826 -4.8884082819404
1 72 196.02784821899493 -1.1436704583674242 -4.42914842442579
1 73 200.22974508928624 -1.142775416229611 -3.981007353253858
1 74 203.98986292550265 -1.1370853824955844 -3.5470885495824405
1 75 207.32392218845112 -1.1269514275577848 -3.130259963296737
1 76 210.25038285209612 -1.112776137012517 -2.733114909551901
1 77 212.79015200755492 -1.0950022259373213 -2.3579405501869672
1 78 214.96626395247006 -1.0741005947066213 -2.006694567956373
1 79 216.80354114346767 -1.0505584678270168 -1.6809901773205382
1 80 218.32824430711113 -1.024868178763299 -1.3820891929444485
1 81 219.56771952935657 -0.9975170518903127 -1.1109025249803466
1 82 220.55004935707183 -0.9689787046257408 -0.8679972055147118
1 83 221.303713940386 -0.9397059645737471 -0.6536088781440412
1 84 221.8572671133599 -0.910125481639156 -0.4676585970833571
1 85 222.2390311345527 -0.8806340239852375 -0.3097727701854467
1 86 222.4768126537308 -0.8515963875098294 -0.17930512304481283
1 87 222.59764138064233 -0.8233448292366745 -0.07535963680093971
1 88 222.62753192733268 -0.7961799682121438 0.0031865044716852253
1 89 222.59126837169896 -0.7703732095521048 0.057660857626288475
1 90 222.5122102120801 -0.7461709990157317 0.08957544450976229
1 91 222.41211748267943 -0.7238017511790247 0.10060921346891405
1 92 222.31099178514228 -0.7034874663612243 0.09259432535327505
1 93 222.22692883197288 -0.6854647538029752 0.06750725174399008
1 94 222.1759772816543 -0.6700265771257108 0.027463761895830885
1 95 222.17200130818122 -0.6576130628239412 -0.025294247858994368
1 96 222.2265657773723 -0.6490258504627633 -0.08848583725574599
1 97 222.34897298269271 -0.6459705674928813 -0.1602646160183383
1 98 222.54709500940896 -0.6525083765076829 -0.24151974137534182
1 99 222.8320124654434 -0.6790898797273428 -0.24662851947188358
1 100 223.04035204835273

2 0 -221.3097514242007
2 1 -221.08532715139637 1.350793336513135 -0.026848718972544816
2 2 -221.2560539862556 1.3587750885729974 0.21016671687542043
2 3 -221.5056605851472 1.3706875580028282 0.28532338684443914
2 4 -221.8267007599445 1.3864582983752882 0.35188216985474696
2 5 -222.2094249248567 1.4059884874395578 0.40756245790829837
2 6 -222.64182567576108 1.42915055357129 0.45013562469333124
2 7 -223.10969617424337 1.455785296005729 0.4774384248450332
2 8 -223.59670252545115 1.4856985723058642 0.4873876757744
2 9 -224.08447152579217 1.5186576526060662 0.4779963906139528
2 10 -224.55269530667906 1.5543873715240437 0.4473914876655982
2 11 -224.97925450112336 1.5925662450714242 0.39383314447732687
2 12 -225.3403615956337 1.6328227605538927 0.3157357908567917
2 13 -225.61072608283695 1.6747320905578675 0.2116906426798124
2 14 -225.76374288099333 1.717813524797677 0.08048956601143686
2 15 -225.77170521485982 1.7615289517036956 -0.07885007107451258
2 16 -225.6060427388443 1.8052827497089083 -0.2670600514273076
2 17 -225.2375851120052 1.8484234595923397 -0.48459612174617916
2 18 -224.63685049535195 1.8902475964999894 -0.7316137884697724
2 19 -223.77435753506566 1.9300059158429264 -1.0079460805052491
2 20 -222.62095833434145 1.9669123646048092 -1.3130844012441827
2 21 -221.1481887325773 2.000155824574122 -1.6461636897465013
2 22 -219.32863095484845 2.0289145866403686 -2.0059531465002465
2 23 -217.1362824395768 2.052373291313117 -2.3908537322367636
2 24 -214.54692349037492 2.0697418427616725 -2.79890350165212
2 25 -211.53847543627256 2.080275571960456 -3.227791577343311
2 26 -208.0913403356883 2.0832957152418032 -3.6748812034392273
2 27 -204.1887130293941 2.078209117506077 -4.137241857856353
2 28 -199.8168566199756 2.064525993479549 -4.611689876764345
2 29 -194.96533327586542 2.0418746083964976 -5.0948364988231845
2 30 -189.62718362232923 2.0100118821852107 -5.58314172413921
2 31 -183.799049827587 1.9688291736684675 -6.072971960652737
2 32 -177.48123970102375 1.9183528412907407 -6.56065914978339
2 33 -170.67773152802022 1.8587395674607592 -7.042558959746231
2 34 -163.3961217815313 1.790266828698293 -7.515105723540984
2 35 -155.64752008093825 1.713319246363767 -7.974862069283546
2 36 -147.4463976429642 1.6283718231620128 -8.418561610713255
2 37 -138.81039685951174 1.5359712330982518 -8.843143586142219
2 38 -129.76011047067976 1.4367163785269952 -9.245778897585879
2 39 -120.31883906433998 1.3312393654276775 -9.623887552280323
2 40 -110.51233536611912 1.2201878981092449 -9.975147999131352
2 41 -100.36854306607728 1.1042098857806266 -10.297499249605302
2 42 -89.91733686690851 0.9839408162021712 -10.58913695856107
2 43 -79.19026914895514 0.8599942133064218 -10.848504812514243
2 44 -68.22032724188003 0.732955277399796 -11.074282639349942
2 45 -57.041703870255255 0.6033776219072173 -11.265372630699837
2 46 -45.689581980480355 0.4717828757640241 -11.420884975843205
2 47 -34.199933918568846 0.3386628154553648 -11.540124064119995
2 48 -22.609333852240365 0.20448362086751715 -11.622576239321408
2 49 -10.95478143992603 0.0696918074843369 -11.667899898608987
2 50 0.726465944977607 -0.06527863392387623 -11.675918530303331
2 51 12.397055620680634 -0.1999983676075816 -11.646617085465394
2 52 24.019700115908396 -0.334034592558492 -11.580141880286355
2 53 35.55733938125334 -0.46694315023068 -11.476804030212124
2 54 46.973308176332644 -0.5982613367591512 -11.337086221472248
2 55 58.23151182419784 -0.7275018917600704 -11.161652430186958
2 56 69.29661303670656 -0.8541486255511188 -10.951360003517806
2 57 80.13423183123345 -0.9776541249330961 -10.707273323650625
2 58 90.71115968400781 -1.0974399374086943 -10.430678089160622
2 59 100.9955880095547 -1.2128995671903482 -10.123095078733435
2 60 110.95734984147468 -1.3234045165658586 -9.786292122542868
2 61 120.56817225464043 -1.4283134684175138 -9.422292913629057
2 62 129.8019356687328 -1.5269845292379216 -9.033381264499504
2 63 138.63493478363944 -1.618790241910915 -8.622099472103088
2 64 147.04613461293897 -1.7031348459046 -8.191239613511058
2 65 155.01741401066155 -1.7794730287976108 -7.743826864517203
2 66 162.53378834197338 -1.8473292029976847 -7.283094312767915
2 67 169.58360263619738 -1.906316184488844 -6.812449211024756
2 68 176.1586867640229 -1.9561520750657166 -6.33543115461859
2 69 182.25446494543456 -1.9966741781615127 -5.855663225879226
2 70 187.87001321578134 -2.0278489217175633 -5.376797673237974
2 71 193.0080602919105 -2.049777014453028 -4.902458126914013
2 72 197.67492946960937 -2.062693402144987 -4.436180645750056
2 73 201.88042158341062 -2.066961981108946 -3.981356004864267
2 74 205.6376414793379 -2.063065420961564 -3.5411755569288346
2 75 208.9627726972683 -2.051590800996294 -3.1185827410951674
2 76 211.87480696152824 -2.0332120345649827 -2.716231905503662
2 77 214.39523650827562 -2.008670218149078 -2.3364556011862447
2 78 216.54771816390073 -1.9787530879558517 -1.981240954174467
2 79 218.35771841662455 -1.9442747052369356 -1.6522151846780133
2 80 219.85214853325675 -1.9060563435660498 -1.3506398641973192
2 81 221.0589981450192 -1.8649093461979902 -1.0774131162670528
2 82 222.00697476579086 -1.8216204905756683 -0.833078691274352
2 83 222.7251555275679 -1.7769401686349084 -0.617840682755201
2 84 223.24265613130126 -1.731573488786239 -0.43158259227008955
2 85 223.58832071210807 -1.6861742448214159 -0.2738894751307299
2 86 223.79043508156272 -1.6413415894378431 -0.14407198903356289
2 87 223.8764646901752 -1.5976192037257562 -0.04119130168696472
2 88 223.87281768493665 -1.5554967789149288 0.03591602362484991
2 89 223.8046326429255 -1.5154137427950332 0.08861385733062832
2 90 223.6955899702754 -1.4777654134786076 0.11844350231766043
2 91 223.56774563829018 -1.4429122369436413 0.12710193401083814
2 92 223.44138610225372 -1.411193635287134 0.11642054529364998
2 93 223.33490454770288 -1.3829495540383476 0.0883416386982816
2 94 223.26470282485715 -1.3585553700394968 0.04488453777760526
2 95 223.24513547214767 -1.3384788182452496 -0.011921003254286688
2 96 223.28854483136573 -1.323364385775406 -0.08019132737611301
2 97 223.4055181268999 -1.3141040999902174 -0.15856010090269024
2 98 223.6056650331711 -1.3115859215277226 -0.24689500869097003
2 99 223.89930814428183 -1.3145156671255762 -0.24641143187218972
2 100 224.0984878969155

3 0 -222.9244135315538
3 1 -222.70474179406634 1.8857092611518596 -0.0196759002755158
3 2 -222.88506173100276 1.896936073656704 0.22212232081940897
3 3 -223.14898643570515 1.9136943307412793 0.3019609060929156
3 4 -223.4889835431886 1.9358852772276833 0.37309971743098913
3 5 -223.89518587056713 1.9633740470717527 0.43322529173531166
3 6 -224.35543412665922 1.9959862675331692 0.48007296987104553
3 7 -224.85533181030922 2.033503925122716 0.5114397230543801
3 8 -225.37831357276798 2.0756605892916724 0.5251983636473057
3 9 -225.90572853760384 2.1221361259065503 0.519313343373426
3 10 -226.41694025951483 2.1725510767115708 0.4918583052592709
3 11 -226.88944514812238 2.2264609332347334 0.4410355042491574
3 12 -227.29901126801315 2.2833505930144753 0.36519714201887155
3 13 -227.61983943216012 2.342629350404195 0.2628685707267806
3 14 -227.8247484094667 2.403626839728787 0.13277320558333372
3 15 -227.8853858433268 2.465590409485216 -0.02614115431897801
3 16 -227.77246610082875 2.527684454764426 -0.21467506299534023
3 17 -227.4560357173361 2.5889922612731056 -0.43334987563088134
3 18 -226.905766349567 2.6485209068034834 -0.6823807624348746
3 19 -226.09127419246636 2.7052097126570374 -0.9616513466059047
3 20 -224.98246365635518 2.757942627219336 -1.2706912129619923
3 21 -223.54989176654237 2.8055647485874857 -1.6086576839468876
3 22 -221.7651482884614 2.8469029506606915 -1.974323345008031
3 23 -219.6012450765263 2.8807902738671913 -2.36607079329913
3 24 -217.03300670186314 2.9060933951705863 -2.781895956055365
3 25 -214.03745316441558 2.9217421317219134 -3.2194210589226486
3 26 -210.59416458401785 2.9267595990616826 -3.675917914183259
3 27 -206.68561733604906 2.9202913857947266 -4.148341656722579
3 28 -202.2974812705727 2.9016319700595687 -4.633374415795032
3 29 -197.418868504459 2.8702466279347902 -5.127477728436901
3 30 -192.0425258136989 2.8257872907864083 -5.626951847175349
3 31 -186.1649648101083 2.7681011921317236 -6.127999548403665
3 32 -179.78652671689156 2.6972316706925596 -6.626791679825544
3 33 -172.9113814504572 2.6134111053350324 -7.119531547146337
3 34 -165.54746362259888 2.517046574281423 -7.60251535268722
3 35 -157.70635074508277 2.408699378295111 -8.07218624780836
3 36 -149.40309112698216 2.289059981165323 -8.525180100734346
3 37 -140.65599054361408 2.158920160291842 -8.958361742505517
3 38 -131.48636764197113 2.0191442140586986 -9.368851157623794
3 39 -121.91828822836649 1.870640957064765 -9.754039757803042
3 40 -111.97828812636504 1.7143379858849528 -10.1115974572106
3 41 -101.69509331394529 1.5511593646255477 -10.439471716910631
3 42 -91.09934469254378 1.3820075101689824 -10.735880028445983
3 43 -80.22333325705333 1.2077496943325272 -10.999297464720343
3 44 -69.1007497631031 1.029209255760989 -11.228440957957822
3 45 -57.76645134113768 0.8471613471203767 -11.422251895139013
3 46 -46.25624597282507 0.6623328401032005 -11.579878479199337
3 47 -34.60669438273901 0.47540586949805075 -11.700659116002296
3 48 -22.85492774082048 0.28702440930748274 -11.784107874762565
3 49 -11.038478633213877 0.09780322641859485 -11.82990284945787
3 50 0.8048779580952594 -0.09166146237815953 -11.837878031070224
3 51 12.63727742892657 -0.2807803080358102 -11.80801909004316
3 52 24.42091613818158 -0.46895879685531305 -11.740463265600637
3 53 36.11820396012784 -0.6555855401162027 -11.635503361015951
3 54 47.69192286021348 -0.8400215563337845 -11.493595647458669
3 55 59.10539525504518 -1.0215912153886677 -11.315371279510401
3 56 70.32266541923428 -1.1995755071357905 -11.101650620016997
3 57 81.30869649507918 -1.3732082764556282 -10.853459660602994
3 58 92.02958474044027 -1.5416760208079978 -10.572047510955066
3 59 102.45279151698931 -1.704121762670539 -10.258903724064105
3 60 112.54739218856848 -1.8596533758199811 -9.91577404094059
3 61 122.28433959887049 -2.0073565522178356 -9.544672997482813
3 62 131.6367381835341 -2.1463123420266896 -9.147891763292272
3 63 140.58012312545503 -2.2756188884262087 -8.727999604444676
3 64 149.09273739242346 -2.394416627925608 -8.2878375048073
3 65 157.15579813506963 -2.5019158644901864 -7.830502761655666
3 66 164.7537429157348 -2.597425291854293 -7.359323796445182
3 67 171.87444572796 -2.680379779944076 -6.87782497785804
3 68 178.50939287145087 -2.7503656057934904 -6.3896819074937525
3 69 184.6538095429475 -2.807141335367021 -5.898668313549194
3 70 190.30672949854926 -2.8506527706443308 -5.408596363196608
3 71 195.47100226934072 -2.881040760664604 -4.923252762367824
3 72 200.1532350232849 -2.8986412016920724 -4.446333391081708
3 73 204.36366905150413 -2.9039771606430236 -3.9813793720704354
3 74 208.11599376742578 -2.897743672193428 -3.5317173694697885
3 75 211.4271037904437 -2.8807863066503216 -3.1004065769001556
3 76 214.3168069212261 -2.85407501856011 -2.6901943267046846
3 77 216.80749244385308 -2.818675024905758 -2.3034816035778363
3 78 218.92377012838176 -2.7757165154585692 -1.9422990550442307
3 79 220.69209055394154 -2.7263648828450187 -1.6082934329307363
3 80 222.14035699424323 -2.6717929134037206 -1.3027238339055032
3 81 223.29753822175255 -2.613156050379061 -1.026466671989965
3 82 224.19329033822316 -2.5515714784373813 -0.7800280279516301
3 83 224.8575942776558 -2.488101426881798 -0.563561876354612
3 84 225.3204140909324 -2.4237407817479237 -0.37689267326986453
3 85 225.61137962419554 -2.359408855775939 -0.21954087083705076
3 86 225.7594958326065 -2.295945001094637 -0.09075008194915313
3 87 225.79287978809384 -2.234107665769116 0.010485173721974661
3 88 225.73852548516254 -2.1745764919659507 0.08539196540240823
3 89 225.62209585728903 -2.1179571303309643 0.13539222306260967
3 90 225.46774103903732 -2.064788604008257 0.1620769503611541
3 91 225.29794195656672 -2.015553293405972 0.1671809916603877
3 92 225.13337905571655 -1.970689885893762 0.15255700825856877
3 93 224.99282794004958 -1.9306097315713373 0.12014551699162723
3 94 224.8930880217333 -1.895716178202079 0.0719344976889289
3 95 224.84895894467172 -1.8664220557986653 0.009896736405096362
3 96 224.8732945489231 -1.8431450465184014 -0.06411111900071376
3 97 224.97718118267315 -1.826215541086114 -0.14848615177065483
3 98 225.1702668524644 -1.8155268101459683 -0.24193130851070066
3 99 225.46104379969455 -1.8096529986414964 -0.24285400199978824
3 100 225.65597485646398

4 0 -225.07004418441556
4 1 -224.8567456737001 2.4151726275329395 -0.010059025423274193
4 2 -225.04992613356902 2.42969570954547 0.23815178646484014
4 3 -225.33304924662977 2.4513788623235655 0.32427259041541845
4 4 -225.69847131439985 2.4800997387071106 0.4015618861852204
4 5 -226.1361730190002 2.515690985617695 0.46766344821378425
4 6 -226.63379821082742 2.557935760124579 0.5202655027442944
4 7 -227.1767040244888 2.606562246875086 0.5571127466035364
4 8 -227.7480237040345 2.6612372879105095 0.5760198765582345
4 9 -228.32874377760527 2.721559281254301 0.5748868780338512
4 10 -228.8977974601022 2.7870505615805143 0.5517162949937813
4 11 -229.43217636759283 2.8571495452438 0.5046326607802314
4 12 -229.90706278166266 2.931203002308308 0.4319042080262534
4 13 -230.29598478364534 3.0084589076558643 0.3319668893941241
4 14 -230.5709965604509 3.088060417319255 0.20345062509245793
4 15 -230.70288603383025 3.1690416077136945 0.04520754396112636
4 16 -230.66141164837316 3.250325694173327 -0.14365819963941817
4 17 -230.41556963455142 3.3307264976387927 -0.3637596697071217
4 18 -229.93389230895892 3.4089539381165253 -0.6153963370858406
4 19 -229.18477696037974 3.4836242824626424 -0.8985243600893966
4 20 -228.13684358878012 3.553275744192746 -1.2127293653137343
4 21 -226.75931822975227 3.6163898097558445 -1.5572033663051457
4 22 -225.02243685616983 3.67141834180552 -1.9307276212205409
4 23 -222.89786298731119 3.716816090225109 -2.331663287726869
4 24 -220.3591102807161 3.75107774710888 -2.757951643797398
4 25 -217.3819596997164 3.7727781526896393 -3.2071253734522145
4 26 -213.94485953381167 3.780613754062202 -3.676331949366414
4 27 -210.02929580098356 3.773443009856848 -4.162369486858466
4 28 -205.62012056009473 3.750323197671321 -4.661734634624281
4 29 -200.705826531735 3.7105410820495592 -5.170681178096345
4 30 -195.27875820390204 3.6536351769934896 -5.685287159942277
4 31 -189.33525221185045 3.5794078856429508 -6.2015275807465855
4 32 -182.87570304240887 3.4879265712320517 -6.7153492365800815
4 33 -175.90455373869028 3.3795135158315333 -7.222744056157367
4 34 -168.43021493009414 3.2547256383607532 -7.719817450580905
4 35 -160.46491883752847 3.1143256494457177 -8.202848662399646
4 36 -152.02451760529485 2.959246917805885 -8.668340828716524
4 37 -143.12823718009543 2.7905546506627843 -9.113059353248843
4 38 -133.79839889879716 2.6094060364173544 -9.534058100812956
4 39 -124.06012097846951 2.4170117924690544 -9.928693780454068
4 40 -113.94101133788902 2.2146011666023497 -10.294629591570569
4 41 -103.47086179532837 2.0033919334461885 -10.629829725321272
4 42 -92.68135188724648 1.7845663835480252 -10.932546628854091
4 43 -81.6057685376202 1.5592537842101848 -11.201303066922236
4 44 -70.278745753402 1.3285193419850998 -11.434870986562093
4 45 -58.73602656449601 1.093359339951089 -11.632249046357625
4 46 -47.014247660686756 0.8547018641305719 -11.79264045346553
4 47 -35.15074565756495 0.6134123648709817 -11.915432494915713
4 48 -23.18338267085533 0.37030320454400467 -12.000178882400864
4 49 -11.15038789276322 0.1261463026274079 -12.046585770294628
4 50 0.909788869733926 -0.11831201692195847 -12.054502064757738
4 51 12.958616236752254 -0.3623348607104342 -12.023914419942548
4 52 24.957617709619022 -0.6051781546720036 -11.954947112366746
4 53 36.86851046148575 -0.8460744499904536 -11.847866789690595
4 54 48.65335128900021 -1.0842180104123287 -11.703091896744713
4 55 60.274694254975174 -1.31875205228771 -11.521206380988964
4 56 71.69576405097814 -1.548759014374184 -11.302977064584766
4 57 82.8806483841447 -1.773254726117436 -11.049373837322833
4 58 93.7945117256238 -1.9911873041362185 -10.761591575375533
4 59 104.40383153489577 -2.201441517831718 -10.441072433745418
4 60 114.67665659311464 -2.4028492070931478 -10.089526912090165
4 61 124.5828853590761 -2.5942060918336978 -9.708951879835766
4 62 134.09456035278617 -2.7742949758102213 -9.301643600707877
4 63 143.18617256049185 -2.941914919211797 -8.870203758002006
4 64 151.8349678687902 -3.095915455667509 -8.417536589575036
4 65 160.02124573964193 -3.2352343986452468 -7.946835528445888
4 66 167.72863892568196 -3.3589372774879678 -7.461558228221804
4 67 174.94436219608554 -3.466256036165049 -6.965389524963953
4 68 181.65941797560987 -3.5566243934898125 -6.462192710041535
4 69 187.8687476161686 -3.629707266567493 -5.955950390730067
4 70 193.57131875707 -3.685421937133981 -5.4506970985355565
4 71 198.77014181323972 -3.72394919024552 -4.9504465579617545
4 72 203.4722118729935 -3.7457334267436266 -4.459117045728476
4 73 207.68837590469667 -3.7514716531636054 -3.980458475365623
4 74 211.43312882372476 -3.74209216700217 -3.5179847029361326
4 75 214.72434531056894 -3.7187245602166 -3.074914087461849
4 76 217.58295699864846 -3.6826632595955573 -2.6541206237590984
4 77 220.03258655808713 -3.635327149171573 -2.258097098084704
4 78 222.09915119481786 -3.5782178646876446 -1.8889308121137276
4 79 223.8104481823146 -3.5128791446224312 -1.5482915826231647
4 80 225.1957343600642 -3.4408592289899786 -1.2374310317313615
4 81 226.2853102457773 -3.363677793373668 -0.9571916813007135
4 82 227.11011772266562 -3.282798367799032 -0.7080240677770888
4 83 227.7013583813315 -3.1996066819752684 -0.4900099860657434
4 84 228.0901376947971 -3.1153949453623824 -0.3028900211642309
4 85 228.30713842365995 -3.0313517378762924 -0.14609369447744314
4 86 228.382325083752 -2.948556962877987 -0.018770799026739837
4 87 228.34468002171343 -2.867981193273849 0.08017720744172152
4 88 228.22197066886855 -2.790488709803938 0.1520665590630017
4 89 228.04054690358743 -2.7168435663067783 0.19840174528832222
4 90 227.8251671782919 -2.647718087170574 0.22084733924265265
4 91 227.59885222510212 -2.583703247059134 0.2212006521253329
4 92 227.38276587404124 -2.5253202702591295 0.20136410712828479
4 93 227.19612401084555 -2.4730322092314765 0.1633153463899646
4 94 227.0561351812613 -2.4272525258689512 0.1090722135502773
4 95 226.977979583745 -2.3883434060949043 0.040650128429390975
4 96 226.97483492440253 -2.356587577872503 -0.0399848126635618
4 97 227.05794920907212 -2.332103663860309 -0.13094186453025713
4 98 227.23671865346304 -2.31467324302416 -0.2303324662463524
4 99 227.51861414156483 -2.303542555050612 -0.23592861682722344
4 100 227.7085758871175

5 0 -227.7403617918662
5 1 -227.53508704913222 2.937568732264907 0.002045679113749088
5 2 -227.7444531500937 2.9554512129689385 0.258328555610035
5 3 -228.05174416035229 2.982156958069112 0.35236493525455614
5 4 -228.44918302060282 3.017543592866943 0.43741184072511885
5 5 -228.92656784180252 3.061415958508192 0.5110613131527799
5 6 -229.47130564690838 3.113520465898631 0.5709442311284363
5 7 -230.0684563040594 3.173538155882312 0.6147412508403107
5 8 -230.700788148589 3.2410765813927185 0.6401953980265205
5 9 -231.34884710011244 3.3156606806523428 0.6451266170434309
5 10 -231.99104138267586 3.3967228796594924 0.6274485692487701
5 11 -232.60374423860998 3.4835927485207208 0.5851879449769513
5 12 -233.16141727262976 3.575486639734663 0.5165065044309358
5 13 -233.63675724747185 3.671497855459279 0.41972598573772757
5 14 -234.00086924410522 3.7705880205176356 0.29335590564116387
5 15 -234.22346905875418 3.8715804702547274 0.13612412253509376
5 16 -234.2731174891754 3.9731565847989003 -0.05299017307024201
5 17 -234.1174887126137 4.0738560963196875 -0.27472163168768304
5 18 -233.72367422580004 4.172082441134236 -0.5294829776110248
5 19 -233.05852275739164 4.266114197712639 -0.8173295405296841
5 20 -232.08901514474067 4.354123516947169 -1.1379256856687903
5 21 -230.78267138605406 4.434202187195879 -1.4905150863341134
5 22 -229.10798497207244 4.504395566706492 -1.8738970645387667
5 23 -227.03487725697653 4.5627440588592805 -2.28641138799577
5 24 -224.5351621960809 4.607331123236321 -2.7259338935908346
5 25 -221.58300946979486 4.636336058927554 -3.189885051969327
5 26 -218.15539209214225 4.648089047542214 -3.67525305701605
5 27 -214.23250335576276 4.641125309263401 -4.17863221311346
5 28 -209.79812766591533 4.614234824296247 -4.696276343602321
5 29 -204.83995066855812 4.566504011247957 -5.224165749114732
5 30 -199.34979616768587 4.497346102061954 -5.758085043581957
5 31 -193.3237805813942 4.406517716140442 -6.2937081541651025
5 32 -186.76237985935566 4.294120244569243 -6.826686049636962
5 33 -179.67040848212028 4.160585968999541 -7.352732480017636
5 34 -172.0569148993204 4.006650173970783 -7.867703219073036
5 35 -163.9350020439742 3.8333116760441186 -8.36766496836323
5 36 -155.32158496259393 3.641785033744 -8.84895109951728
5 37 -146.23709984493965 3.4334481311163927 -9.308202623894047
5 38 -136.70517971480584 3.2097888344325867 -9.742394015817524
5 39 -126.7523118133046 2.972354064563632 -10.148844627618047
5 40 -116.40749045956974 2.7227040106914657 -10.525217316233466
5 41 -105.70187718083767 2.462373455457481 -10.869506499964956
5 42 -94.66847745963983 2.1928414007669517 -11.180018177681987
5 43 -83.3418408254737 1.9155094660410086 -11.455344506283268
5 44 -71.7577884470733 1.6316889334964202 -11.694335402216918
5 45 -59.95317002103986 1.3425958633588095 -11.89606937299354
5 46 -47.965649701086214 1.0493533953659053 -12.059825454279444
5 47 -35.83351911248097 0.753000173297977 -12.185057775588863
5 48 -23.595534149908488 0.45450374855078834 -12.271373937006139
5 49 -11.290771238468693 0.15477780571005173 -12.318518070923833
5 50 1.0415019919391764 -0.1452979219233823 -12.326359194408067
5 51 13.361947150347438 -0.44485614081261726 -12.294885227793205
5 52 25.631272447525586 -0.743019951009547 -12.224202854880655
5 53 37.81035286010875 -1.0388813110108792 -12.114543216756276
5 54 49.86035888103814 -1.331481064755657 -11.966273249755925
5 55 61.7428993596206 -1.619791605146169 -11.779912283472257
5 56 73.42018344798265 -1.902703279125923 -11.556153293846723
5 57 84.85520594731405 -2.1790156600026975 -11.295887950365028
5 58 96.01195934871271 -2.4474347998266452 -11.000234302669348
5 59 106.85567455265274 -2.7065775000774295 -10.670565627021034
5 60 117.35309060275478 -2.9549834726922484 -10.30853861494257
5 61 127.47275178253788 -3.191135978091509 -9.916118766199887
5 62 137.18532813515455 -3.413491103378263 -9.49560059067037
5 63 146.46395296387863 -3.620515279230503 -9.049620084301964
5 64 155.28456830375848 -3.8107299485627237 -8.58115698424075
5 65 163.62626693236012 -3.9827615435408177 -8.093524583476125
5 66 171.47161747071073 -4.135394180679029 -7.590345433964984
5 67 178.8069578002901 -4.267621852758737 -7.075512093859885
5 68 185.6226416584305 -4.37869649877814 -6.553133137896197
5 69 191.91322407608249 -4.468168275527404 -6.027465857193363
5 70 197.67757337281722 -4.535914705002526 -5.502838286874635
5 71 202.91890064983176 -4.582156136506299 -4.983564251977469
5 72 207.64470187677216 -4.607456071174951 -4.473855853999794
5 73 211.86661235783134 -4.612706209942502 -3.9777381123289786
5 74 215.60017810143012 -4.599097418979625 -3.4989702765227833
5 75 218.8645529108769 -4.568078969392985 -3.040977669493543
5 76 221.6821334404172 -4.5213092463964415 -2.6067969156596575
5 77 224.07814674219622 -4.460601549690239 -2.1990362086699236
5 78 226.08020585775705 -4.3878686114598935 -1.8198510504950889
5 79 227.7178488431864 -4.305069099990064 -1.4709347972330704
5 80 229.0220754522232 -4.214158759740968 -1.15352248265674
5 81 230.02489380849988 -4.117048084665711 -0.8684058107990182
5 82 230.75888707382123 -4.015567644812421 -0.6159569165532304
5 83 231.25680764160634 -3.911441476748621 -0.39615845391796256
5 84 231.55120398165715 -3.806268364177029 -0.20863772917088852
5 85 231.67408309994812 -3.7015104031004995 -0.052702888352655464
5 86 231.65660975836246 -3.598487966947147 0.07262046265329047
5 87 231.52884217464154 -3.4983800434177112 0.1685534267960236
5 88 231.31950290477042 -3.4022288763221127 0.2365295923694788
5 89 231.05578298990258 -3.310947872983917 0.2781628456959737
5 90 230.76317721337847 -3.225331780067549 0.29521726960879846
5 91 230.46534845068498 -3.1460681149899443 0.28957880857183227
5 92 230.1840195962348 -3.0737486494469834 0.2632280460862262
5 93 229.93889235851253 -3.008879183808105 0.21821326138180552
5 94 229.7475930734712 -2.951884648767077 0.15662330082550113
5 95 229.62564575686153 -2.903104504966194 0.08056168440154465
5 96 229.5864697046681 -2.8627710451758475 -0.007871376766118487
5 97 229.64138851039377 -2.830964201139196 -0.10657181692231177
5 98 229.79961333851273 -2.80755271739487 -0.21337019970100357
5 99 230.06812890979577 -2.792186553257679 -0.22586350732464666
5 100 230.25134035316202

6 0 -230.92744822974325
6 1 -230.7318831382299 3.4512472158240683 0.01669016488182251
6 2 -230.9608285595069 3.472561741686917 0.2827400122690449
6 3 -231.297363162768 3.5044027930395174 0.3863649703134229
6 4 -231.73355850013374 3.5466124253583047 0.48082088662430067
6 5 -232.2590049360166 3.598973550816993 0.5636403212454724
6 6 -232.86083914262468 3.6612030564453164 0.6323877001184144
6 7 -233.52378033625342 3.7329432942524647 0.6846688620976238
6 8 -234.23017686681993 3.813752049971484 0.7181424013282651
6 9 -234.96006513890995 3.903091156285413 0.7305331763006251
6 10 -235.69124321942118 4.000313996412217 0.7196483628621593
6 11 -236.39936186463427 4.1046522474646565 0.6833964208554022
6 12 -237.058036061132 4.215202341544227 0.6198093149648116
6 13 -237.6389804945639 4.3309122754533576 0.5270682701770966
6 14 -238.11217260148618 4.450569573388421 0.40353323988790635
6 15 -238.4460469743397 4.572791392656086 0.24777610824239105
6 16 -238.60772481797096 4.6960179460287605 0.05861742642554191
6 17 -238.5632818271908 4.818510574334951 -0.1648338133717857
6 18 -238.2780571912274 4.938355909901418 -0.423138235692889
6 19 -237.71700535580501 5.053477588786876 -0.7164832842764639
6 20 -236.84509062267446 5.16165685560928 -1.0446413758304942
6 21 -235.62772260414403 5.260563117368491 -1.4069313165458226
6 22 -234.03122798958282 5.347795008217659 -1.8021857495571396
6 23 -232.02335110502975 5.420931810896704 -2.22872773119704
6 24 -229.57377252718874 5.477594159506424 -2.684359643729124
6 25 -226.6546318175715 5.5155118829019045 -3.166367449146321
6 26 -223.2410376288961 5.532595748459471 -3.6715426990305673
6 27 -219.31154641951036 5.527008888364236 -4.196223710104434
6 28 -214.84859020868723 5.497233018055553 -4.736355932639725
6 29 -209.8388345542309 5.4421243650878495 -5.287569900330638
6 30 -204.27345040802595 5.360954640327307 -5.845273455049792
6 31 -198.14828764413133 5.253433429947236 -6.404753438239297
6 32 -191.46394353154736 5.119709971031881 -6.961280983720982
6 33 -184.22572567668936 4.960354182513726 -7.510214126755827
6 34 -176.4435152780357 4.77631876621119 -8.047091743536328
6 35 -168.1315421896167 4.568885869548282 -8.567713802626429
6 36 -159.30808767278285 4.3396029732023464 -9.06820437364425
6 37 -149.9951334423282 4.090213206881842 -9.545055552560257
6 38 -140.21797656766233 3.822585205855475 -9.995152167365717
6 39 -130.00482910759678 3.538647008621709 -10.41577860419519
6 40 -119.38641935927195 3.240327536067923 -10.80461020067672
6 41 -108.39560870624334 2.929508075289476 -11.159692335245786
6 42 -97.06703468878038 2.6079850850757254 -11.479410618270563
6 43 -85.43678746970221 2.2774446672026585 -11.762455534192767
6 44 -73.54212362039485 1.939448277458439 -12.007784589244292
6 45 -61.42121829121363 1.5954287043621775 -12.21458458448814
6 46 -49.11295445141857 1.2466950075183227 -12.382236143526363
6 47 -36.6567460041609 0.8944449449463363 -12.51028214173083
6 48 -24.092390167956907 0.5397833829986602 -12.59840124998879
6 49 -11.459943504183324 0.1837452262684991 -12.646387440768798
6 50 1.2003847135806907 -0.1726785140531728 -12.654136011280407
6 51 13.848328518377489 -0.5285128105407173 -12.621636449028713
6 52 26.443657611638116 -0.8827701024981707 -12.548972282565009
6 53 38.946273083507506 -1.2344223778471957 -12.436327903436705
6 54 51.31631341851153 -1.5823750735413924 -12.284002190880003
6 55 63.51427746526751 -1.9254440640022246 -12.09242859535923
6 56 75.50117060922999 -2.26233708004051 -11.862201119441295
6 57 87.2386797041501 -2.591640973889902 -11.594105358023555
6 58 98.6893813252771 -2.9118162873718134 -11.289153415450265
6 59 109.81698653505063 -3.2212005499530747 -10.948621106611022
6 60 120.58662353849914 -3.5180215865588025 -10.574085390104244
6 61 130.96515731525912 -3.8004218066207685 -10.16745951052178
6 62 140.9215425595427 -4.066493939483067 -9.73102290184687
6 63 150.42720311895286 -4.314327959875925 -9.267442603186467
6 64 159.45642776591563 -4.542068025760571 -8.77978285388535
6 65 167.98676882672356 -4.747977188261615 -8.271499760562193
6 66 175.99942728704002 -4.930506538568096 -7.746418537439723
6 67 183.479605901603 -5.088364484579273 -7.208691843063065
6 68 190.41681097316615 -5.220581183023484 -6.662739132810202
6 69 196.8050841672234 -5.326562966166165 -6.113168596954452
6 70 202.64314816707505 -5.406132019498855 -5.564684959514452
6 71 207.93445408625232 -5.459547615528237 -5.02198792413418
6 72 212.68712401534341 -5.48750679381854 -4.489667119164679
6 73 216.91378832458167 -5.491124285629752 -3.9720998231702964
6 74 220.631323661684 -5.471893422628185 -3.473357462386616
6 75 223.8605032493549 -5.431631443163397 -2.9971259148786658
6 76 226.62557549144134 -5.372413777906445 -2.546643204056352
6 77 228.9537896574676 -5.296502432984568 -2.124656463148156
6 78 230.87488841773765 -5.206273494601405 -1.7333983624135527
6 79 232.42058638229472 -5.104148163715692 -1.3745817309042394
6 80 233.62405187954613 -4.992530766922187 -1.049410016407009
6 81 234.51940641510873 -4.873756071461145 -0.7586005663721664
6 82 235.14125301229046 -4.750047127191792 -0.5024174598599984
6 83 235.52424133482873 -4.623483889659397 -0.2807107054303515
6 84 235.70267442315117 -4.495982116587172 -0.09295894751610945
6 85 235.71015922986095 -4.369281498016164 0.06168670275243926
6 86 235.5793010176463 -4.244941664474567 0.18435956065604842
6 87 235.34144010854885 -4.1243445812652055 0.2764362980667556
6 88 235.02642842151278 -4.008701831085588 0.33949872949679616
6 89 234.66244264955526 -3.8990653569608327 0.37529884154288595
6 90 234.275830738427 -3.796340324594695 0.3857270972366251
6 91 233.890988455082 -3.7012988041653045 0.3727837827458984
6 92 233.5302631729352 -3.6145928957536455 0.33855303831012407
6 93 233.21388237846176 -3.5367656632262765 0.2851793470698709
6 94 232.95990447879547 -3.4682577930335583 0.21484689239218824
6 95 232.78418859367738 -3.4094074948274766 0.12976373202062064
6 96 232.70037701475422 -3.3604417242256233 0.03215549116343652
6 97 232.7198776113505 -3.321460631429673 -0.07572353674927967
6 98 232.85182408825278 -3.2924280023818255 -0.19155481836483546
6 99 233.10298724808018 -3.2731989598297986 -0.21285881390446093
6 100 233.2775417160617

7 0 -234.62171158596695
7 1 -234.43758148078035 3.954516803300578 0.03393252375029476
7 2 -234.68957663346754 3.979342542543719 0.31148413282548404
7 3 -235.06054974643132 4.016442167323461 0.4264156189259438
7 4 -235.54240787131943 4.065647556953451 0.5319825985025943
7 5 -236.1245149434365 4.126726836911075 0.6256519442397916
7 6 -236.793711759799 4.199376199292061 0.7049139745639081
7 7 -237.53434289256433 4.283209719823773 0.7672902443664782
7 8 -238.32829224853197 4.377747251512346 0.8103432600594687
7 9 -239.15502941268326 4.482400536660663 0.831688563484164
7 10 -239.9916693755003 4.596457767098897 0.8290096604280137
7 11 -240.8130487335393 4.719066941700248 0.8000762901089615
7 12 -241.59182195571822 4.8492185243433426 0.7427665324196369
7 13 -242.29858179837856 4.985728096154276 0.6550932175819213
7 14 -242.90200839088206 5.127219921367441 0.5352350228438922
7 15 -243.36905184406635 5.272112599352312 0.38157249517543335
7 16 -243.66515338123293 5.418608241470324 0.19272900860862308
7 17 -243.7545098612836 5.564686865634869 -0.032383667815025774
7 18 -243.60038604560287 5.708107906937073 -0.29451596315909967
7 19 -243.1654779349654 5.846420849921913 -0.5940285948218218
7 20 -242.41232885595923 5.976986936405098 -0.9308401570871752
7 21 -241.30379762079104 6.097013625740644 -1.3043769337257345
7 22 -239.80357498850776 6.203602920503002 -1.713528371010554
7 23 -237.87674087876994 6.293813778641976 -2.156612236707005
7 24 -235.49035051509375 6.364737613612505 -2.631353821585634
7 25 -232.61403323559867 6.413584400107823 -3.13488346301628
7 26 -229.2205835890612 6.437775297432339 -3.663756051553719
7 27 -225.28652113249123 6.435036198755313 -4.213994943517378
7 28 -220.79259370202644 6.4034854946887805 -4.781160866878707
7 29 -215.72419939873382 6.341708893754458 -5.360444126842978
7 30 -210.07170544834048 6.2488145933645285 -5.94677597872257
7 31 -203.83064744128868 6.124463519396173 -6.534952823460529
7 32 -197.00179980141942 5.968871625164454 -7.119765297070472
7 33 -189.59111684714773 5.782784034170433 -7.6961236848383265
7 34 -181.60955243174277 5.567423662207531 -8.25917153203848
7 35 -173.07277378307077 5.324419381579986 -8.804380761372073
7 36 -164.00079090899862 5.055720418967752 -9.32762376218372
7 37 -154.41752625870333 4.763504328269391 -9.825220391240919
7 38 -144.3503501265168 4.450085583191182 -10.293960214077657
7 39 -133.82960583054802 4.117830793481261 -10.731102297405599
7 40 -122.88814553170559 3.76908505539334 -11.134356249565698
7 41 -111.56089333141662 3.406112300630525 -11.501848950957154
7 42 -99.88444762979128 3.031050954853683 -11.832081585768805
7 43 -87.89673015987901 2.645884919640622 -12.123881313900554
7 44 -75.63668500199017 2.252428927314881 -12.376351365057399
7 45 -63.144027429764215 1.852326692333218 -12.588822642933657
7 46 -50.45903971612286 1.4470599540823628 -12.760809213695286
7 47 -37.622409002373644 1.037966406935432 -12.891969400108525
7 48 -24.67510091590581 0.6262645700332818 -12.982073655683976
7 49 -11.658261691005691 0.21308379209630335 -13.030979967975664
7 50 1.386859020045522 -0.20050224239631675 -13.038617231217282
7 51 14.418972771428873 -0.6134399843221114 -13.004976816238202
7 52 27.396812652521927 -1.024659838406615 -12.930112422187134
7 53 40.27919761580314 -1.4330406546065362 -12.814148187799498
7 54 53.02510902812092 -1.8373762432493947 -12.657294935910954
7 55 65.59378748762505 -2.236345354813224 -12.459874289971374
7 56 77.94485760806367 -2.628486703358689 -12.2223502037344
7 57 90.03848789509385 -3.012180770226685 -11.945367157696332
7 58 101.83559192345633 -3.3856402601530533 -11.62979387873252
7 59 113.2980756525589 -3.746911141014344 -11.276770926208023
7 60 124.38913377587238 -4.093886115794035 -10.887759871610264
7 61 135.07359539577942 -4.424332080658402 -10.464591119124151
7 62 145.31831601412068 -4.735932551174727 -10.009506743925527
7 63 155.09260888363048 -5.026345145905822 -9.525194170579468
7 64 164.36870435527962 -5.293273000935599 -9.01480621262644
7 65 173.12222130888335 -5.534547511847364 -8.48196309628365
7 66 181.33263054784692 -5.748218202446935 -7.930732730282642
7 67 188.98368676944864 -5.932644024442851 -7.365586738315272
7 68 196.06380402447746 -6.0865792806202705 -6.791331619483088
7 69 202.56635000841482 -6.20924692496439 -6.2130166936687345
7 70 208.48983741181493 -6.300392449197531 -5.635822936236707
7 71 213.83799588088823 -6.360312992464756 -5.064939026297154
7 72 218.61971546440924 -6.389858584279509 -4.505432524101309
7 73 222.84886092909085 -6.390405223093239 -3.9621247411386236
7 74 226.5439649466865 -6.363802341134971 -3.4394774340564283
7 75 229.7278157972037 -6.312299629246155 -2.9414980247718034
7 76 232.4269609962301 -6.238459819375635 -2.471667905480828
7 77 234.67115160816536 -6.145064666944705 -2.0328959253648833
7 78 236.49275284695986 -6.035021073315917 -1.6274967812262133
7 79 237.9261451706178 -5.911273242371308 -1.2571920695538523
7 80 239.00713698606756 -5.776725266848331 -0.9231303904021928
7 81 239.77240595142217 -5.634176889426897 -0.6259221710686234
7 82 240.2589813282048 -5.486273627416651 -0.36568473475148267
7 83 240.50377542092514 -5.335471151942031 -0.1420934433133425
7 84 240.5431682148315 -5.184012850644251 0.04556466247234425
7 85 240.41264609598045 -5.033918884374756 0.19833756375994938
7 86 240.1464930873116 -4.886984732436986 0.3175573794042492
7 87 239.77753133717195 -4.744787141179785 0.40479326018500217
7 88 239.3369065669416 -4.608695472256358 0.46180881667385165
7 89 238.85391370382425 -4.479886617364286 0.49052435218686696
7 90 238.35585786256786 -4.359361841842784 0.4929838224043266
7 91 237.8679460590156 -4.247964087719865 0.4713262374128817
7 92 237.4132053877421 -4.146394372778602 0.42776118702525423
7 93 237.01242368496509 -4.055225967110502 0.36454836410189273
7 94 236.6841086595383 -3.9749150968095535 0.283981469224301
7 95 236.44446074651648 -3.9058072764401714 0.1883777532094797
7 96 236.30735315311935 -3.848139565123077 0.08007548663168507
7 97 236.2843097732531 -3.802041902764614 -0.03855809507851404
7 98 236.38446934327638 -3.7675455369182203 -0.16510852810112908
7 99 236.61452682945537 -3.7446105456592704 -0.1970403161598
7 100 236.77854997559598

8 0 -238.81184465419847
8 1 -238.64091674483106 4.44564160620159 0.0538344951979326
8 2 -238.91951364459433 4.474060638519944 0.3446653762919283
8 3 -239.33024749741492 4.516547260185874 0.47266998472315436
8 4 -239.86485361404064 4.572929535256705 0.5911055562119145
8 5 -240.51245860983875 4.642969267810557 0.6973689635840827
8 6 -241.2595915412088 4.726352488363162 0.7888705830311125
8 7 -242.09019977590097 4.822677522054221 0.863039914317909
8 8 -242.98567136984462 4.931440670567667 0.9173332181651546
8 9 -243.92486621223128 5.052019598868668 0.949243691887176
8 10 -244.88415875361898 5.183654609296113 0.9563147679017447
8 11 -245.83749574803477 5.3254281166810955 0.9361571780998474
8 12 -246.75647310981867 5.476242815987391 0.886470469418839
8 13 -247.61043668687245 5.634799264036431 0.8050696672011952
8 14 -248.36661244422106 5.79957388143346 0.6899177430859424
8 15 -248.99027217304433 5.968798716211069 0.5391644283452734
8 16 -249.4449413009116 6.140444684054501 0.3511916927080989
8 17 -249.69265555846053 6.312210385104848 0.12466585209496372
8 18 -249.69427300510154 6.481518950754349 -0.14140425140584512
8 19 -249.40984705564884 6.645525631592136 -0.44760425480843935
8 20 -248.79906449548466 6.801138914838361 -0.794048600011763
8 21 -247.8217498556253 6.945057754916533 -1.1803153324479183
8 22 -246.43843383058882 7.073826908707218 -1.6053855966558075
8 23 -244.6109786623137 7.183911299663535 -2.067593038087537
8 24 -242.30324775441375 7.271788754243843 -2.5645890222632772
8 25 -239.48180061778714 7.334058409969273 -3.0933297653264873
8 26 -236.11658822376077 7.367559760073377 -3.650090900383077
8 27 -232.181618817021 7.369494988262389 -4.230513512847992
8 28 -227.6555611980648 7.337545390573908 -4.82968323764058
8 29 -222.52225234173983 7.269971757997766 -5.44224080165489
8 30 -216.771079594755 7.165689005090314 -6.062518829408077
8 31 -210.39721468292367 7.024307256359748 -6.684696406439372
8 32 -203.40168678187626 6.8461348893671214 -7.302960468946722
8 33 -195.79129374503023 6.632143173391782 -7.911662089712749
8 34 -187.57836260245077 6.383896382074113 -8.505456396126775
8 35 -178.78038095277668 6.1034548091948295 -9.079417045866208
8 36 -169.41952851071835 5.793260382594866 -9.629119426954844
8 37 -159.522142098867 5.456015298157382 -10.150690388336827
8 38 -149.1181477340447 5.094563391551432 -10.640825702153847
8 39 -138.2404906945593 4.711782204781684 -11.096779131993031
8 40 -126.92458947005863 4.310491379443832 -11.516328693527456
8 41 -115.20783330750439 3.8933805877883714 -11.897726435785444
8 42 -103.12913659848775 3.462958050490606 -12.239637999260466
8 43 -90.72855730898345 3.0215189923333483 -12.54107756173157
8 44 -78.04698147502461 2.571132222685094 -12.801342816551696
8 45 -65.12587167588006 2.1136423642455533 -13.019953557720658
8 46 -52.00707435958329 1.6506849990162635 -13.196596428924149
8 47 -38.732678818031765 1.1837120392748375 -13.33107752577991
8 48 -25.34491930802347 0.7140248496100732 -13.423283864827917
8 49 -11.88611108837593 0.24281294590980718 -13.473154253198398
8 50 1.6013891983733242 -0.22880359767336933 -13.480659787698821
8 51 15.075208487021712 -0.6997296468077341 -13.445794045039012
8 52 28.492977288451346 -1.1688498517220491 -13.368572952849433
8 53 41.81235439272058 -1.6349842127423848 -13.249044308279485
8 54 54.991065905010316 -2.0968457834014593 -13.08730689108669
8 55 67.98696817489396 -2.553002074544956 -12.883539055468525
8 56 80.75814401594737 -3.0018419547092066 -12.638036534854756
8 57 93.26304124460347 -3.441550125537205 -12.351258914817919
8 58 105.4606618455832 -3.870091535040281 -12.023883786237924
8 59 117.31080881707932 -4.285208305096852 -11.656866962252003
8 60 128.7743957700872 -4.684431801695382 -11.251506329748302
8 61 139.81382147657592 -5.065112260692004 -10.809505945902472
8 62 150.39340766189216 -5.424467788634743 -10.33303596709429
8 63 160.4798934107645 -5.759653496488568 -9.824783052947339
8 64 170.04297376778683 -6.067849953303366 -9.287985219826894
8 65 179.0558638504183 -6.346368115042992 -8.72644496207353
8 66 187.4958636919339 -6.592765562664297 -8.14451505003521
8 67 195.3448939504887 -6.804966584960539 -7.5470529212364
8 68 202.5899695344067 -6.9813767966768125 -6.939342033331741
8 69 209.2235780171522 -7.12098206842299 -6.326981765531713
8 70 215.24393306547012 -7.223421963035534 -5.715751027014818
8 71 220.65508007118183 -7.289029803051562 -5.1114540592161575
8 72 225.46684118390243 -7.318834781524032 -4.519759349793162
8 73 229.69459877076815 -7.314525666012173 -3.9460435800257585
8 74 233.35892834395395 -7.278379880747366 -3.395251868539532
8 75 236.48510250784722 -7.213165296901522 -2.8717833931193297
8 76 239.1024951301926 -7.122024320067922 -2.379408241754902
8 77 241.24391899135702 -7.00835058384159 -1.9212177170884388
8 78 242.94493056436949 -6.875667846698249 -1.4996069378401558
8 79 244.24313286703733 -6.727518920928574 -1.116285924436653
8 80 245.1775024132428 -6.567370129155904 -0.7723136634625973
8 81 245.78776019396253 -6.398534354953313 -0.4681489269404864
8 82 246.11380026712376 -6.224113583977072 -0.20371172237513235
8 83 246.1951836387128 -6.046960127560567 0.021550071342048227
8 84 246.07070012443967 -5.869654551909264 0.2085933200511647
8 85 245.77799699861046 -5.694497671997624 0.35871482095970464
8 86 245.35327048252026 -5.523513719834284 0.47349130385102
8 87 244.83101439090842 -5.358461848442559 0.5547255582473838
8 88 244.2438193660255 -5.2008533740149545 0.6043992533122946
8 89 243.62221588428383 -5.051972493793414 0.6246324719564598
8 90 242.99455442211257 -4.912898573578019 0.6176496268810467
8 91 242.38691663052174 -4.784528429158684 0.5857512518100805
8 92 241.8230519184924 -4.667597312624039 0.5312911589194869
8 93 241.32433431268277 -4.562697579293783 0.45665862303891913
8 94 240.90973467241457 -4.470294335017925 0.36426558306251877
8 95 240.59580314655773 -4.390737908779883 0.2565392637070971
8 96 240.39665614500038 -4.324273989161043 0.1359208648389938
8 97 240.32396141687974 -4.271053835683617 0.004870491455577053
8 98 240.38691516208922 -4.23114866900255 -0.1341234612594917
8 99 240.59220833939872 -4.204572272106162 -0.17847350203335566
8 100 240.74386216615594

9 0 -243.48478089994975
9 1 -243.32886469318353 4.922839301496026 0.07645850527883624
9 2 -243.63769791050743 4.954932379836023 0.38238978680976743
9 3 -244.09364426680307 5.002933220015734 0.5252845156627046
9 4 -244.68826694183284 5.06667340856437 0.6584046061272772
9 5 -245.41045347905762 5.145918247669627 0.7790748973462485
9 6 -246.24641673652533 5.240355913513653 0.8846222288075722
9 7 -247.17969793667277 5.34958374883287 0.9723784265709838
9 8 -248.1911735896673 5.473091648158714 1.0396853368739158
9 9 -249.2590686104206 5.610242543761856 1.0839025022126094
9 10 -250.35897859409252 5.7602500877488865 1.1024181782404412
9 11 -251.46390496690148 5.922153761694403 1.0926644968002392
9 12 -252.544307587693 6.094791841117967 1.0521376797749724
9 13 -253.56818032645143 6.276772909209768 0.9784242830279908
9 14 -254.50115615374898 6.466446961299113 0.8692344750185299
9 15 -255.30664927648849 6.661877571884531 0.7224432977964739
9 16 -255.94604274934193 6.86081710259613 0.5361406775024022
9 17 -256.3789306314933 7.060687488827185 0.308690598884823
9 18 -256.5634239471116 7.258569707915996 0.038799283328188494
9 19 -256.45652919814967 7.451205524810447 -0.27440863073780974
9 20 -256.01460668563595 7.635015418507933 -0.6313080337627781
9 21 -255.1939131306241 7.806136565883534 -1.0316889398568776
9 22 -253.9512288059222 7.9604842274601 -1.474674826263552
9 23 -252.244563478097 8.093838675601233 -1.95865039117038
9 24 -250.03392802358144 8.20195781466839 -2.4812067112798957
9 25 -247.28215005553722 8.280712866152783 -3.0391124571867465
9 26 -243.95570310920795 8.326241116860885 -3.6283194732606034
9 27 -240.025511109016 8.335106178254222 -4.244009313016846
9 28 -235.46768448317425 8.304453134334068 -4.88068409714333
9 29 -230.26414291472935 8.232144153268536 -5.532300512326572
9 30 -224.4030834585211 8.11686032943696 -6.192440480360588
9 31 -217.87926195400817 7.958158104250828 -6.854506939183722
9 32 -210.69406958015367 7.75647342161605 -7.511929380038438
9 33 -202.8554031939313 7.513073010914766 -8.158362192131335
9 34 -194.377345195891 7.229958604601862 -8.787859896235432
9 35 -185.27968340146043 6.909735166265705 -9.39501676085132
9 36 -175.58731167418836 6.555457361087946 -9.975063273221167
9 37 -165.3295568550181 6.1704691968812995 -10.523917382284353
9 38 -154.53947690961965 5.758250278004866 -11.038193307453355
9 39 -143.2531702401114 5.322279143218481 -11.515174309513199
9 40 -131.50912829059325 4.865920534056087 -11.952757866559011
9 41 -119.34765450699336 4.3923398920374055 -12.34938227991038
9 42 -106.8103637307725 3.9044454069169916 -12.703943181223828
9 43 -93.93976814454571 3.4048557718673464 -13.015707141706066
9 44 -80.77894944736036 2.8958904702298014 -13.284227993145194
9 45 -67.37131215825532 2.379578809596538 -13.509269866602487
9 46 -53.76040971415539 1.8576838543873428 -13.690739538666001
9 47 -39.98983308092332 1.3317376985091194 -13.828629549514716
9 48 -26.103150615125955 0.8030849973755796 -13.922972749049006
9 49 -12.143887582825306 0.27293221148121294 -13.973808415259107
9 50 1.8444662153922606 -0.25759949271111426 -13.981159823934824
9 51 15.818432065044341 -0.7874193467031176 -13.945023070286883
9 52 29.734512355966025 -1.3154114971957487 -13.865366988121785
9 53 43.54916604128791 -1.8403802486386844 -13.742144119478908
9 54 57.21880059492384 -2.360997409053276 -13.575312797713526
9 55 70.69979163671496 -2.8757533390882983 -13.364870461279121
9 56 83.94854151748208 -3.382913663265704 -13.11089825472665
9 57 96.92158814616826 -3.8804840627033244 -12.813616738027406
9 58 109.5757749935369 -4.366186072008034 -12.473452058292168
9 59 121.8684922627526 -4.837447262063783 -12.091111192863124
9 60 133.75799737926314 -5.291409483691254 -11.667663827205416
9 61 145.20381991716343 -5.724958820179012 -11.204627106063512
9 62 156.16725159139017 -6.134780373508974 -10.704047979722091
9 63 166.6119158766076 -6.517439819672731 -10.16857633524809
9 64 176.50440426188635 -6.86949169543891 -9.601520831180864
9 65 185.81495753896934 -7.18761162171792 -9.006878705644581
9 66 194.5181616731755 -7.468746313030493 -8.38933120020019
9 67 202.59361993936972 -7.7102716906691455 -7.754197972327788
9 68 210.0265576178311 -7.910146362188286 -7.107347102945539
9 69 216.8083141452608 -8.067045940151871 -6.455061860027456
9 70 222.936681337886 -8.180463873014176 -5.80387067086528
9 71 228.41605548699135 -8.250767046753083 -5.160351844785652
9 72 233.2573850274573 -8.279199223137653 -4.53092838706192
9 73 237.4779122611152 -8.267831613610298 -3.9216698403619574
9 74 241.10072470818122 -8.21946629540534 -3.338117064945777
9 75 244.15414639100675 -8.137503437134654 -2.7851424640923597
9 76 246.67100963636594 -8.025786448295719 -2.2668531924208963
9 77 248.68785277584854 -7.888439854230228 -1.7865394519952105
9 78 250.24408854035636 -7.729713202662339 -1.3466651183131972
9 79 251.38118301247493 -7.553841326494165 -0.9488943520115072
9 80 252.14187724437937 -7.364927651780107 -0.5941458244269313
9 81 252.5694746613288 -7.166853679008057 -0.28266562588979127
9 82 252.70720849615896 -6.9632147761026175 -0.014110507358736868
9 83 252.59769567604627 -6.757280241288058 0.21236558875446576
9 84 252.28247731865002 -6.5519742495965545 0.39802711803528723
9 85 251.8016414399757 -6.349873677639394 0.5444783958349291
9 86 251.19352052698017 -6.1532187318370575 0.6535932029593141
9 87 250.49445503405707 -5.963932600004142 0.7274536060043317
9 88 249.7386133149715 -5.783646842197896 0.7682981713229964
9 89 248.95785869141108 -5.6137298089749095 0.7784791526238024
9 90 248.1816550097239 -5.455315939399071 0.7604278870390573
9 91 247.43700291733296 -5.309334301347931 0.7166274983668615
9 92 246.74840001299017 -5.176535182005935 0.6495920368901551
9 93 246.13781884355265 -5.05751393984994 0.5618513417080067
9 94 245.62469732957416 -4.9527317468652825 0.4559411397382007
9 95 245.22593656407625 -4.862533360165244 0.3343980990663624
9 96 244.95590113144144 -4.787162724584675 0.19975955972795134
9 97 244.82641744462035 -4.726777948019858 0.05456722507997824
9 98 244.84676668128148 -4.681467608257336 -0.09862696452367459
9 99 245.0236713736677 -4.651269594686525 -0.1571851156211892
9 100 245.16113691252386

10 0 -248.62564993799288
10 1 -248.4865953478231 5.384281510919948 0.10186423313675164
10 2 -248.82937840426638 5.420123197788442 0.4247592948116363
10 3 -249.33611393744638 5.473756950973325 0.5844110134515006
10 4 -249.99820043116938 5.545026169802171 0.7340905838658074
10 5 -250.804295105178 5.633710816436903 0.8710514685333663
10 6 -251.7403033682361 5.739515313456778 0.9925360841943558
10 7 -252.7893672735667 5.862053108331963 1.0957756489629702
10 8 -253.93185466616205 6.000827761170342 1.1779920130941406
10 9 -255.145351299755 6.1552104428158 1.2364021314773481
10 10 -256.40465892911675 6.324413803076922 1.2682259858342917
10 11 -257.6818032714236 6.5074622980428245 1.270698931468928
10 12 -258.9460567920546 6.703159268187889 1.2410896169342038
10 13 -260.163982505292 6.910051354121109 1.1767247873823408
10 14 -261.2995063668193 7.126391243038938 1.0750224057607056
10 15 -262.3140273168134 7.350100270978743 0.9335345696422905
10 16 -263.16657550610387 7.578733068873959 0.7500016096507522
10 17 -263.8140305361149 7.809447220773421 0.5224184574148296
10 18 -264.2114124209335 8.038981757049129 0.24911378457741762
10 19 -264.31225810526973 8.263649147150517 -0.0711585442165017
10 20 -264.0690953325005 8.479346142237944 -0.4391175589386762
10 21 -263.4340229873924 8.681589140781611 -0.8548465234957519
10 22 -262.359402285509 8.865579445194953 -1.3176834869381082
10 23 -260.79865601351617 9.026302552383555 -1.826119450879247
10 24 -258.7071633837505 9.158663219811274 -2.377714831711728
10 25 -256.0432263500927 9.257654354136235 -2.969046463133992
10 26 -252.76907045748254 9.318552932411507 -3.595697588281638
10 27 -248.85183117352943 9.337130724845878 -4.252301495374809
10 28 -244.26446746673292 9.309862515438098 -4.9326452626262665
10 29 -238.9865406482769 9.234111111214418 -5.629833606551998
10 30 -233.00480025362893 9.108268005129162 -6.336504878425785
10 31 -226.31353089142533 8.93183195705106 -7.045083314260282
10 32 -218.91463362510837 8.705414878482458 -7.748045562282783
10 33 -210.81743976685976 8.430673989580285 -8.438176906726937
10 34 -202.0382798116545 8.110179125280794 -9.108794240775836
10 35 -192.5998512853081 7.747232018881277 -9.753918289380124
10 36 -182.53044323289424 7.345658783816958 -10.36838539633925
10 37 -171.8630804926296 6.9095972024582295 -10.947897471419907
10 38 -160.63464829005443 6.443297467734993 -11.489015755816666
10 39 -148.88504898099626 5.950950011330079 -11.98910887594181
10 40 -136.6564305381708 5.436548400907483 -12.44626794470853
10 41 -123.9925130915792 4.903790118978563 -12.85920156292454
10 42 -110.93802741232173 4.356014009663319 -13.227122119430526
10 43 -97.53826885271815 3.79617052036037 -13.54963249841876
10 44 -83.83876241548421 3.2268194802458083 -13.826619778822504
10 45 -69.88502929507314 2.6501497814349406 -14.058160173563117
10 46 -55.72244206835798 2.0680156430955137 -14.244437540011567
10 47 -41.396154215050004 1.4819848483494553 -14.385676382791674
10 48 -26.95108930277463 0.8933952126522247 -14.482089351855823
10 49 -12.431975511338356 0.3034164026317727 -14.533838743285092
10 50 2.1165881837955527 -0.2868850317611569 -14.541011345883152
10 51 16.650047180427947 -0.8764789838506637 -14.503606049523645
10 52 31.123800282842844 -1.4643046931227168 -14.421533854785
10 53 45.49311488999795 -2.0492043112502607 -14.294630220137012
10 54 59.71306072311687 -2.62985831365393 -14.122679981536304
10 55 73.73847485307056 -3.2047242552626685 -13.905455309680953
10 56 87.52397134247877 -3.7719808907442385 -13.642767258469782
10 57 101.02400937001012 -4.329480374647929 -13.334531323560249
10 58 114.19303398959927 -4.874712066871631 -12.980846985598383
10 59 126.98570334120689 -5.40478229452647 -12.582090373935223
10 60 139.35721473746972 -5.916415110003527 -12.139017887863531
10 61 151.26373911693395 -6.405979422880748 -11.652876835720193
10 62 162.6629684089101 -6.869547600592199 -11.125516966588009
10 63 173.51477305010997 -7.302989433743647 -10.559494374877275
10 64 183.78195715866465 -7.702102988411767 -9.958157021872083
10 65 193.43108709385413 -8.062780200973904 -9.325699579665113
10 66 202.43335631799488 -8.381200260547814 -8.667175118986435
10 67 210.765437331827 -8.654038407466189 -7.988452970394192
10 68 218.41026225878326 -8.878672724483124 -7.296116282814467
10 69 225.35766989745593 -9.053368108212226 -6.597299276357603
10 70 231.60486081149847 -9.177416193380793 -5.89947213361603
10 71 237.156614164688 -9.251213406365764 -5.210189409339634
10 72 242.02523963017774 -9.276266444142195 -4.536823916650377
10 73 246.23026199798875 -9.255124051112517 -3.886310652293446
10 74 249.79786093476463 -9.191243864628333 -3.2649236920638884
10 75 252.76010938211653 -9.088811040216171 -2.6781035460097087
10 76 255.15406802678405 -8.952529748423288 -2.1303446588504755
10 77 257.0207986998175 -8.787409012137473 -1.6251444714550587
10 78 258.40435696969416 -8.598561378996834 -1.1650084101040932
10 79 259.35081552002566 -8.391027899213555 -0.7515003735544212
10 80 259.907357716803 -8.169637213610173 -0.38532601597648863
10 81 260.12146755197864 -7.938901369797776 -0.0664360512629969
10 82 260.040229819329 -7.7029469381276385 0.20586171534486652
10 83 259.7097441212889 -7.46547731739966 0.43279059784811125
10 84 259.1746486236328 -7.229760711616876 0.6159998836998284
10 85 258.47774435388925 -6.998637860361612 0.7574703387192017
10 86 257.6597079461944 -6.77454390147345 0.8594323814862719
10 87 256.7588795909167 -6.559539445008738 0.9242974478865449
10 88 255.81111305042128 -6.355346813165127 0.9546020443415273
10 89 254.84967550223365 -6.163388294200942 0.952963374755285
10 90 253.9051863009107 -5.984824076105639 0.9220451345080249
10 91 253.0055852332176 -5.8205882264161914 0.8645320092032165
10 92 252.17612228250428 -5.6714216654327885 0.7831115204174779
10 93 251.43936219238265 -5.537901565911611 0.6804620581795717
10 94 250.81519816614514 -5.420467043845704 0.5592461627472147
10 95 250.32086986688822 -5.319441421153485 0.42210828598770433
10 96 249.97098159416973 -5.235051745836401 0.2716762769843797
10 97 249.77751731291946 -5.167446563751355 0.11056560778291669
10 98 249.7498503786039 -5.116712926641739 -0.058615107926158316
10 99 249.89474752877177 -5.08289298595065 -0.13318066403203943
10 100 250.01621170666797

11 0 -254.21773487490736
11 1 -254.09742771502343 5.8280967026221475 0.13010471558847314
11 2 -254.4779443060843 5.867749906872973 0.47186522686314447
11 3 -255.04115816874972 5.927118476187246 0.6501874876764333
11 4 -255.77831928143718 6.006066794108676 0.8183584715908552
11 5 -256.6778751119314 6.104401913023466 0.9735640410008557
11 6 -257.7254473634389 6.22186034040179 1.1129645207026329
11 7 -258.9038041533367 6.3580910256179095 1.233690874284548
11 8 -260.192829112008 6.512634271424275 1.3328426713577528
11 9 -261.5694894960522 6.684896294249725 1.4074885441191896
11 10 -263.00780620024636 6.874119200947689 1.4546700334674654
11 11 -264.47882956298713 7.079346254885678 1.4714099619112062
11 12 -265.9506261240688 7.299382494871509 1.4547267358532565
11 13 -267.38828303469364 7.532751074831424 1.40165625787904
11 14 -268.75393863982686 7.777646142467432 1.3092833918761642
11 15 -270.00684981844597 8.031883703566194 1.1747851236314943
11 16 -271.10350888708984 8.292852750945144 0.9954876272970807
11 17 -271.99782507304013 8.55746998134262 0.7689392870599931
11 18 -272.64138746120983 8.822142653725649 0.4930012097052838
11 19 -272.9838274924507 9.082745475737056 0.16595575445100508
11 20 -272.97329897011184 9.334618675937236 -0.21336804013168376
11 21 -272.55709141218733 9.57259535634347 -0.6454556368998681
11 22 -271.6823876963121 9.791066434466842 -1.129961414661608
11 23 -270.2971685828641 9.984090494448878 -1.6655666165540595
11 24 -268.351254463204 10.145553173886526 -2.2498549095272153
11 25 -265.7974587638097 10.269375951720576 -2.8792227445865137
11 26 -262.59280897403096 10.349767367464977 -3.5488431025509612
11 27 -258.69977255870776 10.381501400655395 -4.252699729990255
11 28 -254.08740951405045 10.360199368444029 -4.98370371077479
11 29 -248.73236513715818 10.282585378864496 -5.733895022635508
11 30 -242.61961946877943 10.146683488939644 -6.494719634523946
11 31 -235.7429258681103 9.951929034461159 -7.257360065830426
11 32 -228.10489933711858 9.699177288941328 -8.013087347509213
11 33 -219.71675117309186 9.390607669019289 -8.753597945332999
11 34 -210.59770344645258 9.029537382724584 -9.47130186693444
11 35 -200.774147439223 8.620170650235877 -10.159537102315156
11 36 -190.27862924182227 8.16731569918447 -10.812698089644215
11 37 -179.14875125993456 7.676101164047623 -11.426278698366318
11 38 -167.42607184508964 7.151717779276169 -11.996840498581506
11 39 -155.15507026277155 6.599202796127486 -12.521923376340709
11 40 -142.38222509240822 6.023275757506809 -12.999917758910527
11 41 -129.1552347449505 5.42822681406188 -13.429916671154544
11 42 -115.52239175009913 4.817853466362038 -13.81156277984202
11 43 -101.53210918526645 4.1954385597655275 -14.144901671123577
11 44 -87.23258840785198 3.563761185164239 -14.430248732070623
11 45 -72.6716117211252 2.92513231388682 -14.668073703752782
11 46 -57.896441000346414 2.281447983661039 -14.858904471751487
11 47 -42.95380277762223 1.6342542165336695 -15.003249979958005
11 48 -27.889941040430404 0.984819277050546 -15.101541194766689
11 49 -12.750720388088851 0.3342101740993515 -15.154088659672489
11 50 2.4182362789145744 -0.31662863398896435 -15.16105521041726
11 51 17.57139003274567 -0.96679560186214 -15.122442731648443
11 52 32.66312174221146 -1.615352329361336 -15.038092315521382
11 53 47.64757466378843 -2.26124429847755 -14.907697740010121
11 54 62.4785172222317 -2.903222880576429 -14.730832741725933
11 55 77.1092401472403 -3.539769805127193 -14.50699303836943
11 56 91.49250329897056 -4.169025996855098 -14.23565437411191
11 57 105.58054889546412 -4.788727676644079 -13.916347914154798
11 58 119.32519912728016 -5.396153836727628 -13.548753978170708
11 59 132.67805685180554 -5.9880905452089905 -13.13281423599502
11 60 145.5908275992702 -6.560818832807442 -12.668860955559694
11 61 158.01577876292492 -7.110133886929361 -12.157759596652184
11 62 169.90634679257457 -7.6314035319407765 -11.60105799058499
11 63 181.2178947440949 -8.119673024843124 -11.001131723067658
11 64 191.90861023870988 -8.569820541671845 -10.36131159841112
11 65 201.94051794091715 -8.976763006124202 -9.685975977780629
11 66 211.28056219427114 -9.335705111830833 -8.980589406692474
11 67 219.9016967543021 -9.642416120067494 -8.251670436263097
11 68 227.78390306679734 -9.893510671120282 -7.506676803691576
11 69 234.91505036168525 -10.086703548456654 -6.753805328925125
11 70 241.2915137246476 -10.221006460141169 -6.001715969018818
11 71 246.91848229972288 -10.296839224369165 -5.259202095547053
11 72 251.8099179157417 -10.316038432672997 -4.534839031808673
11 73 255.98816036334023 -10.281761713093005 -3.836647260848096
11 74 259.4832124374379 -10.198301379620546 -3.1718040540494314
11 75 262.3317684714391 -10.070833471515243 -2.546428347887314
11 76 264.5760691332125 -9.905134243940978 -1.9654511643421984
11 77 266.2626708001235 -9.707295586150678 -1.4325710825687565
11 78 267.44121129835 -9.483465091596742 -0.9502840053892783
11 79 268.16323881090204 -9.239628031498853 -0.5199701866248461
11 80 268.4811516715997 -8.981439671284562 -0.14201929501115274
11 81 268.44727740092435 -8.714108897011926 0.18402464959274312
11 82 268.11310237241423 -8.44232879370955 0.4593135450393788
11 83 267.5286503108456 -8.170246727267056 0.685551815265228
11 84 266.7419987418838 -7.901465271839498 0.8648665750733358
11 85 265.7989171606989 -7.639065461575939 0.9996952059783553
11 86 264.74260832992707 -7.385644797399436 1.0926916183121875
11 87 263.61353392407455 -7.143363773802889 1.1466506943126547
11 88 262.44930694130176 -6.913996103292817 1.1644493221307926
11 89 261.28463527981296 -6.698979123380099 1.1490018896832908
11 90 260.1513031619352 -6.499461983345043 1.103227954823808
11 91 259.07817937016534 -6.316350101443348 1.0300299090397118
11 92 258.09124334385575 -6.150345074551396 0.9322786973947359
11 93 257.2136219753759 -6.001979749473378 0.8128059632950908
11 94 256.46563141726557 -5.871648571505432 0.6744012844963265
11 95 255.86481940638322 -5.759633643671847 0.5198133970756658
11 96 255.42600462311424 -5.666127161573016 0.35175441713008126
11 97 255.16131057212306 -5.591250987631483 0.17290604427464018
11 98 255.08019253456496 -5.535074000510875 -0.014073386722969872
11 99 255.189457345569 -5.497627417134495 -0.10645728568916013
11 100 255.29310710594328

12 0 -260.2424341758029
12 1 -260.1427887530674 6.252375924540573 0.16122202110472017
12 2 -260.5648782180123 6.295885896611267 0.523781068376735
12 3 -261.1903508898209 6.36106526666741 0.7227279006872038
12 4 -262.01033401938673 6.447809321991599 0.9113740207020271
12 5 -263.01309893122493 6.555965747079711 1.0868450148264799
12 6 -264.1840240490397 6.685320551003031 1.2462251967887994
12 7 -265.50554932480253 6.835579760060824 1.3865495799854557
12 8 -266.9571232090106 7.006346438151866 1.5047972817259563
12 9 -268.51514388825444 7.197092552889529 1.5978870610007618
12 10 -270.1528973310121 7.407125201216559 1.6626759464702445
12 11 -271.84049578119493 7.6355467660432055 1.6959622253927478
12 12 -273.5448217817976 7.881208725309193 1.6944944368799497
12 13 -275.22948465495483 8.142659116313183 1.6549884349782644
12 14 -276.85479865175415 8.418084120099138 1.574155034495476
12 15 -278.3777947239458 8.705244929458473 1.4487411781200024
12 16 -279.75228100799416 9.001412057267771 1.2755878874271787
12 17 -280.92897049880014 9.303300575762705 1.0517083601953345
12 18 -281.8556977283848 9.60701146536121 0.774389278971853
12 19 -282.47774905674385 9.907986241125315 0.44131747799508503
12 20 -282.738332684375 10.20098415219718 0.05073232166773778
12 21 -282.5792137000793 10.480093188141268 -0.3983987649661458
12 22 -281.9415351544427 10.73878734270059 -0.9061883488326998
12 23 -280.7668370024139 10.97004233129374 -1.4716327114595629
12 24 -278.9982697315236 11.166519340285959 -2.09242937444003
12 25 -276.58197825353386 11.320820566644215 -2.7648322695555407
12 26 -273.4686051924125 11.42581086973101 -3.483572139346819
12 27 -269.6148339748402 11.474987302916958 -4.241869494395758
12 28 -264.984866203621 11.462864507648945 -5.031561284417165
12 29 -259.5517114060059 11.385332338680058 -5.843349486056383
12 30 -253.29816723150822 11.239936964228832 -6.667161222829122
12 31 -246.21738896034765 11.026041750268192 -7.492589514258597
12 32 -238.31298820299102 10.744840495335723 -8.309366927724653
12 33 -229.59865510489834 10.39921986002743 -9.107816812943682
12 34 -220.09735457710366 9.993493342426234 -9.879231259559248
12 35 -209.84019258577985 9.533048375126938 -10.616139972920237
12 36 -198.86507463126318 9.023956354394102 -11.312454882527504
12 37 -187.21528282072484 8.472592403247589 -11.963495391328209
12 38 -174.93808384860677 7.885300710039033 -12.565914123736803
12 39 -162.08345457325123 7.268126997993122 -13.117550897711169
12 40 -148.70298205318443 6.626626065085404 -13.617243926774137
12 41 -134.84896671970296 5.965741796778886 -14.06462385406931
12 42 -120.5737343450458 5.28975039826431 -14.459910373726878
12 43 -105.9291459722492 4.602254491971387 -14.803724779616559
12 44 -90.96628478581269 3.9062153007978537 -15.096926024701212
12 45 -75.73529392284678 3.204011398299258 -15.340473375066317
12 46 -60.285338035680056 2.4975146073073056 -15.535315637364718
12 47 -44.66466264811734 1.7881759580736691 -15.682305089402167
12 48 -28.920727856875722 1.0771167979694898 -15.782133394290142
12 49 -13.100395859537059 0.36522198067035205 -15.835286654324602
12 50 2.7498454517734814 -0.3467665215295681 -15.842017121844643
12 51 18.583638384152227 -1.0581562502438633 -15.802329744896017
12 52 34.354504941565516 -1.7682112238995273 -15.71598255140041
12 53 50.01560348695305 -2.476059115917394 -15.582500771352105
12 54 65.51950648426973 -3.1805987013056196 -15.401205488185948
12 55 80.81801446332494 -3.8804081648401834 -15.171258425959621
12 56 95.86202333618897 -4.573655790606146 -14.891725129986668
12 57 110.60146472329828 -5.258015879693417 -14.561659163432779
12 58 124.98534166305453 -5.930594460157614 -14.180209854163294
12 59 138.96188443162487 -6.587871391947402 -13.746755370015038
12 60 152.4788524030846 -7.225667654841217 -13.261061229583902
12 61 165.48400689079267 -7.839148606350378 -12.723461534853527
12 62 177.92577547279166 -8.42287527184422 -12.135056104501771
12 63 189.7541190997962 -8.970915530307764 -11.497911384608344
12 64 200.92159824200834 -9.477024492310576 -10.81524700315316
12 65 211.38461310610253 -9.934897595089964 -10.0915841498241
12 66 221.10476654165655 -10.338490547061198 -9.332828232929728
12 67 230.050269571962 -10.682387740463312 -8.54625852968364
12 68 238.19728360102383 -10.962187001222247 -7.740403711203626
12 69 245.53107699436924 -11.174856959192766 -6.92479506537849
12 70 252.0468737317808 -11.319018214660758 -6.109607809528541
12 71 257.7502926134263 -11.395104547312542 -5.305221381871462
12 72 262.65731649552373 -11.40537666284986 -4.521746405374216
12 73 266.79378542417476 -11.353785231586954 -3.7685735992409946
12 74 270.1944636940057 -11.245705456812772 -3.053995450486127
12 75 272.901776325147 -11.087584612313861 -2.384936410330141
12 76 274.964336514666 -10.886552205164605 -1.7668067734859108
12 77 276.43538987211883 -10.650039398008857 -1.2034753191108223
12 78 277.37128715288765 -10.385443354181177 -0.6973408554522678
12 79 277.83007158302337 -10.099857870931345 -0.24947495324224178
12 80 277.87023705937213 -9.799878032864598 0.1401931185104388
12 81 277.5496853460025 -9.491476056137486 0.47267482631201574
12 82 276.9248874067481 -9.179938804352986 0.7497238850897361
12 83 276.050237575823 -8.869854313372656 0.9736541197181623
12 84 274.9775791673118 -8.565134185866555 1.1471811493909456
12 85 273.7558752770411 -8.269059919841254 1.2732908131592637
12 86 272.43099754099325 -7.984343275164861 1.3551340692593214
12 87 271.0456071385225 -7.7131930533904836 1.3959461419931642
12 88 269.6391052570069 -7.457382798906167 1.398986694764318
12 89 268.24763374899385 -7.218315739532102 1.3674974947030591
12 90 266.9041102676008 -6.997084715051329 1.3046741564447757
12 91 265.6382854361043 -6.794525911227112 1.2136489179968635
12 92 264.4768124316071 -6.6112659803343945 1.0974818723874478
12 93 263.4433216913294 -6.447762654366983 0.9591585612255358
12 94 262.558495309156 -6.304339305761317 0.8015922685487453
12 95 261.8401371542319 -6.18121412749025 0.6276296959201204
12 96 261.30323591731576 -6.078524708973447 0.4400589330247442
12 97 260.9600192881824 -5.996348767611721 0.24161876884505773
12 98 260.81999837962564 -5.934721633018 0.035008462570829124
12 99 260.89000236304076 -5.893650768329707 -0.07701337427013755
12 100 260.9740251281659

13 0 -266.67923099559135
13 1 -266.6021795641046 6.655181650073217 0.19524255185774564
13 2 -267.06971609930685 6.702569534458462 0.5805545689899816
13 3 -267.76328870208454 6.773599919201899 0.8021109130567652
13 4 -268.6739379254204 6.868209454687957 1.0132589520031559
13 5 -269.78980660609085 6.9863008506440565 1.2110752700122873
13 6 -271.09608846544495 7.127728319231153 1.3925785336837464
13 7 -272.57496367345834 7.292278419268143 1.554716761433383
13 8 -274.2055219883117 7.47964567772047 1.694355464186458
13 9 -275.96367460183126 7.689402260423321 1.8082673071838826
13 10 -277.8220566026795 7.92096089011909 1.8931242466211415
13 11 -279.74992309507354 8.173530190039799 1.9454934860038406
13 12 -281.71304357468716 8.446061700881273 1.9618390861232342
13 13 -283.67360126732 8.737188028381297 1.9385316526689849
13 14 -285.59010688002513 9.045151995730805 1.8718692050214543
13 15 -287.4173396773629 9.367727386190978 1.7581130608001274
13 16 -289.1063330016254 9.702132968444488 1.5935432736013126
13 17 -290.60442622456554 10.044943106525068 1.3745386951534329
13 18 -291.85541039193225 10.39200045381591 1.0976868750678932
13 19 -292.79979997470133 10.738339038957832 0.7599284412869736
13 20 -293.3752672745062 11.078129360414664 0.3587389068842697
13 21 -293.51727778846987 11.404660579208155 -0.10765244639645744
13 22 -293.1599623817133 11.710377866033383 -0.6400122715091356
13 23 -292.2372532454516 11.986994333920308 -1.2378346189686908
13 24 -290.6842931437759 12.22569528278072 -1.8990766741767402
13 25 -288.4390998970981 12.417446024349204 -2.619931215141463
13 26 -285.444430713493 12.55340202265117 -3.394676366278219
13 27 -281.6497471645417 12.625401399094756 -4.215646092072319
13 28 -277.01313852934834 12.626497257333739 -5.07335867501169
13 29 -271.5030298145183 12.551466063221227 -5.956822566055621
13 30 -265.0994933972371 12.39721625358385 -6.854010222935813
13 31 -257.7950093686467 12.163026054670638 -7.752456534723535
13 32 -249.59458032779003 11.850564475328625 -8.639909237749976
13 33 -240.51519089314672 11.463689712805873 -9.504945098242487
13 34 -230.58469013130505 11.00806204281767 -10.33747335183493
13 35 -219.84024418947686 10.490639179562734 -11.129074090347288
13 36 -208.32654195061048 9.919132741154328 -11.873154061523564
13 37 -196.09393606642973 9.30149572303489 -12.564934342721386
13 38 -183.1966732651677 8.645490083266282 -13.201305903835973
13 39 -169.6913242587578 7.958359443339759 -13.780598021294338
13 40 -155.63547722257903 7.246611069114309 -14.302302960124763
13 41 -141.08671833850826 6.515896876707515 -14.766792337975637
13 42 -126.10189254662775 5.77097552317629 -15.17505008464952
13 43 -110.73661816920922 5.01573537838285 -15.528436768590034
13 44 -95.04501900944769 4.253259486155798 -15.828491825742752
13 45 -79.07963451772372 3.485916814961328 -16.07677439724333
13 46 -62.891470214961025 2.71546791885968 -16.274739911977075
13 47 -46.53015469376957 1.9431768016514503 -16.42364778929582
13 48 -30.044174636369384 1.1699239068620777 -16.524495172170006
13 49 -13.481164349429555 0.3963176072420369 -16.577971979171547
13 50 3.1117693219737106 -0.3771966507567115 -16.584433441331477
13 51 19.687702533233395 -1.150229206664461 -16.5438874340184
13 52 36.19954419001051 -1.9223400369779675 -16.455995181194915
13 53 52.59969289562322 -2.692932363528133 -16.320085217416214
13 54 68.83971462484294 -3.461144988149833 -16.135181790648723
13 55 84.87005647692067 -4.225742961820593 -15.900050127669957
13 56 100.63981488018285 -4.98500731956338 -15.613262088965143
13 57 116.09658065485095 -5.736626287433296 -15.273286583706266
13 58 131.1863880475954 -6.477592655430598 -14.878609490424694
13 59 145.85379963570034 -7.204114916304604 -14.427887430678624
13 60 160.04216290895263 -7.911553175098362 -13.92013816996267
13 61 173.69407597562568 -8.594394396110744 -13.354967213655186
13 62 186.752097336263 -9.246284600780513 -12.732824914542377
13 63 199.15972580471043 -9.860137076176144 -12.055280943534015
13 64 210.86265922333104 -10.428334012576826 -11.325293663193321
13 65 221.81031313109708 -10.943032588706544 -10.54744203253125
13 66 231.95754328839354 -11.396574043681625 -9.728079552065822
13 67 241.26647223522872 -11.781975639197768 -8.875366890424147
13 68 249.70827706924183 -12.0934628674148 -7.99914602242103
13 69 257.2647642800708 -12.326978077851777 -7.110636542363636
13 70 263.9295501539691 -12.480589659098996 -6.221963557138594
13 71 269.70869139434797 -12.554730723572902 -5.3455605437361555
13 72 274.6206712414414 -12.552221212420847 -4.493519716083085
13 73 278.69573082651414 -12.478067578819946 -3.676976054811007
13 74 281.9746233510634 -12.339077003434653 -2.9056034347763386
13 75 284.5069376960668 -12.143353976305434 -2.187275096239148
13 76 286.3491735435417 -11.89975770706559 -1.5279059500371943
13 77 287.5627495961412 -11.617390081485155 -0.9314622315853285
13 78 288.2120980067124 -11.305163078295692 -0.4001024783117657
13 79 288.36295455276473 -10.971470452976774 0.06559513469173339
13 80 288.0809077373289 -10.623967641228916 0.46636251978270593
13 81 287.4302295131993 -10.269449388271227 0.803963878104355
13 82 286.4729799811202 -9.913806884616292 1.080935287804209
13 83 285.2683589375909 -9.562043871051202 1.3003564337516593
13 84 283.8722671136169 -9.218332419466236 1.4656609686047375
13 85 282.33703700038143 -8.886092208548433 1.5804861166800492
13 86 280.7112948802568 -8.568080844586888 1.6485584847629582
13 87 279.0399200308555 -8.266486354794864 1.6736111705713483
13 88 277.3640725391141 -7.983016016376581 1.6593266359891743
13 89 275.72126675887716 -7.718978053744337 1.6092999735381284
13 90 274.14547259203783 -7.47535446565459 1.527017783128798
13 91 272.66723119261957 -7.252864432560756 1.4158486437566467
13 92 271.31377530452454 -7.052018522549844 1.2790419542548648
13 93 270.10914728410984 -6.873164375159462 1.119732637868168
13 94 269.0743100287882 -6.716524788432906 0.9409498113730592
13 95 268.2272476613637 -6.582229231447997 0.7456279938635362
13 96 267.58305404106113 -6.47033979101829 0.5366197770086103
13 97 267.1540081073465 -6.380872454114353 0.3167091202300867
13 98 266.94963580060096 -6.313814434165948 0.08862461255904464
13 99 266.9767588822284 -6.2691379887423295 -0.044856204417811796
13 100 267.0393482094366

14 0 -273.5056731543541
14 1 -273.45315205321384 7.034559967083567 0.2321720662875748
14 2 -273.97001728692925 7.085816059897837 0.6421993375054171
14 3 -274.7375507282247 7.1626915389375085 0.8883678209166987
14 4 -275.74675292876265 7.265175121553597 1.1240749521441842
14 5 -276.98570063251304 7.393239404071011 1.346363879369676
14 6 -278.439480687502 7.546826331647992 1.5522027654128863
14 7 -280.0901061633388 7.725827826492917 1.7384669384747724
14 8 -281.91641456445154 7.930060749400184 1.9019211228811344
14 9 -283.8939484091011 8.159235190609934 2.0392022733993826
14 10 -285.9948191112503 8.412914918743695 2.1468038760867216
14 11 -288.18755616127453 8.690468683677295 2.2210630361549306
14 12 -290.43694518356017 8.99101100824052 2.2581522752214482
14 13 -292.7038607117174 9.31333117290498 2.2540787298277962
14 14 -294.94510264321576 9.6558093829928 2.204694392305157
14 15 -297.11324949632774 10.016319729203701 2.105722150833685
14 16 -299.15654694488313 10.392120666643649 1.9528036077612683
14 17 -301.0188567118503 10.779735535271385 1.7415758455667572
14 18 -302.63969863601665 11.174828328403038 1.4677852114046175
14 19 -303.9544271346595 11.572083651798806 1.1274463845938385
14 20 -304.8945914052043 11.965104641389757 0.7170538619180604
14 21 -305.38853485849563 12.346348282770862 0.23384974065257325
14 22 -305.36229088650947 12.707123376663418 -0.3238545941205473
14 23 -304.74082567025454 13.037680886209074 -0.9563152947122262
14 24 -303.449660297085 13.327427285168994 -1.6619776840111342
14 25 -301.41687030223227 13.565285756482922 -2.4371255296850904
14 26 -298.57540923771484 13.740214545286307 -3.275616764601267
14 27 -294.86563677302973 13.841864718408061 -4.168774259713189
14 28 -290.23786071828846 13.861322909772895 -5.105496620290694
14 29 -284.65464353244835 13.791846031939968 -6.072630489806272
14 30 -278.0925997386759 13.629468229692492 -7.055601231379711
14 31 -270.5434410696889 13.373361586173075 -8.039241292513822
14 32 -262.0141171536483 13.025870674630482 -9.008703269589418
14 33 -252.5260345305101 12.592210020556593 -9.950319245454637
14 34 -242.113478662739 12.079888157396084 -10.852281792802387
14 35 -230.82147094490531 11.497972894148788 -11.705069274583579
14 36 -218.70334011357184 10.856324595536464 -12.501598339055349
14 37 -205.81827426679462 10.164902510533679 -13.237138049216256
14 38 -192.22906401513933 9.433209797297337 -13.909050403431934
14 39 -178.00017345993075 8.669902428468433 -14.516429911863142
14 40 -163.19620419141305 7.88255595062482 -15.059706493406381
14 41 -147.880760473118 7.077565459110346 -15.54025940000733
14 42 -132.1156853913984 6.2601467507765065 -15.960071872051543
14 43 -115.9606167290149 5.434407037276912 -16.32144081663705
14 44 -99.47280375812429 4.603458343434802 -16.626744588122733
14 45 -82.70712755276944 3.7695530884278625 -16.878264942362435
14 46 -65.71627387339942 2.934227663206105 -17.078055650674596
14 47 -48.55101625142024 2.0984452243324583 -17.22784910139977
14 48 -31.260575670599877 1.2627331379002769 -17.328992588699556
14 49 -13.893031074021133 0.4273135628337439 -17.38240721194339
14 50 3.5042387532869044 -0.4077722628342628 -17.38856393575114
14 51 20.88409679748115 -1.2425441700912003 -17.347473131117273
14 52 38.19918501552145 -2.0769650799668256 -17.258685708264082
14 53 55.40146821400931 -2.9108221215067545 -17.12130572252397
14 54 72.44179646056939 -3.7436042954722524 -16.934016086478408
14 55 89.26950038696613 -4.574374823131635 -16.695120757373168
14 56 105.83203797531573 -5.401637570511717 -16.40260845559937
14 57 122.07471729816487 -6.2231988999803605 -16.054244499299998
14 58 137.94052697391572 -7.036029151420223 -15.647698483034603
14 59 153.37011426423408 -7.836131847183879 -15.180715889682801
14 60 168.30195875328133 -8.618433679472545 -14.651340709390041
14 61 182.67279568301416 -9.37671413362014 -14.058192960535678
14 62 196.41834467435268 -10.103599503292614 -13.400798784567172
14 63 209.4743932521485 -10.79065063105294 -12.679960796404657
14 64 221.778266267162 -11.428574664873338 -11.89814251568356
14 65 233.27067828351562 -12.007585417959717 -11.0598241809289
14 66 243.8979146290198 -12.517921436811235 -10.171771283420952
14 67 253.61422085035753 -12.950503892241073 -9.243147353416816
14 68 262.3842093358534 -13.297679795555212 -8.285406149857636
14 69 270.1850331500728 -13.553957495742821 -7.311921857062686
14 70 277.0080530499788 -13.716614744952949 -6.337360455249666
14 71 282.85975406057213 -13.786060861538033 -5.3768529351933125
14 72 287.7617589203654 -13.765873075674705 -4.44508326062126
14 73 291.74992058181465 -13.662496059291925 -3.555429390254801
14 74 294.872617700875 -13.48466819621791 -2.719281847971615
14 75 297.1884842777579 -13.24268903243572 -1.9456171139610774
14 76 298.7638519287972 -12.947654502786179 -1.2408428786656316
14 77 299.67017003508914 -12.610764762353966 -0.608880690340925
14 78 299.98161330947903 -12.242770070376736 -0.05142122694388718
14 79 299.7730124889769 -11.85357971481119 0.43172048382453454
14 80 299.11817234182996 -11.452027746821557 0.8422141832159866
14 81 298.08858412254494 -11.045770654931061 1.182835582924639
14 82 296.7525011759807 -10.641284662949886 1.4571294023097607
14 83 295.1743253179254 -10.243930689144293 1.6691285848682185
14 84 293.41424400624425 -9.858059660098206 1.8231328118937142
14 85 291.528059694138 -9.48713714154215 1.9235423880386122
14 86 289.567159230167 -9.133872441947346 1.9747399230128906
14 87 287.5785798481122 -8.800342613189088 1.9810109702034708
14 88 285.6051372897601 -8.488105835422317 1.9464949958148452
14 89 283.6855898564825 -8.198301573727775 1.8751590454250504
14 90 281.85481919891 -7.931736822773985 1.7707877776283567
14 91 280.1440143012258 -7.688958942908329 1.6369848611016096
14 92 278.58084947670676 -7.470316250168622 1.4771819297887419
14 93 277.1896504416483 -7.27600782700344 1.2946522953424733
14 94 275.9915448860218 -7.106124098185461 1.0925274122602104
14 95 275.0045956171279 -6.960679654373706 0.8738146933347366
14 96 274.24391549935234 -6.839639657366945 0.6414157103583875
14 97 273.72176419641113 -6.742940956175175 0.39814412569739943
14 98 273.44762724795754 -6.670508800200992 0.14674292794285293
14 99 273.4282783405254 -6.622269775504151 -0.010008348295230007
14 100 273.467643944548

15 0 -280.69736711094134
15 1 -280.6712994982717 7.388556266701556 0.27199055408058825
15 2 -281.2413482191025 7.443633181904431 0.7086861408439233
15 3 -282.08867177995955 7.526291126079542 0.9814699747125246
15 4 -283.20428816852757 7.636581441818919 1.243806817136658
15 5 -284.57628541423287 7.774561421999152 1.4927264801066826
15 6 -286.18974112874093 7.940280459652854 1.725166956105653
15 7 -288.0266193264442 8.133761293823795 1.9379511791855748
15 8 -290.0656434871121 8.354975326328656 2.1277628283034744
15 9 -292.2821449830511 8.603810718261087 2.291121476527394
15 10 -294.6478864401669 8.88003169187644 2.424357739688503
15 11 -297.13086046242813 9.183227180073715 2.523589575500665
15 12 -299.6950655911682 9.5127467158228 2.5847015753509197
15 13 -302.30026361312997 9.867621297169308 2.603330027421265
15 14 -304.90172564601073 10.246466997215578 2.5748577613201746
15 15 -307.4499791357703 10.64736946229317 2.4944243444509766
15 16 -309.8905743349127 11.067748372328907 2.3569590796689965
15 17 -312.1638972951083 11.504202719939286 2.1572463569128217
15 18 -314.20506704873833 11.952340766965563 1.8900349915953143
15 19 -315.94396727829894 12.406603161082984 1.5502047542736932
15 20 -317.3054765572857 12.860094274806926 1.1330035378563252
15 21 -318.2099743540116 13.304445427110721 0.634366288877203
15 22 -318.5742091350401 13.729743715764869 0.0513203319290767
15 23 -318.31261501786975 14.124570093770586 -0.6175307104631145
15 24 -317.3391477141139 14.47619683894581 -1.3714718039028924
15 25 -315.56967141006396 14.770992611199404 -2.2071439550241507
15 26 -312.9248598040656 14.995066475233813 -3.1180974043530796
15 27 -309.3334766013578 15.13514497798289 -4.094537727585731
15 28 -304.73578434889413 15.17961794555319 -5.123377361479783
15 29 -299.08672187839824 15.119618884707478 -6.188677246136024
15 30 -292.3584298566221 14.94994849442702 -7.272494668702706
15 31 -284.5417325409928 14.669638039867067 -8.356054089785545
15 32 -275.646321677051 14.28200845320029 -9.421060803366458
15 33 -265.6996109342599 13.79420339680469 -10.450927615476886
15 34 -254.74446644609722 13.216310217563205 -11.431710478242735
15 35 -242.83618997777444 12.560268725937561 -12.352637652206909
15 36 -230.0391911416834 11.838776645576331 -13.206224445138673
15 37 -216.4237410874971 11.064349477295181 -13.988049140960513
15 38 -202.06309285976238 10.248618022294977 -14.696305985901219
15 39 -187.03112911569465 9.401879672456914 -15.331251867966856
15 40 -171.40058912382867 8.532874664062447 -15.89463992948285
15 41 -155.24184925672895 7.648737076012836 -16.38920153782395
15 42 -138.62218604818077 6.755066637138299 -16.818208506482954
15 43 -121.60543224376305 5.856074005541373 -17.185125175931738
15 44 -104.25193569631729 4.954763041804732 -17.493345774591802
15 45 -86.61874069457944 4.053124837434737 -17.746005077472027
15 46 -68.75992554137324 3.152327918848627 -17.94584777607248
15 47 -50.727045142434484 2.2528964705691195 -18.09514231460165
15 48 -32.56964091216994 1.3548736811956772 -18.19562683366872
15 49 -14.335791475097043 0.45797079835347 -18.248477379906088
15 50 3.9273138476422362 -0.4382953612300857 -18.25429117425642
15 51 22.172790873415796 -1.3344724632965423 -18.213080251150963
15 52 40.353474349944165 -2.2310456760795603 -18.12427313261047
15 53 58.42133713863673 -3.12830890309651 -17.98672443292164
15 54 76.32692321578745 -4.026229692683451 -17.798734492273603
15 55 94.01880612318394 -4.924303935221225 -17.55808340270942
15 56 111.44309002120629 -5.821397687085323 -17.26208616581387
15 57 128.54297845481167 -6.715575528869024 -16.907678164614772
15 58 145.25844635043583 -7.603918124478923 -16.491542437628212
15 59 161.5260633300681 -8.482336492348878 -16.010291958730946
15 60 177.27903026789772 -9.345397263494306 -15.460720456398931
15 61 192.44750424286596 -10.186181948593628 -14.840133037475255
15 62 206.95929634284823 -10.99621342422219 -14.146761411975177
15 63 220.74102706681632 -11.76549285010951 -13.38025610511474
15 64 233.7198085530777 -12.48269682482487 -12.542228450100097
15 65 245.8254839670165 -13.135582703674942 -11.636788804469148
15 66 256.993386162016 -13.711633255404564 -10.670998026347178
15 67 267.16748001971087 -14.198934620071299 -9.655125249168123
15 68 276.30363666035225 -14.587223185802799 -8.602599625922778
15 69 284.3726792715564 -14.868967300554544 -7.529571491761374
15 70 291.362779643875 -15.04029241417254 -6.454066922933805
15 71 297.28081311742403 -15.101546508254643 -5.394818874457911
15 72 302.1524173927908 -15.057361738672057 -4.3699549138369775
15 73 306.020722945098 -14.916190488873582 -3.395771175354213
15 74 308.94395974349925 -14.689429612423936 -2.485796407920134
15 75 310.99231576093825 -14.39033256693105 -1.6502614028074163
15 76 312.2444825491141 -14.032918026576624 -0.8959816799554403
15 77 312.78427912084913 -13.631032475401952 -0.22657779917588527
15 78 312.69763814746585 -13.197649818531374 0.3570825692310109
15 79 312.0701139823871 -12.744423937513744 0.8563374582469123
15 80 310.984963230972 -12.281465207485638 1.2741715796628341
15 81 309.52177082306144 -11.81729055321955 1.614706961976026
15 82 307.75554930702 -11.358892851147942 1.882775253590978
15 83 305.7562203158795 -10.911882003126493 2.083581436603339
15 84 303.5883864338133 -10.480660761968068 2.2224545162068807
15 85 301.3113112834657 -10.068609498499171 2.304673334830909
15 86 298.9790397641515 -9.678263602258653 2.33535301311602
15 87 296.6406052572337 -9.311474446020924 2.3193777770963777
15 88 294.3402842099587 -8.96954988921081 2.2613676754504866
15 89 292.1178699063327 -8.653373535096307 2.1656689861864606
15 90 290.0089462375858 -8.363503853753514 2.0363604139482447
15 91 288.0451490784362 -8.100255254801738 1.8772692163620093
15 92 286.2544078048618 -7.863763570501732 1.6919930701597536
15 93 284.6611629381167 -7.654038429253859 1.4839247898513293
15 94 283.2865582251591 -7.471004822018671 1.256277984002793
15 95 282.14860697011113 -7.314535889979339 1.0121124346820523
15 96 281.262333355795 -7.184478648721409 0.754358475207141
15 97 280.63989001969685 -7.080674043073685 0.48583997739604
15 98 280.29065340100294 -7.002972414204521 0.2092957932300692
15 99 280.2212984332367 -6.951245169403279 0.02748669970685569
15 100 280.23568000158923

16 0 -288.2279893730079
16 1 -288.23026458661695 7.71523448514526 0.314647138865098
16 2 -288.8572836507381 7.774040492422671 0.7799341968834028
16 3 -289.79013298038376 7.8623511741059815 1.0813160808311864
16 4 -291.0199158124005 7.980290424842963 1.3723452480637945
16 5 -292.53482347651135 8.128014330809663 1.650062897203611
16 6 -294.3200416068077 8.305698788028053 1.9114026372375292
16 7 -296.3576287509864 8.513522399176054 2.1531618051505745
16 8 -298.62636521710886 8.751643447689275 2.3719705473184263
16 9 -301.10156984562326 9.020169388578097 2.564258638947166
16 10 -303.7548824950032 9.319116879494999 2.726220337899349
16 11 -306.55401052142196 9.64835990799537 2.853778060101291
16 12 -309.46243861520577 10.007563072694836 2.942546392317041
16 13 -312.43910330605604 10.396096596065831 2.9877990112205737
16 14 -315.4380366376469 10.812929279181475 2.98444255742902
16 15 -318.4079884209141 11.256495517953567 2.927003525947015
16 16 -321.29204368954095 11.724532952311051 2.809636865407384
16 17 -324.02726215172885 12.213888718230749 2.6261682402034126
16 18 -326.5443801699478 12.72029518941821 2.370185652548315
16 19 -328.7676334568255 13.238121270863587 2.0351998924352017
16 20 -330.6147799548182 13.760113574312754 1.6148961279457978
16 21 -331.9974257127171 14.277153869970846 1.1034991816105162
16 22 -332.8217783180392 14.778075170705478 0.49627007253931765
16 23 -332.9899658577957 15.24959734571604 -0.2098621715312845
16 24 -332.40205397497664 15.6764603864589 -1.0155551665823168
16 25 -330.9588555246311 16.041841702445794 -1.9182558933970881
16 26 -328.56554218818246 16.32813135659157 -2.911464397817781
16 27 -325.1359267289955 16.518092312110127 -3.9842227893938116
16 28 -320.59709660939484 16.59634283951391 -5.121022713566106
16 29 -314.8938813018633 16.550973554972018 -6.302299940932443
16 30 -307.99249672752995 16.37499030816977 -7.505582076220122
16 31 -299.88271714942306 16.06722415499445 -8.70718133374055
16 32 -290.57813406004885 15.632436853719469 -9.884137912651795
16 33 -280.11444132411947 15.080575953127521 -11.016017481091723
16 34 -268.5460990978654 14.425393246706605 -12.086216463669516
16 35 -255.94200839678044 13.68278881282049 -13.082602846570452
16 36 -242.3808934047245 12.869231437092637 -13.997517587697729
16 37 -227.94697322138498 12.0004891979263 -14.82729667249761
16 38 -212.72630005972928 11.090763670971725 -15.5715202082702
16 39 -196.80393280484458 10.152212567486302 -16.23217327009567
16 40 -180.26195351953794 9.194785755509614 -16.81284908985046
16 41 -163.17823462514366 8.22628119711166 -17.318067426931478
16 42 -145.62581866567498 7.252534681856062 -17.752734942523006
16 43 -127.67276474009765 6.2776760613554 -18.121744411970617
16 44 -109.38232984173375 5.304405538820355 -18.42969375622937
16 45 -90.81337722763891 4.334261628767287 -18.68070006531854
16 46 -72.02092971109667 3.367866054749264 -18.878284017540214
16 47 -53.05680919255848 2.405140217661394 -19.02530333905272
16 48 -33.97032303299123 1.4454937853180603 -19.123918260915204
16 49 -14.808972670728073 0.4879894078037381 -19.175576254369155
16 50 4.380829475747076 -0.46851059177573884 -19.181007197401154
16 51 23.553041724074234 -1.4252088224883241 -19.140223445966747
16 52 42.66127636768057 -2.383241656751359 -19.05252214806405
16 53 61.65808602020233 -3.343545172270936 -18.91648973912786
16 54 80.4942558459363 -4.3067112587715 -18.730011118603123
16 55 99.11810825740858 -5.272827392718803 -18.49028875177504
16 56 117.47483334948637 -6.241294528407202 -18.19388004924717
16 57 135.50586835590292 -7.210619378089561 -17.836764936693598
16 58 153.14836322287357 -8.178180624694491 -17.414459446514456
16 59 170.33478724893183 -9.139974072162119 -16.922195028698184
16 60 186.99275328026994 -10.090350232067777 -16.35518616563479
16 61 203.0451595802014 -11.02177008403892 -15.709009121263563
16 62 218.41077152279706 -11.924620841999513 -14.980109686083054
16 63 233.00537895236752 -12.787152199122914 -14.166444197007337
16 64 246.74365991681174 -13.595610828257605 -13.268232369248992
16 65 259.5418436908655 -14.334659237164459 -12.288760611508593
16 66 271.3211811398289 -14.988152680490003 -11.23512319981731
16 67 282.0120900905001 -15.5403010784498 -10.11873728381505
16 68 291.558655707459 -15.977153076239091 -8.955438830340881
16 69 299.9229677511819 -16.288214822423498 -7.7649910854324276
16 70 307.0886378783239 -16.467894897204985 -6.569939662949764
16 71 313.0628470770814 -16.51641687891245 -5.393922259692829
16 72 317.87648239770954 -16.43992816974179 -4.259727241240199
16 73 321.5823015595618 -16.24975915263508 -3.18749726400668
16 74 324.2514769257229 -15.961046247237846 -2.1934239260290838
16 75 325.96914941162 -15.591080744688782 -1.2891055281137653
16 76 326.8296879819504 -15.157733859577831 -0.481542787136533
16 77 326.93223498589305 -14.678191486282316 0.22638751770432464
16 78 326.3769129465418 -14.168091908040566 0.8351873109443204
16 79 325.2618603640044 -13.641051129395663 1.3479050948702707
16 80 323.68110275680124 -13.108500656898201 1.7693475675101809
16 81 321.72316522898404 -12.579744113372726 2.105407939262335
16 82 319.47028687827657 -12.062146355964785 2.3625379524028176
16 83 316.9980893241784 -11.561387499036073 2.547360674048093
16 84 314.3755655301804 -11.081734968891112 2.666405316521036
16 85 311.66527869113634 -10.62630462489139 2.725939547748027
16 86 308.9236864346843 -10.19729544521644 2.731874975491138
16 87 306.20152874015406 -9.796191408962557 2.6897246832513133
16 88 303.5442370681817 -9.423929843140712 2.604595906739462
16 89 300.99233692667514 -9.081038618894326 2.481205080882347
16 90 298.581826906417 -8.767746028626476 2.323906057922926
16 91 296.3445248108293 -8.48406760265948 2.1367251443533917
16 92 294.3083766177102 -8.229873979909542 1.9233987553366205
16 93 292.49772730015604 -8.004943521556754 1.6874110438255343
16 94 290.93355453005915 -7.809002823857497 1.4320299515347301
16 95 289.6336673970866 -7.641757742197996 1.1603408666319979
16 96 288.61287279679516 -7.502917030237569 0.8752775572640417
16 97 287.8831122825585 -7.392210244151499 0.5796503602142877
16 98 287.4535720763666 -7.309401167089362 0.27617180161325905
16 99 287.330768679332 -7.254297672652825 0.06755952449958613
16 100 287.3184530273674

17 0 -296.0693187469111
17 1 -296.1017684685622 8.012699817732482 0.3600552285183767
17 2 -296.78942920394786 8.07509267361931 0.8558028298046452
17 3 -297.8133741281715 8.168849552792466 1.1877199071328164
17 4 -299.1648690182135 8.294175624071244 1.5094699738403392
17 5 -300.8323140758522 8.451338353911979 1.818134843291773
17 6 -302.80113870479704 8.640657492682038 2.1106750244720445
17 7 -305.0536641247963 8.862490830968653 2.3838958388467972
17 8 -307.56893038249063 9.117214401649846 2.6344098177055173
17 9 -310.3224837602073 9.40519535503509 2.8585949083331172
17 10 -313.28612019915687 9.726755181200843 3.0525482591057767
17 11 -316.4275802784189 10.082120281065698 3.2120357687005026
17 12 -319.7101917365579 10.471356092461463 3.3324382634213805
17 13 -323.09245680526163 10.894280080256408 3.4086962339079037
17 14 -326.5275842043737 11.350347966980536 3.4352566832079106
17 15 -329.96297017167745 11.838506759126687 3.406028017580553
17 16 -333.3396402395348 12.35700769314542 3.3143522799461778
17 17 -336.5916747315698 12.90317266693134 3.1530085940199797
17 18 -339.64565742757475 13.473109812474974 2.914267544228153
17 19 -342.4202098200261 14.061378755588805 2.5900231391682382
17 20 -344.8257037059112 14.660615355942326 2.172036136963584
17 21 -346.7642820939533 15.261141143443382 1.6523278852699264
17 22 -348.1303594764511 15.850605833187757 1.0237638076742712
17 23 -348.8118097093018 16.413742360937306 0.2808545052903071
17 24 -348.6920684870317 16.932349464236836 -0.5792274471731389
17 25 -347.65335481495555 17.38564704697808 -1.5554729848914803
17 26 -345.58112251724873 17.751155102460586 -2.641846794688746
17 27 -342.36966122557806 18.00619932878402 -3.8263262446633917
17 28 -337.92847002792195 18.13001687027895 -5.090496118617892
17 29 -332.1886689883423 18.106217937259657 -6.410029777480162
17 30 -325.1084104729616 17.9251061467817 -7.7562440686802745
17 31 -316.6761808509817 17.585206311714813 -9.098607544235847
17 32 -306.91119538448993 17.093462386798222 -10.407709005233386
17 33 -295.86076284051495 16.464001372483892 -11.65797122248975
17 34 -283.59525293951043 15.715887888265542 -12.829497618549766
17 35 -270.2017676034154 14.870553571086234 -13.908799461820877
17 36 -255.77765401586868 13.949499460192058 -14.888524060032864
17 37 -240.4247194833497 12.972604404986711 -15.766516907081424
17 38 -224.24462020170583 11.957111465470831 -16.544582616341216
17 39 -207.33555425066726 10.91719708785314 -17.227229783428967
17 40 -189.7901606348479 9.863960360328747 -17.82057129985749
17 41 -171.69441165095228 8.80566992446532 -18.331452611477502
17 42 -153.1272554118929 7.748138801891756 -18.766813642239214
17 43 -134.16078436647385 6.695137887811171 -19.133254318967445
17 44 -114.860746773958 5.648794502752864 -19.436760207179915
17 45 -95.28726395211402 4.609948889264146 -19.682544561543118
17 46 -75.49565765087176 3.5784590604362236 -19.874969187178372
17 47 -55.53732557775727 2.5534548681824667 -20.017514584032853
17 48 -35.46062848280606 1.5335477514201798 -20.11277764352638
17 49 -15.31177029070452 0.5170051926419932 -20.162481756999885
17 50 4.864335031193714 -0.4981002013211624 -20.167489404548483
17 51 25.023208518392444 -1.513756986062873 -20.127811316126586
17 52 45.11995766344688 -2.5318866945892005 -20.04260948239308
17 53 65.1084274831786 -3.554211494712625 -19.91019403494178
17 54 84.94034573333045 -4.582108056299276 -19.72801671272147
17 55 104.56446090862154 -5.616438030900454 -19.492666672345123
17 56 123.92567907802069 -6.657345824909626 -19.199878151184627
17 57 142.9642172109908 -7.704015359093233 -18.84456426090206
17 58 161.61480759982481 -8.754380044192501 -18.42089713170077
17 59 179.80601147439234 -9.804785436087528 -17.922461566104232
17 60 197.45973073203328 -10.849613540073193 -17.342516468275733
17 61 214.4910444109438 -11.880893346721408 -16.67440364740699
17 62 230.80853802684726 -12.887945483401694 -15.912143527059172
17 63 246.31533146506214 -13.857140018590812 -15.051246091372832
17 64 260.9110302095929 -14.771882103637637 -14.089735488141642
17 65 274.4948024413454 -15.612970400807455 -13.029330656701546
17 66 286.969691522996 -16.359478842808755 -11.87663986763252
17 67 298.24808217661047 -16.990264718826552 -10.64412564491721
17 68 308.25794281283044 -17.486076525368077 -9.350513369896476
17 69 316.9491089164034 -17.832017534351934 -8.020313312727268
17 70 324.29856943828497 -18.019868324461726 -6.6822689794227585
17 71 330.31364687524893 -18.049617517083618 -5.366852146994717
17 72 335.0322737322744 -17.92966383937943 -4.103297187559605
17 73 338.52024125036814 -17.67558538991881 -2.916889252850268
17 74 340.86605223797494 -17.30790047884298 -1.8271179999738365
17 75 342.1744772503158 -16.84950363064715 -0.846949015147402
17 76 342.55995026826974 -16.323374369736143 0.01690757845102553
17 77 342.14066209341377 -15.750891456446851 0.7630641523613804
17 78 341.033821963547 -15.150824358910427 1.3942229261176635
17 79 339.35221624117844 -14.538906679646033 1.9159287093892772
17 80 337.20196454476843 -13.927828817339417 2.335478595685771
17 81 334.6812590498069 -13.327487386081003 2.661061262909442
17 82 331.87984201894955 -12.745361521931017 2.9011318679276314
17 83 328.87899531395163 -12.18692658762302 3.0639928236770118
17 84 325.7518563715955 -11.656051285800572 3.157537390351564
17 85 322.5639205332485 -11.155350513613058 3.189112858505581
17 86 319.37363065458436 -10.686483597231785 3.1654662290448528
17 87 316.2329880751588 -10.250397736496808 3.0927433791721057
17 88 313.18814389624015 -9.847521741470416 2.9765204655187176
17 89 310.27994714412137 -9.477917280827654 2.8218528007006967
17 90 307.54443829483876 -9.14139521148212 2.633331430183091
17 91 305.0132842837552 -8.837603991464476 2.415141265078944
17 92 302.71415576468087 -8.566096223747962 2.1711171512624787
17 93 300.6710499812302 -8.326378334554278 1.9047959459033734
17 94 298.9045638728741 -8.117947405717814 1.6194637633615514
17 95 297.4321224545071 -7.94031832006749 1.3181982283019806
17 96 296.26816741627016 -7.793043656967171 1.0039059732536373
17 97 295.42431050799985 -7.675728184297526 0.6793558405442468
17 98 294.90945573518167 -7.588039316472958 0.3472083647287434
17 99 294.72989377854236 -7.529714527608149 0.11011041571828173
17 100 294.6892349037451

18 0 -304.19129264851034
18 1 -304.2556642220819 8.27912465948333 0.40808817473319436
18 2 -305.00746899797673 8.344906304907227 0.9360839319433865
18 3 -306.1278320859687 8.443817568889187 1.3003990312831206
18 4 -307.60826706054297 8.576151771692139 1.6548340491833073
18 5 -309.4375001843353 8.74229793048869 1.9965447658144058
18 6 -311.6013565921718 8.94273407933025 2.322555114294204
18 7 -314.0826104129237 9.1780172150591 2.6297187141183826
18 8 -316.86079402040855 9.448768508399496 2.9146750713848633
18 9 -319.91196055569344 9.755651901069882 3.173799418498163
18 10 -323.2083928574049 10.09934353419115 3.4031452639299573
18 11 -326.71825108355335 10.480488579354358 3.5983789713619103
18 12 -330.4051508001287 10.899640930985896 3.7547061915077506
18 13 -334.22766346656886 11.357179838166218 3.866790885739647
18 14 -338.138732571608 11.85319591003838 3.9286692362992994
18 15 -342.08500193916746 12.38733709878818 3.9336632521118986
18 16 -346.0060590758318 12.958603467387974 3.8743027732120368
18 17 -349.83360748559153 13.565078258972648 3.7422703595329665
18 18 -353.4905997948977 14.203582894188372 3.5283917412057804
18 19 -356.8903909680031 14.86924656845369 3.2227054359025544
18 20 -359.9360106667028 15.554989524404135 2.8146585158003745
18 21 -362.51970799960384 16.250936279620703 2.293489658855947
18 22 -364.5229899844147 16.943805297064046 1.6488712900332416
18 23 -365.8174505796703 17.616368517299748 0.8718814595177946
18 24 -366.2667529034503 18.247137986461468 -0.04365048054154386
18 25 -365.73014961858723 18.810508273882846 -1.0994502551733376
18 26 -364.06785239310364 19.27763541875879 -2.290912116011839
18 27 -361.14832538656356 19.618313613428995 -3.6053610215754475
18 28 -356.85713034995274 19.80394735768141 -5.021004105090469
18 29 -351.1063171763826 19.811353509835897 -6.507210664429692
18 30 -343.84270902109336 19.626609212628352 -8.026593701764966
18 31 -335.0531297728527 19.24773418549313 -9.538825093724029
18 32 -324.7650588336453 18.68508550784628 -11.005342851882716
18 33 -313.04244406908725 17.959206570100832 -12.393591979624404
18 34 -299.9778748743965 17.09703497155664 -13.679664265067174
18 35 -285.6831155389529 16.127820481911186 -14.848991274643936
18 36 -270.2798923251086 15.079777435669683 -15.895466753797251
18 37 -253.8921820313584 13.977899686860667 -16.819684667218837
18 38 -236.64052299067095 12.84289475550969 -17.626927525403772
18 39 -218.63832698055086 11.690962298327634 -18.325324375237756
18 40 -199.98987424019543 10.534098917807029 -18.92437625323828
18 41 -180.7895744740743 9.380665596751882 -19.43388898536847
18 42 -161.1220962694585 8.236036647372913 -19.863266979177155
18 43 -141.06304051572 7.103223859293109 -20.22108871110951
18 44 -120.67991884723948 5.983424237103648 -20.514882754776394
18 45 -100.0332750061672 4.876474466809157 -20.75103550763518
18 46 -79.17784783196912 3.7812147158720606 -20.934778038621893
18 47 -58.163718928923416 2.6957737353104463 -21.070214648068763
18 48 -37.03741853583159 1.6177906523943584 -21.16036793645568
18 49 -15.84298305601206 0.5445891821574751 -21.207224207110496
18 50 5.377029878389401 -0.5266809705966087 -21.21176937610602
18 51 26.58055569619998 -1.5989219742838738 -21.174009939234786
18 52 47.72504975685897 -2.674972410034414 -21.0929766567138
18 53 68.76650900962758 -3.757486336025302 -20.966711100837937
18 54 89.65847195853485 -4.848794580250143 -20.792237654790952
18 55 110.35098431920949 -5.950735324647894 -20.56552652038539
18 56 130.78952499930563 -7.06444016591449 -20.28145737743995
18 57 150.9138990740894 -8.19006124489313 -19.933799155976473
18 58 170.65712331125857 -9.326425666121992 -19.51522952350875
18 59 189.9443581211069 -10.470606857032564 -19.017428524578875
18 60 208.69198036041632 -11.617411194875956 -18.43129407626867
18 61 226.80694627364423 -12.758795625898557 -17.747341064592064
18 62 244.18666248960045 -13.883262334046037 -16.95635635795246
18 63 260.71965898954915 -14.975323521239389 -16.05038081724328
18 64 276.287424124087 -16.015193210609368 -15.024062751465635
18 65 290.7677844924804 -16.978934458455967 -13.876357350679712
18 66 304.04013882544643 -17.83934242968249 -12.612417517836406
18 67 315.9926195281532 -18.56782433594836 -11.245334966374372
18 68 326.5308087581952 -19.137373943078472 -9.797191645866263
18 69 335.58700281988575 -19.52637536113093 -8.298782884526076
18 70 343.12837452724733 -19.722452785075006 -6.7875396456814485
18 71 349.16208211124865 -19.725155667561268 -5.303717774610533
18 72 353.7358100764684 -19.546358335692304 -3.8856951140753893
18 73 356.93347233939943 -19.208115948810246 -2.565733903470232
18 74 358.86727788340886 -18.73888091275967 -1.3673421667574246
18 75 359.6681566729143 -18.169429813766385 -0.3045794190069273
18 76 359.4764367214227 -17.529524367386642 0.6170693870637649
18 77 358.43401789878675 -16.845734052415878 1.3989375285300412
18 78 356.67856166436263 -16.14037696468992 2.047172087745139
18 79 354.33967372329647 -15.431304122550443 2.57090063644128
18 80 351.5367603914801 -14.732209382083852 2.9807668610752103
18 81 348.37814000114605 -14.053201339812148 3.287875234670736
18 82 344.9610099221386 -13.401456097226685 3.5030987508608007
18 83 341.37194249942445 -12.781844423867796 3.6366709101785375
18 84 337.6876681017815 -12.197481407430587 3.697981390530998
18 85 333.97597971836245 -11.650181245058889 3.695507236316814
18 86 330.2966536291479 -11.140819068790364 3.636827752607388
18 87 326.7023242131477 -10.669610770824988 3.528686539012682
18 88 323.23928055112253 -10.236324832702167 3.3770763624086158
18 89 319.94817148833044 -9.84043999818951 3.1873316108706433
18 90 316.86461732938125 -9.481261009834725 2.964219347286104
18 91 314.01973279375824 -9.15800253814291 2.7120241320875493
18 92 311.44056906520615 -8.869849371368531 2.4346244122468192
18 93 309.1504839692646 -8.615999121623588 2.1355598618556826
18 94 307.1694493414948 -8.395692205293273 1.8180899660215175
18 95 305.51430403722156 -8.208232663493249 1.4852446153826406
18 96 304.1989601107295 -8.05300246109178 1.139867693034006
18 97 303.23456865115355 -7.929471191986181 0.7846547007085007
18 98 302.6296507093125 -7.837202578003854 0.42218545830263565
18 99 302.3901977345483 -7.77585874026957 0.1550057194657768
18 100 302.31963927038095

19 0 -312.56209033933834
19 1 -312.6600177875289 8.512777334498082 0.4585757372119872
19 2 -313.4792418137623 8.581689868875912 1.020495739210503
19 3 -314.7010092659499 8.685371869636157 1.4189653739177288
19 4 -316.3171725615978 8.824209168339763 1.8079503354398412
19 5 -318.3169099368296 8.998719115103796 2.1847171509298846
19 6 -320.68660686345754 9.209548196775302 2.546394309042455
19 7 -323.4096985549145 9.457467536860861 2.889930267916043
19 8 -326.4664673992896 9.743365000565433 3.2120445037162995
19 9 -329.8337875623471 10.068232077416468 3.5091699341247704
19 10 -333.48480726753917 10.433142957519664 3.777384937390252
19 11 -337.3885574371276 10.839222183153083 4.012333165495249
19 12 -341.50947359852967 11.28759585677625 4.2091295222332406
19 13 -345.80681648159407 11.779319519249896 4.362251212960388
19 14 -350.23397602445044 12.315273380113183 4.465413943829873
19 15 -354.7376443692538 12.896012524195442 4.511435574930147
19 16 -359.25684717431074 13.52155608429652 4.492093440130645
19 17 -363.7218312495151 14.191095454624303 4.397988020820378
19 18 -368.0528232159515 14.902598212365064 4.218435853709195
19 19 -372.1587029569335 15.652283192467905 3.9414297693840012
19 20 -375.9356827547195 16.433946271620044 3.553725848130597
19 21 -379.2661546531947 17.238131193616226 3.0411436579298368
19 22 -382.01797007057917 18.051173277871897 2.389196045353316
19 23 -384.0445467439013 18.85420647096413 1.584187194687729
19 24 -385.1863444599546 19.622325449694245 0.6149123094099593
19 25 -385.27437136272124 20.32423421149042 -0.5249755525941566
19 26 -384.1363933547663 20.922863277930162 -1.8340414551425965
19 27 -381.60628845243605 21.377518598220178 -3.300014305740774
19 28 -377.53636474328476 21.64798399516289 -4.897456222210991
19 29 -371.81137600801407 21.70044559030228 -6.587367922533218
19 30 -364.3616288982183 21.514076863976243 -8.319863393023041
19 31 -355.171649221968 21.085996205033894 -10.040131249017918
19 32 -344.2813664001825 20.432117144423614 -11.696236620625683
19 33 -331.7791759807166 19.58317922973734 -13.246021758779392
19 34 -317.7893228826237 18.578060422848097 -14.660883706739412
19 35 -302.4574085672378 17.45716137892478 -15.926056997707832
19 36 -285.93720888720804 16.25758122437429 -17.038444855083384
19 37 -268.380518857071 15.0104832293176 -18.003399587241418
19 38 -249.9304097127252 13.740251811274959 -18.83152000487425
19 39 -230.71747884732252 12.46479817326022 -19.53602562113163
19 40 -210.85835847046195 11.196444084304176 -20.130868001433242
19 41 -190.45574284445604 9.94299059321699 -20.629514881911618
19 42 -169.59932870663872 8.708747071483373 -21.044255379697987
19 43 -148.36723208506007 7.495417324740885 -21.38586672923671
19 44 -126.8275952481653 6.302813130759382 -21.66350959966387
19 45 -105.04021288573233 5.129403877374486 -21.884754082774705
19 46 -83.05808708261588 3.972727197151862 -22.055669918677083
19 47 -60.928873048378165 2.8296896023508324 -22.180938647510555
19 48 -38.696209787594775 1.696784508641862 -22.263962196679348
19 49 -16.40094865501947 0.5702513637397555 -22.30695337999085
19 50 5.917696972386931 -0.5538042278393038 -22.311000560989832
19 51 28.22105246696019 -1.679312580471434 -22.276102755564388
19 52 50.46990248351571 -2.8101493907481228 -22.20117384413451
19 53 72.6234001552292 -3.9500385580066393 -22.08401620515751
19 54 94.63793489383073 -5.102433903504078 -21.921265701344062
19 55 116.46593155791733 -6.270363754704441 -21.70831225800947
19 56 138.05455940984967 -7.456219806856808 -21.439204071429863
19 57 159.34433970077706 -8.661468536982056 -21.106549761109562
19 58 180.2676589320688 -9.886260592537539 -20.701442743840204
19 59 200.74722518845746 -11.128912744795329 -20.213447094858196
19 60 220.6945531217852 -12.38524137606558 -19.630705237141726
19 61 240.00863566274091 -13.647741421575589 -18.94025478657707
19 62 258.57506269493933 -14.904638297741116 -18.128671422400004
19 63 276.2659785075409 -16.138903005545927 -17.183176967936163
19 64 292.94141663081166 -17.327421831978683 -16.09334642535822
19 65 308.45267135825736 -18.44065174748056 -14.853479875774667
19 66 322.648376382361 -19.44324323148186 -13.465529745124911
19 67 335.3837308485072 -20.296193229404935 -11.942157158313194
19 68 346.5326906989874 -20.960949888237877 -10.309064395079048
19 69 356.0018596386653 -21.405337798129636 -8.605392154723802
19 70 363.743475008435 -21.61014348030946 -6.881049285853095
19 71 369.76395821037147 -21.57407485228333 -5.190757697612014
19 72 374.124990403659 -21.314616795786378 -3.586257468808583
19 73 376.93647314798864 -20.864071366699648 -2.109411829917633
19 74 378.3438140634943 -20.262882039145836 -0.7884318649299757
19 75 378.5133368778486 -19.55303022368031 0.36240753022562444
19 76 377.61899900304303 -18.773222229116755 1.3406033398015325
19 77 375.8321301982455 -17.956264571869298 2.152211555058102
19 78 373.3145758929268 -17.12822922734756 2.808652855983098
19 79 370.2148244862793 -16.30876654240413 3.324096291995346
19 80 366.66638330893613 -15.511995729053723 3.7135813784240668
19 81 362.7876617294312 -14.747580018281184 3.9918145477666087
19 82 358.6827542134029 -14.02176199855046 4.172488783871984
19 83 354.4426841616872 -13.338255846011918 4.26796751347311
19 84 350.1468191864567 -12.698966609831103 4.289200569160471
19 85 345.8642830233663 -12.104544853405258 4.245775197145804
19 86 341.6552687921651 -11.554800957832157 4.146036703278753
19 87 337.5722096168088 -11.049007214387615 3.9972376152603033
19 88 333.6607935616445 -10.586113826787283 3.8056912381541963
19 89 329.9608271405004 -10.164900731337951 3.576916623568138
19 90 326.5069603145082 -9.784082570849534 3.315768890229691
19 91 323.329289360041 -9.442380043701576 3.026552903545138
19 92 320.45385450741793 -9.138567464256283 2.7131205677818
19 93 317.9030482244774 -8.871503725367518 2.378953111978632
19 94 315.69594828346067 -8.640151852066765 2.027230221491891
19 95 313.8485877814936 -8.443590852533617 1.660887972503474
19 96 312.3741723384537 -8.281022488904028 1.2826674447607047
19 97 311.2832528919722 -8.15177480581167 0.8951557236321719
19 98 310.5838608911894 -8.055303689548282 0.5008208164453549
19 99 310.2816112590815 -7.991193325315777 0.20207508327237633
19 100 310.1797107246446

20 0 -321.14824540091456
20 1 -321.2812188910781 8.712052963851107 0.5113016674069968
20 2 -322.17084873572855 8.783776319574741 1.108678467081461
20 3 -323.498575825241 8.891749583782342 1.5429183307469714
20 4 -325.2566853972225 9.036452285844291 1.9681812946509467
20 5 -327.4349384145429 9.218532534261811 2.3818837942499442
20 6 -330.0204529857224 9.438809807347383 2.7813035360512686
20 7 -332.99754548664544 9.698277284614448 3.163535517908514
20 8 -336.3475240215394 9.998102675529026 3.5254396119404703
20 9 -340.0484247105264 10.339625976177444 3.863577375452394
20 10 -344.0746787724442 10.72435181984821 4.174135369666573
20 11 -348.3966954498595 11.153932981665179 4.452831870618496
20 12 -352.9803425136812 11.630140009951532 4.694803527604563
20 13 -357.78630250506865 12.154809701913706 4.89446840907658
20 14 -362.76927933183435 12.729761983596944 5.045362241244845
20 15 -367.87702698755834 13.356670422058784 5.139945956295236
20 16 -373.0491712444248 14.036865830918572 5.1693857036408986
20 17 -378.21579839484014 14.77104510459759 5.12331248760151
20 18 -383.29579621962785 15.558848817104746 4.989579479049382
20 19 -388.1949573529389 16.398262483618623 4.754053495157535
20 20 -392.8039032099429 17.2847908672355 4.400506516948695
20 21 -396.9959703868363 18.210358984634553 3.910716665107799
20 22 -400.6253365401585 19.161919881898825 3.264946567381145
20 23 -403.5258635215986 20.119817998505624 2.4430336313401426
20 24 -405.5114038028388 21.05609571320815 1.426377259984747
20 25 -406.3786180415681 21.933166095839198 0.20108757306257985
20 26 -405.91357894896396 22.703604830447517 -1.2376277292820816
20 27 -403.9033625830039 23.312148167819743 -2.8802403043427205
20 28 -400.1530983402785 23.701054810937876 -4.698077113008367
20 29 -394.5072083569872 23.81931070889064 -6.6411177956163385
20 30 -386.87086274904584 23.634235904296304 -8.641043087033353
20 31 -377.2251221829205 23.141194937466537 -10.620784813276657
20 32 -365.6292931224925 22.365615007883036 -12.50815982717927
20 33 -352.20880252856193 21.355100981928388 -14.247648701199921
20 34 -337.1339957200927 20.167065953455364 -15.805682115879733
20 35 -320.59743829680247 18.85786555311239 -17.16947047311774
20 36 -302.7950547738572 17.47610070722692 -18.34214490340443
20 37 -283.9131484899936 16.05993336056224 -19.33701408031817
20 38 -264.12102661322086 14.637108987091963 -20.172612581461152
20 39 -243.5679233270713 13.226359422660579 -20.86913210220854
20 40 -222.38276240880379 11.839258221652997 -21.44618383328151
20 41 -200.67555566050828 10.482014666294006 -21.921585998189272
20 42 -178.53959041242524 9.156985662066845 -22.31084024765326
20 43 -156.05387516520176 7.863853057211173 -22.6270226518335
20 44 -133.28554510875824 6.600494007620981 -22.880896202142793
20 45 -110.29208276091617 5.363600670453991 -23.0811214412427
20 46 -87.12330222627284 4.14910851366453 -23.234492313645546
20 47 -63.82309813362508 2.952484985662551 -23.346157336578763
20 48 -40.430987553115315 1.7689199770857194 -23.419806175066753
20 49 -16.98348578349157 0.5934499206410138 -23.457812943591662
20 50 6.484638334068008 -0.5789602060374088 -23.46133332031721
20 51 29.939180857142848 -1.7533580164675033 -23.430355102143604
20 52 53.34534853835522 -2.9347521676998554 -23.36370263424901
20 53 76.66658612564086 -4.1280534365326815 -23.258995613593893
20 54 99.863339765543 -5.337992952318814 -23.112562851488754
20 55 122.89171182861837 -6.568999443442202 -22.91931242373812
20 56 145.70196461301924 -7.825012728591361 -22.672562159717565
20 57 168.2368361480535 -9.109204138182221 -22.363839941657204
20 58 190.42964449633365 -10.42356648124786 -21.982673731322024
20 59 212.20218361069755 -11.768327890638773 -21.516409308106915
20 60 233.46246311254748 -13.141138595404655 -20.95012275304893
20 61 254.1024291167954 -14.535984081071433 -20.2667379862676
20 62 273.9959390850827 -15.941804581528828 -19.447517941922797
20 63 292.997465000641 -17.340869587890268 -18.473164351480847
20 64 310.9422677880444 -18.707094756213905 -17.325811493400266
20 65 327.64908798744153 -20.00472387198255 -15.992178750182887
20 66 342.92662528841015 -21.18812826491026 -14.467958999760782
20 67 356.5850059869631 -22.20380979250345 -12.763041623130391
20 68 368.45270853467093 -22.99576463277353 -10.906336214590965
20 69 378.397678416145 -23.51468684989095 -8.94797647659766
20 70 386.34866148786625 -23.72957236819599 -6.9562766998351435
20 71 392.3102318158153 -23.6374283724372 -5.0081910900874504
20 72 396.36504366804115 -23.265296728765634 -3.1756916284917054
20 73 398.6616150727987 -22.66238218189838 -1.5139991468296898
20 74 399.39304196170053 -21.887700256109696 -0.05630102373808654
20 75 398.7742171202749 -20.999228556246152 1.1850803910221543
20 76 397.0228811796562 -20.04722385437765 2.2138350388747767
20 77 394.34654704252534 -19.07154925839069 3.043930530299235
20 78 390.93502011905775 -18.101706095003152 3.6946701172103076
20 79 386.95720680810473 -17.158245039238864 4.187134134735118
20 80 382.5607518495875 -16.25462949660198 4.5419533851981555
20 81 377.8733000377084 -15.399037888771886 4.778108965173999
20 82 373.0045339192395 -14.595884351176295 4.912422923130066
20 83 368.0484541914483 -13.847005464299428 4.959466298897894
20 84 363.08560132144373 -13.1525405694195 4.9316923831376585
20 85 358.18506942517297 -12.511561731447841 4.839672888315761
20 86 353.4062555448122 -11.92251223576352 4.692365391625032
20 87 348.8003386419229 -11.383504717123515 4.497373670057556
20 88 344.4115082046971 -10.892519351710916 4.261182845458279
20 89 340.27797295100635 -10.447532438253262 3.989362866808392
20 90 336.4327824710803 -10.046597354803708 3.6867400349224795
20 91 332.9044928811614 -9.687893470343397 3.3575392386808005
20 92 329.7177039937187 -9.369753871997858 3.005500730580877
20 93 326.89349141999963 -9.09067938718647 2.633975474045201
20 94 324.4497530456283 -8.849344000287488 2.246002838855418
20 95 322.4014857422888 -8.644595109580422 1.8443739785453772
20 96 320.76100508853756 -8.475450931254642 1.4316837397559539
20 97 319.5381182627769 -8.341096578337272 1.0103735000642473
20 98 318.74025808840906 -8.240879812948492 0.5827669387985281
20 99 318.37258438517983 -8.17430711272425 0.2511097941794276
20 100 318.2380385000502

21 0 -329.9147890018057
21 1 -330.0841237152311 8.875505600832298 0.5660027255530622
21 2 -331.0467944529118 8.949657323785232 1.200192359141738
21 3 -332.4845084335146 9.06134579252199 1.6716413401872785
21 4 -334.39007713328635 9.211141670296428 2.13473328591931
21 5 -336.7539750053532 9.399821016620137 2.5870746724329763
21 6 -339.5642264781523 9.628373929258714 3.026139059395092
21 7 -342.8062531241434 9.898014747756804 3.449223136097686
21 8 -346.4626727503477 10.21019317317112 3.8533931952792955
21 9 -350.513039514702 10.56660523185289 4.235419078443954
21 10 -354.9335109072356 10.969202341647673 4.591691942877986
21 11 -359.69642340045795 11.420195702359138 4.918121355598572
21 12 -364.76975361843273 11.922051644859835 5.210006242481768
21 13 -370.1164358854215 12.477471166435237 5.4618731866058
21 14 -375.69349999164433 13.089343270068014 5.6672746639749505
21 15 -381.4509852133714 13.760656381667843 5.818539422251774
21 16 -387.3305788361479 14.494344347597035 5.906468122669452
21 17 -393.2639214587103 15.293032496790659 5.919971007006552
21 18 -399.170520850161 16.158634229516792 5.845653232730228
21 19 -404.95522792417074 17.091729386998963 5.667371819514756
21 20 -410.5052644891905 18.0906338512809 5.3658223491465264
21 21 -415.6868726224638 19.15005123030315 4.918272672593162
21 22 -420.3418098343768 20.259196610608342 4.298655059224387
21 23 -424.28418274091257 21.39932949626683 3.478363025997055
21 24 -427.2985358863709 22.540782648616556 2.428260406743533
21 25 -429.14070355439964 23.639906679470556 1.1225335646452095
21 26 -429.54360301566135 24.636949809022553 -0.45505938316205174
21 27 -428.23058478807553 25.456745632373583 -2.3025643252504153
21 28 -424.9384743651605 26.01485218729661 -4.390293681140093
21 29 -419.44999742579535 26.231472569095445 -6.65418682917479
21 30 -411.63010070681094 26.052375620150087 -8.997979164447145
21 31 -401.45403909690106 25.469150335435245 -11.308752145431185
21 32 -389.01259641594856 24.52460342516821 -13.482330576163832
21 33 -374.4893779445734 23.295545994644897 -15.444570813207065
21 34 -358.12345478953443 21.86876143309925 -17.15811913555541
21 35 -340.1731396734626 20.323230228685247 -18.617022243936276
21 36 -320.8894103016619 18.72171756191173 -19.836377047633533
21 37 -300.5003855781955 17.10934558246285 -20.842391307376374
21 38 -279.20462768690913 15.515807158553883 -21.66509394277591
21 39 -257.1701976926437 13.958792609218733 -22.333876386570594
21 40 -234.53687491376795 12.447329439677219 -22.875212757799815
21 41 -211.41977217704405 10.984521523889583 -23.31178744149777
21 42 -187.9133000307724 9.569595637879388 -23.66241698878082
21 43 -164.0949381994824 8.199341878812561 -23.942358383682574
21 44 -140.02858326340726 6.869084236465341 -24.16376198642105
21 45 -115.76741422664031 5.573310829325813 -24.336139576731156
21 46 -91.35630410994494 4.3060679975210405 -24.466785603468523
21 47 -66.83384301970327 3.06119548189551 -24.561127184089365
21 48 -42.23404974176621 1.8324574204804769 -24.622997261700885
21 49 -17.587848496301497 0.6136071200301618 -24.654833563113982
21 50 7.075617384461749 -0.6015880423496998 -24.657808498098348
21 51 31.7277684998952 -1.8193426536656236 -24.631894717226835
21 52 56.33940681891542 -3.045855414662853 -24.575869264199685
21 53 80.87950702829457 -4.287303961212089 -24.48725698977647
21 54 105.31392079846836 -5.549817789404123 -24.362211708253582
21 55 129.60393044480173 -6.839410991021332 -24.195332034282018
21 56 153.7045848670324 -8.161849780761969 -23.979408766169882
21 57 177.5627479771415 -9.522419450357944 -23.705103513766062
21 58 201.11479189456452 -10.92554079038311 -23.360566496296755
21 59 224.283880969735 -12.374167081800039 -22.93101920901499
21 60 246.9768303125945 -13.86887111824555 -22.398361427574386
21 61 269.0806038248838 -15.406513214543878 -21.740920772701244
21 62 290.458671857997 -16.978380309518457 -20.933556929218838
21 63 310.94771768332146 -18.567733361205995 -19.94846714262124
21 64 330.35560614323947 -20.14684968476584 -18.7572007094505
21 65 348.46211910222246 -21.673979739959833 -17.334513384471023
21 66 365.0246329121815 -23.09123698670726 -15.664615665645812
21 67 379.7913504335141 -24.32529230585547 -13.749793526176461
21 68 392.52421996453444 -25.293514565297556 -11.619941452466549
21 69 403.0312333384472 -25.917886411118417 -9.339199890146261
21 70 411.20261974482696 -26.14591519760512 -7.003790808399344
21 71 417.03881495524587 -25.97087902627581 -4.726482058181659
21 72 420.6555838611903 -25.437227834989272 -2.6112112782697636
21 73 422.2612375117854 -24.623390969901294 -0.731815357261695
21 74 422.11921457571367 -23.617772489667175 0.8747217607222524
21 75 420.5117939903409 -22.50100009685275 2.202883931957672
21 76 417.7134467117983 -21.337530447211634 3.268282637656995
21 77 413.9752287150269 -20.174233876677988 4.097729314432598
21 78 409.51798808293313 -19.04261764111544 4.721957075134924
21 79 404.53131456475705 -17.962261151252847 5.1711728903965195
21 80 399.1756423021401 -16.94416451096788 5.472788528891044
21 81 393.58573750697497 -15.993497526501983 5.650559693192292
21 82 387.8745229157555 -15.111657455200998 5.7245212083444414
21 83 382.1366950902861 -14.297722192340615 5.711311295229905
21 84 376.4519003252957 -13.549435211024303 5.624644302012058
21 85 370.88740648626197 -12.863851728159716 5.475803530801784
21 86 365.50029326369213 -12.23775014442441 5.27409371760308
21 87 360.3392190510558 -11.66788568113813 5.027230499312907
21 88 355.4458322650663 -11.151140375673748 4.741663517024449
21 89 350.8558920170069 -10.684606400902936 4.422838620475346
21 90 346.6001550241156 -10.265627405530523 4.075407858139556
21 91 342.7050763007278 -9.89181411740563 3.7033963863509882
21 92 339.19336225141365 -9.56104475444954 3.310334650938728
21 93 336.08440699885034 -9.271457006806742 2.8993629836890022
21 94 333.39463628403564 -9.021435872715216 2.4733144990979383
21 95 331.13777800065446 -8.809600017582625 2.03478104153632
21 96 329.325074200963 -8.634788286567613 1.586165976003855
21 97 327.96544604864675 -8.49604733855557 1.1297268419383215
21 98 327.06562051708636 -8.392620953319977 0.6676102820583765
21 99 326.63022548453 -8.32394130813492 0.3018624146576201
21 100 326.4618956877711

22 0 -338.8254245498329
22 1 -339.0322300927427 9.001880549396418 0.6223694167330507
22 2 -340.070163383299 9.078018033658282 1.2945186587711532
22 3 -341.621267410285 9.192752107976787 1.8044026772581674
22 4 -343.67896873781535 9.346737827939648 2.3066565187490937
22 5 -346.2345804477832 9.540870486125783 2.799116053212231
22 6 -349.2772008442398 9.776300477220474 3.279497267187935
22 7 -352.79357498215904 10.054452012374782 3.74535476182092
22 8 -356.76791036788165 10.377045594757533 4.194030096036556
22 9 -361.18163517423216 10.746123924531048 4.622586543928946
22 10 -366.01308345573955 11.164080451833627 5.02772584017282
22 11 -371.2370868545778 11.63368901355571 5.405681173830658
22 12 -376.82444580340086 12.158131671415589 5.752078991680662
22 13 -382.7412448379391 12.74101969530139 6.0617600342847595
22 14 -388.9479658719704 13.386399106315594 6.328547456477452
22 15 -395.398339750894 14.098726535506557 6.544947033824258
22 16 -402.0378599396189 14.882792200341271 6.701761818763714
22 17 -408.80186338842145 15.743552854520232 6.787602369521267
22 18 -415.61306467866143 16.685816311417625 6.788276369257687
22 19 -422.3784161269368 17.71368778574805 6.6860531169216415
22 20 -428.9851709125047 18.8296444095312 6.45882836025288
22 21 -435.2960728474426 20.033048318124855 6.079279424435242
22 22 -441.1437297613752 21.317850254153598 5.5142248333448265
22 23 -446.32452251413224 22.66920668526251 4.724619669348357
22 24 -450.5929691000719 24.0588126781264 3.666954443188473
22 25 -453.6584314005092 25.439100539428154 2.297254733468577
22 26 -455.18747856700907 26.737335594442953 0.5792112236209448
22 27 -454.8168538477511 27.8523497901991 -1.5023379260686625
22 28 -452.18280271487174 28.659123732091217 -3.9233501762865046
22 29 -446.97015349517807 29.02819606899149 -6.603594362762863
22 30 -438.975613989346 28.86355217925464 -9.403365320693553
22 31 -428.16342285379096 28.147602624487547 -12.148557008258535
22 32 -414.67849997282894 26.957714368183616 -14.681764167969618
22 33 -398.7998945178517 25.423890981806437 -16.90349069326888
22 34 -380.8715185862912 23.680016128090898 -18.777997881839383
22 35 -361.24389875417296 21.83607066445822 -20.31651434430526
22 36 -340.23848989768067 19.970385138219 -21.556029549626828
22 37 -318.1318396549193 18.13281073913086 -22.542924483676018
22 38 -295.15264093032863 16.35155065319961 -23.32316555470527
22 39 -271.48550854550876 14.639908574477431 -23.937609821085204
22 40 -247.27742128815822 13.00162468827115 -24.42045491861066
22 41 -222.64459870828745 11.434650903327395 -24.799319799987103
22 42 -197.67878168818402 9.9336446604661 -25.096019892730283
22 43 -172.45255892282688 8.491535648235441 -25.327534053247547
22 44 -147.02371358168892 7.100466734260351 -25.50692725162954
22 45 -121.4387044195678 5.752330351462874 -25.644137680187
22 46 -95.73543822131492 4.43905103163118 -25.74660766107585
22 47 -69.9454890974161 3.152712304038829 -25.819767913619327
22 48 -44.09590239407627 1.8855902440653125 -25.867394536932103
22 49 -18.210700023551894 0.6301325565601417 -25.89185840642184
22 50 7.687814418767408 -0.6210925515323051 -25.894283094012994
22 51 33.577866164474095 -1.8754621145194044 -25.874622474456757
22 52 59.437059367680924 -3.1403676886831704 -25.831663941795473
22 53 85.24119404806504 -4.4232784834461825 -25.762957988335163
22 54 110.96297534435125 -5.731787281057663 -25.664669881297996
22 55 136.57053381066103 -7.07362370972514 -25.531344415095965
22 56 162.02566417454318 -8.456611235304635 -25.355570619054177
22 57 187.2816750487694 -9.888530723017723 -25.127530951278345
22 58 212.28072607709987 -11.376832406640403 -24.834421362764118
22 59 236.95051777429762 -12.928106876448552 -24.459739635969356
22 60 261.2002053490386 -14.547181874058722 -23.98246888579277
22 61 284.91545554588316 -16.235655748306414 -23.376247177540506
22 62 307.9526997041196 -17.989619970620254 -22.608738088584914
22 63 330.132931723053 -19.796294095377846 -21.64163372672823
22 64 351.23596715757606 -21.629375627830257 -20.432057872154104
22 65 370.9970474673612 -23.443254647461316 -18.936566052124306
22 66 389.10909926182467 -25.167123644200473 -17.11927156565642
22 67 405.23559059867404 -26.70172110006527 -14.965319201720689
22 68 419.03973766526605 -27.92391573478224 -12.498930319853912
22 69 430.23345123838186 -28.70610599083679 -9.800377108905224
22 70 438.6404918830765 -28.954085612806693 -7.009269314992537
22 71 444.25198986836693 -28.651995760940565 -4.299503727471603
22 72 447.2394993380197 -27.878852556241156 -1.8282035721171894
22 73 447.9083970126013 -26.766266876363574 0.3054561984924078
22 74 446.6285869410349 -25.449735302918526 2.0660898493104582
22 75 443.7762173139804 -24.040891650146506 3.465322433477695
22 76 439.6979420740795 -22.619779450131375 4.540601259049538
22 77 434.6950147958813 -21.238034041686404 5.338843336395428
22 78 429.02025540128864 -19.925721536850006 5.906642842635449
22 79 422.8817291106104 -18.69809472909276 6.285587264882679
22 80 416.4490808715233 -17.560937913167038 6.510717009949019
22 81 409.8602950907124 -16.5143531133439 6.610616020940881
22 82 403.2278488296415 -15.555267344771778 6.608198257291434
22 83 396.6438985761295 -14.679015394404331 6.521688543074589
22 84 390.18447174349234 -13.880299568885334 6.365562847318557
22 85 383.9127728814924 -13.153747807421666 6.151357954915653
22 86 377.88175583366103 -12.494221020485867 5.888331438646617
22 87 372.13611000419917 -11.896968006167924 5.583983438808218
22 88 366.7137889560446 -11.357690250218695 5.244462125693474
22 89 361.6471857528122 -10.872555273882966 4.874875836951617
22 90 356.96403728214136 -10.438182114274468 4.4795323184197855
22 91 352.68812111597265 -10.051613079701752 4.062121889761784
22 92 348.8397935026178 -9.710280088768428 3.6258578411797657
22 93 345.4364054336131 -9.411970339254651 3.173584355779525
22 94 342.49262479105874 -9.154793902935381 2.7078598280795347
22 95 340.02068577745405 -8.937154565058904 2.2310215646929805
22 96 338.0305816616728 -8.75772448517344 1.7452364187830085
22 97 336.53021293988803 -8.6154228407392 1.2525408333118833
22 98 335.525499995049 -8.509398398070914 0.7548729692191785
22 99 335.0204670014497 -8.439015857947652 0.35404789830735695
22 100 334.8174041984343

23 0 -347.84273317565356
23 1 -348.08788481402394 9.090145597108773 0.6800486722873984
23 2 -349.20283052022836 9.167771020737177 1.3910639177221071
23 3 -350.87001264946815 9.284794837141476 1.9403611344686453
23 4 -353.08355278916565 9.441945370553015 2.4828516640683063
23 5 -355.83571597760476 9.640222150447102 3.0166373217138016
23 6 -359.11682743259325 9.880916961623086 3.5397205856440905
23 7 -362.91515714889294 10.165641146631685 4.049968253634745
23 8 -367.21676393986274 10.496359755999322 4.545065107435562
23 9 -372.00528736376407 10.875433160877634 5.022453935520048
23 10 -377.26167181090284 11.305666640343162 5.479257031902648
23 11 -382.96380142756936 11.79036812918298 5.912172575180534
23 12 -389.0860169612639 12.333413583310062 6.3173369242274475
23 13 -395.59847527602426 12.93931798144797 6.690140621505805
23 14 -402.4662982042755 13.61330730724012 7.0249815041801185
23 15 -409.6484382843845 14.361382052175856 7.314932516277452
23 16 -417.0961632368304 15.190354345251478 7.551294441683126
23 17 -424.75102716775075 16.1078262642404 7.722995118082906
23 18 -432.54215347299623 17.12205219820541 7.815788163958047
23 19 -440.38260349566684 18.24158707744016 7.811199917628329
23 20 -448.1645533082529 19.474555878988923 7.685182881523332
23 21 -455.7529692587135 20.827276938700237 7.406478517215561
23 22 -462.977510342684 22.301823629697367 6.934813426362041
23 23 -469.6225961114376 23.891925245002938 6.219325449969858
23 24 -475.41616124262373 25.57645645228368 5.1981542609091775
23 25 -480.01890463325594 27.309861810130542 3.801056480961762
23 26 -483.01827420454725 29.0097300914814 1.958189867608894
23 27 -483.93528436847373 30.544364647510008 -0.3807761876021516
23 28 -482.25672182934295 31.72882612907665 -3.2144474023477017
23 29 -477.5063895637783 32.34616619621315 -6.4497583820113675
23 30 -469.3572050653202 32.21365042606564 -9.878572608951089
23 31 -457.74924434587615 31.287972436192888 -13.21458995650221
23 32 -442.9280251523158 29.72331938919541 -16.206042218844942
23 33 -425.33715990818627 27.75156672787631 -18.722269053299783
23 34 -405.48348704571623 25.581413867018483 -20.745939452903627
23 35 -383.845281002379 23.361541211055567 -22.326653233808173
23 36 -360.8301805780999 21.182643461938028 -23.539636972960892
23 37 -336.7660070564572 19.092452776697826 -24.461225792395766
23 38 -311.90772899330835 17.110926404120846 -25.15799610742934
23 39 -286.45001484159854 15.241643171046462 -25.683802351499054
23 40 -260.54012429031025 13.47928158116369 -26.08047042894985
23 41 -234.28907398369884 11.814150294592608 -26.37976746930282
23 42 -207.7805893517046 10.234774005307372 -26.605532243872773
23 43 -181.0780094959533 8.729284649218386 -26.775536309888324
23 44 -154.22951673192796 7.286111192513914 -26.902967283193618
23 45 -127.27207492956606 5.894271348901718 -26.997555279360327
23 46 -100.2344061732073 4.543444288630226 -27.066403650892568
23 47 -73.13926762778092 3.2239269687736254 -27.114587971655233
23 48 -46.00523022989684 1.9265313706594185 -27.145577009179572
23 49 -18.84811360942178 0.6424536745518168 -27.161516358711598
23 50 8.31780248752636 -0.6368684516759728 -27.163403169177894
23 51 35.47869272893401 -1.919902341908628 -27.151169854377702
23 52 62.62014219628176 -3.215166390517677 -27.123685633126463
23 53 89.72606399518693 -4.531372519795468 -27.078676582150962
23 54 116.77749536058369 -5.877560502849555 -27.01255693453254
23 55 143.751177864252 -7.263215398810317 -26.92015598852899
23 56 170.61780733764166 -8.698351174633189 -26.794315779462465
23 57 197.33980942317694 -10.193529100744627 -26.62532468510183
23 58 223.86845670784533 -11.759754797590887 -26.400142649727584
23 59 250.1400947226321 -13.40815669921514 -26.10136867643331
23 60 276.07119406071195 -15.149282234148558 -25.705910299432247
23 61 301.5519153214966 -16.991745105741586 -25.183358869262776
23 62 326.4379117992375 -18.939809062044276 -24.49419527629027
23 63 350.54030587407715 -20.989309802387965 -23.588222799831243
23 64 373.6143573989 -23.121165107848952 -22.40416126153397
23 65 395.3486283971451 -25.291820071209997 -20.87226140084124
23 66 415.35888020058246 -27.420841622119156 -18.923082118249766
23 67 433.1947926336446 -29.37850589528358 -16.50658561675823
23 68 448.3720514340989 -30.981848169781983 -13.624326343238067
23 69 460.44344532012076 -32.0158825616337 -10.369369768170714
23 70 469.11079097044035 -32.29977825417714 -6.94968057850312
23 71 474.342806477127 -31.792003139300647 -3.6512490016161223
23 72 476.4132889736726 -30.64835782453602 -0.7254823936927721
23 73 475.79377126451254 -29.10226442542472 1.6973018960609352
23 74 473.0186851815507 -27.3639909711259 3.6000969869393202
23 75 468.5935772906339 -25.583854652010842 5.032839784744823
23 76 462.9530056120611 -23.854271797908268 6.071140246117096
23 77 456.4512967983997 -22.22478547838233 6.791787227713968
23 78 449.36943115663314 -20.717255516665887 7.261896387728569
23 79 441.92750402294257 -19.337259570171625 7.535956514079487
23 80 434.29751812847417 -18.081579352455435 7.656530144639902
23 81 426.61444373366277 -16.94274296146196 7.656230261587552
23 82 418.98505760529906 -15.91162627694706 7.5598589272840115
23 83 411.49472587909474 -14.978863381365016 7.386279071116348
23 84 404.21249946306637 -14.135559443871614 7.149911888994723
23 85 397.1949021011053 -13.373609782472528 6.861882079201251
23 86 390.48873530466386 -12.685804691194818 6.530873518856822
23 87 384.13315506339165 -12.065823314676067 6.163761269580078
23 88 378.1612127655037 -11.50817459623417 5.766076249309407
23 89 372.60100256477284 -11.008117087695524 5.342346756419573
23 90 367.47651925266456 -10.561574449975438 4.89635005232077
23 91 362.8083024601313 -10.165055074740877 4.431298411857028
23 92 358.6139224289505 -9.815579627517764 3.949977391385829
23 93 354.90834767735964 -9.510617826783687 3.454849169522049
23 94 351.7042240899064 -9.248034496111273 2.9481302732936854
23 95 349.0120871307723 -9.026044321880505 2.4318504592982606
23 96 346.8405231713099 -8.84317451295803 1.9078977003235593
23 97 345.19629173012515 -8.698234519142062 1.378052929040848
23 98 344.0844173132282 -8.590292026169863 0.8440172648499242
23 99 343.5082572004253 -8.518654554158076 0.4073463172623235
23 100 343.26972467870354

24 0 -356.92840820424095
24 1 -357.2125212869602 9.139519760783429 0.7386486102662104
24 2 -358.4057054247734 9.21808782462162 1.4891678988038564
24 3 -360.19085708456794 9.336570959497323 2.0785770270740045
24 4 -362.5628594789214 9.495755335153433 2.6620838320547193
24 5 -365.5150247486774 9.696723489080682 3.2380876442823023
24 6 -369.039034767486 9.940881037192014 3.804916263372519
24 7 -373.1248572754224 10.229991953907131 4.360797556197156
24 8 -377.7606298798803 10.56622376387017 4.903822110282505
24 9 -382.9325014959874 10.952204327500965 5.431893428272787
24 10 -388.62441673642587 11.391092249823174 5.942660808478166
24 11 -394.81782311294376 11.886663250461055 6.4334281167975575
24 12 -401.491272970021 12.443415001378355 6.901028843945653
24 13 -408.61988080083506 13.066692762254121 7.341653758214818
24 14 -416.1745804864506 13.762837218485487 7.750611527205336
24 15 -424.12110385524574 14.539353481456487 8.121994071835616
24 16 -432.41856863012185 15.405094785774793 8.44820603082826
24 17 -441.01751591690225 16.370443287678683 8.719300222475198
24 18 -449.85716907507225 17.447448500804228 8.922037182457444
24 19 -458.86159028181714 18.64984216322071 9.038556797705155
24 20 -467.93428267048256 19.99277055417943 9.04451822151296
24 21 -476.95062672484306 21.491944169550038 8.906547175143686
24 22 -485.74737702076993 23.161657916760873 8.578873139647527
24 23 -494.1083730041381 25.01072860869749 7.999252491934669
24 24 -501.74588200463927 27.03479811228874 7.084891008316077
24 25 -508.27815502077027 29.20277439309848 5.730528372666299
24 26 -513.2069387499719 31.43504522584928 3.813714061000411
24 27 -515.9055831427711 33.573415973476756 1.2167581115265875
24 28 -515.640454973025 35.351895826511736 -2.1215486275833655
24 29 -511.66248588760436 36.399942889637174 -6.118770065773873
24 30 -503.4029148414773 36.34297620978671 -10.461559080713812
24 31 -490.73936772617674 35.05390090836676 -14.638888045128766
24 32 -474.12513875121977 32.88340739458536 -18.218169876286197
24 33 -454.30302797360434 30.26597219308647 -21.045396215445805
24 34 -432.03434632032815 27.521854572358166 -23.168023398660125
24 35 -407.9669811762841 24.836342530268126 -24.715284749385717
24 36 -382.6037768215567 22.297442432557006 -25.82511798398457
24 37 -356.31674520831496 19.93556833136759 -26.6146415414932
24 38 -329.3744937385703 17.751033408296536 -27.173975160356633
24 39 -301.9687948876017 15.730216732496615 -27.56925464404236
24 40 -274.2359844504856 13.854209945285959 -27.847947795064513
24 41 -246.27289929747266 12.103098524015635 -28.04382737584342
24 42 -218.14832969879876 10.457889090742128 -28.180885538104505
24 43 -189.91112822126365 8.901231557862104 -28.276196866041005
24 44 -161.59593596671675 7.417554326780348 -28.34194055194621
24 45 -133.22724711737123 5.992932278259929 -28.38680458407069
24 46 -104.82232679857538 4.614847080409376 -28.416952041203942
24 47 -76.39334303496335 3.271915737718558 -28.436680831590134
24 48 -47.948965135395106 1.9536205664636164 -28.448867831153912
24 49 -19.495607372655527 0.6500523635321844 -28.45525822875723
24 50 8.961551322119353 -0.648331919164332 -28.45663911047344
24 51 37.41767084829135 -1.950940543299435 -28.45292041329846
24 52 65.86739214871628 -3.2672729079676444 -28.443134119682313
24 53 94.30393908765598 -4.607145834904891 -28.42535210066704
24 54 122.71809635005036 -5.980924968897881 -28.396512760312845
24 55 151.09696460828167 -7.399763238229923 -28.3521350868796
24 56 179.42236652380956 -8.875842470797522 -28.285884320988487
24 57 207.66873325025864 -10.422602727485966 -28.188934574236043
24 58 235.80023567228164 -12.054921699001085 -28.049048961234632
24 59 263.7668311727279 -13.789164493650787 -27.849267072527027
24 60 291.4987698173357 -15.64294617045718 -27.566057292319215
24 61 318.89894575736633 -17.634308151747888 -27.166774005436224
24 62 345.83231782820815 -19.779762887945907 -26.606302785231293
24 63 372.1115513278289 -22.09025485610516 -25.822989772532907
24 64 397.47829737327396 -24.563487713483994 -24.734568140976137
24 65 421.5806876097812 -27.170391389762102 -23.23624256639451
24 66 443.950782506063 -29.833364898958678 -21.205957389730003
24 67 463.9926023892412 -32.39624480566539 -18.526325749383517
24 68 481.00343400483 -34.59511514802233 -15.136306986204033
24 69 494.26521636164927 -36.06154565303086 -11.118307193300382
24 70 503.2400483914308 -36.423024199323606 -6.785389892659481
24 71 507.8359961469682 -35.554303857027236 -2.648083297830482
24 72 508.53621498709174 -33.807555981332314 0.8615351417587362
24 73 506.11292586345076 -31.61865156434419 3.5898230519025276
24 74 501.3565688832867 -29.309325485932675 5.584499622724337
24 75 494.9439266180021 -27.066467648102844 6.975041606695328
24 76 487.406485669896 -24.979808513542963 7.89967043267805
24 77 479.144585752646 -23.081595887878507 8.47585961763781
24 78 470.4547664346204 -21.37407913418062 8.794168750846154
24 79 461.5562482509537 -19.845676356181883 8.92126342909313
24 80 452.61223957643415 -18.47962826335359 8.905233618658684
24 81 443.7457810136363 -17.25829217032171 8.780569096449256
24 82 435.05110138353564 -16.165086857963303 8.572077837388377
24 83 426.60162533885955 -15.185236878609857 8.297755376150036
24 84 418.45559063123557 -14.305934752772288 7.970816446211046
24 85 410.65999244643746 -13.516241387288062 7.601112707592449
24 86 403.25336521605067 -12.806885148231089 7.196117906443078
24 87 396.2677566335513 -12.17003672462883 6.761613533768866
24 88 389.73013814851294 -11.59909449625701 6.302168352674016
24 89 383.66341992820327 -11.088494032862599 5.821475983210348
24 90 378.08718618209224 -10.63354523475121 5.322594331374432
24 91 373.0182312654544 -10.230296063598956 4.808116712219459
24 92 368.4709527576533 -9.875420011472812 4.280295089136956
24 93 364.4576410871805 -9.566123983410648 3.741129487186015
24 94 360.9886937832813 -9.30007339934349 3.1924333329827164
24 95 358.07277442121506 -9.07533169397476 2.6358815478462247
24 96 355.71693068758884 -8.890311834847779 2.0730462215214516
24 97 353.92668197817216 -8.743737910723638 1.50542332010005
24 98 352.70608404738874 -8.634615233697076 0.9344529342031649
24 99 352.0577761097658 -8.562207741548036 0.461407257511496
24 100 351.78326953236575

25 0 -366.0435153993187
25 1 -366.3669243355908 9.149498084704021 0.7977453850764391
25 2 -367.6390061694716 9.228426473699159 1.5881151164360006
25 3 -369.5431545684628 9.347479986074006 2.2180286450004587
25 4 -372.0750634594725 9.507483329231832 2.843004193651666
25 5 -375.2291629557661 9.709575121941555 3.4617630237523827
25 6 -378.9985895069773 9.95523922405144 4.0729890504705395
25 7 -383.3751410567072 10.246346633315369 4.675310980312901
25 8 -388.3492114676031 10.585210012683461 5.267277481029396
25 9 -393.909696018766 10.974653589617105 5.847322421473052
25 10 -400.0438563105492 11.418102011703382 6.413715954862738
25 11 -406.7371279284915 11.919692786874293 6.964495326735715
25 12 -413.9728469640206 12.484418207973533 7.4973664360205134
25 13 -421.7318608005325 13.118304149341299 8.009562838612936
25 14 -429.9919726412465 13.828634720198636 8.497642223382485
25 15 -438.72714524729747 14.624233132712817 8.957190083566758
25 16 -447.90635280838 15.51580945552621 9.382384247905321
25 17 -457.4919137431081 16.516383250724715 9.765348833112341
25 18 -467.4370504746047 17.64177918907464 10.095187039500075
25 19 -477.68228782210826 18.911167487929788 10.35652197100353
25 20 -488.15009441661175 20.3475592164975 10.527284887852659
25 21 -498.7368575978136 21.978029555956397 10.575365879797005
25 22 -509.30082617620576 23.83315071603795 10.453597865509494
25 23 -519.6440533288326 25.944519825678924 10.092465645497725
25 24 -529.4857574672012 28.3381077647349 9.390200045310166
25 25 -538.4244534194529 31.01908967101886 8.201303594522301
25 26 -545.8883646562458 33.94075933776776 6.32883144798717
25 27 -551.0821163154272 36.94772781223105 3.5360744130603052
25 28 -552.9605134823664 39.68985975366138 -0.3879204861872836
25 29 -550.3062753430527 41.542717017194605 -5.458677998736391
25 30 -542.0431574848936 41.68854396894304 -11.224614590221506
25 31 -527.8570461626097 39.68617604757753 -16.67415877170356
25 32 -508.6948399414865 36.476518614260215 -20.99397093412523
25 33 -485.8691042943592 32.89441079852094 -24.08382187552698
25 34 -460.52719619043256 29.392291567362122 -26.17556911572197
25 35 -433.51796606291526 26.154308921582754 -27.551065373609333
25 36 -405.4250654432139 23.2260746122476 -28.440411171861427
25 37 -376.6371437191924 20.59319510145508 -29.007634816656235
25 38 -347.4097958099014 18.220182132534774 -29.363347706300317
25 39 -317.9104483065918 16.067579756235943 -29.58062581450963
25 40 -288.24854418088216 14.09862264679009 -29.70758863743083
25 41 -258.4952710317301 12.281255842881095 -29.77608832384665
25 42 -228.69636753318886 10.588254504376849 -29.807399210026304
25 43 -198.8804726116775 8.996658856665306 -29.815871073850104
25 44 -169.06462538548865 7.487035232793588 -29.811266562795794
25 45 -139.25793948608592 6.042761002293815 -29.8002625257313
25 46 -109.46410033402606 4.649396736055415 -29.787420191433938
25 47 -79.68309910321804 3.2941539510754296 -29.775814485600993
25 48 -49.91247136282407 1.965446199808678 -29.767440383365944
25 49 -20.14821833648615 0.6525050480436398 -29.76346884433955
25 50 9.614466325855023 -0.6549582006832697 -29.76439607600951
25 51 39.38057381553288 -1.9670631317583442 -29.770110843181016
25 52 69.15468801221705 -3.29406009542204 -29.77989092473192
25 53 98.94035566499672 -4.6466354470610725 -29.7923286430812
25 54 128.73934529837945 -6.036237965820533 -29.805174337857572
25 55 158.55070434071186 -7.475442122437002 -29.81507349042863
25 56 188.3694922792367 -8.978362998585425 -29.81715526871851
25 57 218.18501487814888 -10.561134081006017 -29.804403913305393
25 58 247.9783001058475 -12.242448566239148 -29.766704415892406
25 59 277.7184237099337 -14.044138058597753 -29.689393147889405
25 60 307.3570864016263 -15.991700399244564 -29.551053957529348
25 61 336.8205316249924 -18.114551216813965 -29.320175586751503
25 62 365.9974375751293 -20.44548239416821 -28.950141980647544
25 63 394.7208155862875 -23.018214495879022 -28.37194762536933
25 64 422.74133282586797 -25.860771431571692 -27.484297795190912
25 65 449.6894111766693 -28.98034140984396 -26.142138586315923
25 66 475.0256099984998 -32.33223093353962 -24.148935534153054
25 67 497.9872822449754 -35.76311653911651 -21.268335865821882
25 68 517.5622817301436 -38.925045026166316 -17.28962719060354
25 69 532.5665366261825 -41.19591939459846 -12.19727881947199
25 70 541.9568393690876 -41.76039679733188 -6.442438782499494
25 71 545.4514141911815 -40.1793791487986 -1.0357807836248298
25 72 544.0284009363372 -37.39483525546427 3.210169898990273
25 73 539.0310743932009 -34.242674912761004 6.195532391460574
25 74 531.6373361534161 -31.176671717966684 8.152280903180667
25 75 522.7265125868396 -28.382542767163812 9.362356757134535
25 76 512.912622639147 -25.907637312920883 10.056012006341433
25 77 502.6144885741567 -23.739424231167845 10.397516607076312
25 78 492.1175894249944 -21.844383288583174 10.497815919425193
25 79 481.61885673530634 -20.18512926407226 10.430407384906516
25 80 471.25677465518135 -18.727077675147683 10.243914330500075
25 81 461.1310280743062 -17.440478865680717 9.97077166697784
25 82 451.31523132122567 -16.300557548493856 9.632914218995865
25 83 441.86519963631446 -15.286972616837716 9.245431176307363
25 84 432.82436896861094 -14.383108486600491 8.818907380316517
25 85 424.2273848756814 -13.575396616811332 8.36093168374245
25 86 416.10250560112604 -12.852731858603448 7.877078181516055
25 87 408.4732285126493 -12.20599373796162 7.371551921554158
25 88 401.3594017580177 -11.627662734808752 6.847618941075638
25 89 394.77799063049804 -11.11151605863742 6.307896017925373
25 90 388.743609722167 -10.65238755852019 5.754548021584412
25 91 383.2688945873292 -10.245978477957834 5.189423635135427
25 92 378.3647624518961 -9.888708224812063 4.614149471574137
25 93 374.04059564418094 -9.577596591831423 4.030195781651372
25 94 370.3043708885934 -9.310170761806319 3.438922562729573
25 95 367.1627505187218 -9.084391954831887 2.841612023793971
25 96 364.62114684100544 -8.898597772678528 2.2394914835746818
25 97 362.68376755157243 -8.751457229243812 1.633749530191551
25 98 361.35364778062234 -8.641936185104498 1.0255474340255262
25 99 360.6326726835214 -8.56927147795787 0.5158558410238925
25 100 360.32193609857455

26 0 -375.1487743939138
26 1 -375.51151745636827 9.119871068117789 0.8568919891289397
26 2 -376.8625583721717 9.198553347572897 1.6871498001738416
26 3 -378.88581705671595 9.317249735259566 2.3576338826066774
26 4 -381.57782613738505 9.47680104422625 3.0241789679222677
26 5 -384.9341749925605 9.678370404725285 3.68584353910191
26 6 -388.94951321558887 9.92347768356035 4.341687774746333
26 7 -393.61755054205315 10.21404591267833 4.990768344829178
26 8 -398.9310499052472 10.552462382594996 5.632129066584241
26 9 -404.88180867522163 10.941658035610601 6.264785427292708
26 10 -411.46062075983264 11.385210094665837 6.887700005735354
26 11 -418.65720868669234 11.887474616598297 7.499744313067708
26 12 -426.46010938596805 12.453758042888296 8.099640206412658
26 13 -434.85648909951766 13.090540079840622 8.68587027043992
26 14 -443.8318499268479 13.805764691299686 9.256540510576855
26 15 -453.36957012067137 14.609222013481428 9.80916880716319
26 16 -463.4501875411743 15.513051976732413 10.340356148840158
26 17 -474.0502824183517 16.532410448641258 10.845269956023628
26 18 -485.14072745322153 17.68634989490849 11.316821419662517
26 19 -496.6839252576767 18.998975009144885 11.744336825128016
26 20 -508.62940110347756 20.500927577133893 12.111380289539568
26 21 -520.9066858367559 22.231201379492802 12.392138674684134
26 22 -533.4136784528458 24.239102645459923 12.545363409370054
26 23 -545.997412655496 26.585643503205688 12.50420954063162
26 24 -558.4220975341091 29.342279224096387 12.159460853656014
26 25 -570.316334362808 32.581534441210124 11.333179945699158
26 26 -581.0884574255074 36.34643612258219 9.7423522022126
26 27 -589.8010387672332 40.57055390547566 6.96585852742021
26 28 -595.0201744803478 44.8993705372132 2.473440577380188
26 29 -594.7479199219936 48.3739377525435 -4.120085850492217
26 30 -586.7800027793634 49.163889374579924 -12.318100050330884
26 31 -570.1117198213318 45.50868106678274 -19.85091339981159
26 32 -547.0781759797402 40.42676647356268 -25.009935125342793
26 33 -520.0918495706462 35.429271131586574 -28.129623262343898
26 34 -490.8189294550524 30.986566709824757 -29.90812527559831
26 35 -460.2755990194496 27.15188450795918 -30.881501704500238
26 36 -429.0559260460519 23.849928176591106 -31.386231804112242
26 37 -397.5031354112251 20.982612827312067 -31.620534021206026
26 38 -365.81485800363987 18.46154751666282 -31.69959050557577
26 39 -334.1039544000736 16.214804872889232 -31.690814129787043
26 40 -302.4332297440658 14.185760698630048 -31.634271708419362
26 41 -270.83541098323485 12.330114170088706 -31.554195518256662
26 42 -239.32483870755246 10.612985574359882 -31.465482524320294
26 43 -207.90444593459426 9.006553774969433 -31.377416137624266
26 44 -176.57000643230393 7.488245824634305 -31.2958384063177
26 45 -145.31276912195887 6.039375889876098 -31.22444308080886
26 46 -114.1211202706862 4.644121247227531 -31.165559092422328
26 47 -82.98165093711421 3.2887417104355023 -31.12063136783687
26 48 -51.87985753501246 1.9609704929562852 -31.0905167341857
26 49 -20.800617468742807 0.6495223066749976 -31.075662629249177
26 50 10.271467723485893 -0.6563226173959968 -31.076207290275423
26 51 41.35179711180804 -1.9670913779779617 -31.092022308037233
26 52 72.45551233956036 -3.2934759807055443 -31.12270643498504
26 53 103.59720998177812 -4.646701577180032 -31.167529971065534
26 54 134.79057228169142 -6.0389320732573 -31.225319435688775
26 55 166.04784885315567 -7.483743219912753 -31.29426011964449
26 56 197.3790925209804 -8.996699396434337 -31.3715762795575
26 57 228.79100141227067 -10.596078970200765 -31.453020141889766
26 58 260.28513280475994 -12.303803318820485 -31.532052938826368
26 59 291.8551072899234 -14.14663235021385 -31.598518905532444
26 60 323.4821706158248 -16.157682681500688 -31.636470450535427
26 61 355.12804819099426 -18.37827088170505 -31.62055600035987
26 62 386.72328261654457 -20.859898823476442 -31.50996606429635
26 63 418.14798031958696 -23.66567040007874 -31.23827880993639
26 64 449.19984023641734 -26.869053138315195 -30.696695054941074
26 65 479.5413704294691 -30.54453481096317 -29.707702068362437
26 66 508.6152443731422 -34.7371022974998 -27.988732519002554
26 67 535.5188354674742 -39.38236068008007 -25.119139842010213
26 68 558.8535240571626 -44.12804054472889 -20.569109841685986
26 69 576.6570551508462 -48.017854128819124 -13.953658964465944
26 70 586.7608419860945 -49.22461345294403 -5.768849646859621
26 71 588.1947544445654 -45.99071618719893 1.7174782440371246
26 72 583.3258854980203 -41.33424179227234 6.798239377796335
26 73 574.5982756889728 -36.76680023166898 9.807986589400116
26 74 563.70991231922 -32.759983493561776 11.444631768321528
26 75 551.7090121523297 -29.36862359517511 12.244076011741129
26 76 539.2217602957378 -26.519217357589184 12.542788968674017
26 77 526.6234342149817 -24.11558912385621 12.539113641975518
26 78 514.1435330117868 -22.07134955116996 12.34846371794174
26 79 501.9265067790982 -20.316665055510583 12.038569042528621
26 80 490.0663949267295 -18.79710842783487 11.649884017050226
26 81 478.62673874499774 -17.47069648955977 11.207089223103083
26 82 467.65221648052335 -16.305010207184722 10.725584086231379
26 83 457.175570572535 -15.274859378049655 10.2152044380434
26 84 447.22180760443655 -14.360504979784395 9.68239244623743
26 85 437.8107856800601 -13.546337538651414 9.131489335589492
26 86 428.95882893325756 -12.81990095170022 8.56552078529279
26 87 420.67974410947454 -12.171170356136287 7.986682657563563
26 88 412.98546361813044 -11.592014994782119 7.396646031998216
26 89 405.8864520454781 -11.075795764299528 6.7967511594989105
26 90 399.3919612991326 -10.6170612871436 6.188131912054018
26 91 393.5101882213701 -10.211316599753019 5.571796045927584
26 92 388.24836920727745 -9.854845849634614 4.948676975263368
26 93 383.61283427084334 -9.544575567908794 4.31966695019176
26 94 379.60903530689393 -9.277968757776677 3.6856379699822526
26 95 376.24155833087883 -9.052942663466638 3.0474545369740156
26 96 373.5141262329459 -8.867804974691126 2.4059809471095264
26 97 371.4295964366598 -8.721204598641805 1.7620849076740797
26 98 369.98995641759774 -8.61209414835696 1.1166386854891073
26 99 369.19631906568156 -8.539702060263892 0.5703002217087487
26 100 368.84935597418024

27 0 -384.2048554440373
27 1 -384.6066664718264 9.05073744429535 0.9156287102900365
27 2 -386.0361128646174 9.128557891109352 1.7854937835777775
27 3 -388.1776540389819 9.245954187451133 2.496276341653811
27 4 -391.028665547925 9.403758776523915 3.2041248631173858
27 5 -394.5859037652167 9.60312463198531 3.908439663086483
27 6 -398.845544874098 9.845560846278602 4.608664558423584
27 7 -403.80323288206387 10.13298091198996 5.304295679347547
27 8 -409.4541362327931 10.467766715954895 5.994889603961667
27 9 -415.7930120899872 10.852852451068856 6.680070133543893
27 10 -422.81427649988086 11.291834278659735 7.359532535850434
27 11 -430.51207716168807 11.7891138557018 8.033043274958175
27 12 -438.8803630497972 12.350087093931478 8.700431899262838
27 13 -447.91294096021375 12.981394228069377 9.361569487024326
27 14 -457.60350202384586 13.691254189850667 10.016324157023291
27 15 -467.9455892742603 14.489916587290992 10.664477368999485
27 16 -478.93245676184483 15.390280115292143 11.30557268306515
27 17 -490.55673464039063 16.408749850647382 11.938646751288417
27 18 -502.80975026442167 17.56644202212783 12.561751600003703
27 19 -515.680237840398 18.890899909619918 13.171099653228936
27 20 -529.1519495708795 20.418566584850623 13.759511258200575
27 21 -543.1992603567992 22.198374809320626 14.313540948123034
27 22 -557.7790314671256 24.29694623855761 14.80803998922238
27 23 -572.815340335244 26.805938413690455 15.19564222413419
27 24 -588.170315915394 29.851625259512502 15.386090983314602
27 25 -603.5875223018732 33.604405701022586 15.205460493008104
27 26 -618.5812369014102 38.27697171344755 14.317850912252709
27 27 -632.2232241263786 44.070516020683726 12.089008827691316
27 28 -642.7592545567928 50.94269509499293 7.415463360880551
27 29 -647.0541508481397 57.86763395375192 -1.1941591613696687
27 30 -640.3709362340535 61.062268472680955 -14.089871275982262
27 31 -618.8744082961751 52.738485359512595 -25.411281672720804
27 32 -589.5483728886119 44.27593313914252 -31.073380869321397
27 33 -556.7276465575324 37.39499205967286 -33.5240216392649
27 34 -522.5003296100821 31.960368099293248 -34.45295573934936
27 35 -487.8217350788336 27.605853369720535 -34.687703906842984
27 36 -453.1249217963961 24.029586250881096 -34.60968285250854
27 37 -418.60236937381654 21.017369968500788 -34.39601547658452
27 38 -384.33289084322706 18.421186206425205 -34.13115566072315
27 39 -350.34005805237024 16.13782913141017 -33.8564126325424
27 40 -316.62006557814226 14.093819382193999 -33.59227934023136
27 41 -283.1554993719075 12.235530417060943 -33.348863448116816
27 42 -249.92233868190863 10.522803843383983 -33.13095960514558
27 43 -216.89358016161637 8.924778216938051 -32.94061082357568
27 44 -184.04111703475726 7.417110912453651 -32.77844444788913
27 45 -151.3366912658381 5.980083884478134 -32.64438710313807
27 46 -118.75234282848112 4.59727756853632 -32.538054370874534
27 47 -86.26058252408905 3.254614308144923 -32.45896523987224
27 48 -53.83441234873664 1.939643437343289 -32.40665978712645
27 49 -21.447262949836144 0.6409830145315141 -32.38076195469183
27 50 10.927111560647017 -0.6521408978287848 -32.38100976066247
27 51 43.3147565714888 -1.9503012883851838 -32.40726420649056
27 52 75.74163997362814 -3.2642593859716555 -32.45950112393399
27 53 108.23375881935678 -4.605369023254838 -32.537784735632954
27 54 140.81720944489405 -5.986031130092414 -32.642215980590294
27 55 173.51819078053737 -7.420240205819184 -32.77284081360567
27 56 206.36289107210538 -8.924277788914523 -32.92949101900652
27 57 239.3771728185504 -10.517629914986799 -33.11150783569154
27 58 272.58590674348847 -12.224240514429681 -33.31725779590549
27 59 306.0116884103614 -14.074266917056065 -33.54327251056961
27 60 339.6724517646277 -16.106585077624374 -33.78269248902055
27 61 373.5770733884025 -18.37240631046717 -34.02239172872726
27 62 407.7172352220822 -20.940498907287065 -34.23754149902123
27 63 442.05215638644495 -23.90455437272476 -34.38110194020808
27 64 476.47943910249836 -27.39278589873925 -34.363162206075344
27 65 510.77848079859564 -31.577457893781798 -34.01018774550053
27 66 544.4998145934994 -36.673089000428945 -32.98676140326995
27 67 576.7520036051355 -42.882739448533925 -30.65927411305097
27 68 605.8183628196014 -50.1661797716867 -25.925120639342595
27 69 628.6022448838207 -57.50041460511579 -17.293851727687127
27 70 640.4060662749756 -61.10708787090135 -4.415300840879297
27 71 637.4328465655793 -53.204992592280746 6.85459087704686
27 72 626.6968845208819 -45.16776122779413 12.43408585452022
27 73 612.5646748565389 -38.71578887761524 14.769790690171135
27 74 597.1573031405396 -33.7152418644925 15.55045753967454
27 75 581.4637597771898 -29.801732162693497 15.603122893107127
27 76 565.9510573543254 -26.675322841221202 15.309046477660331
27 77 550.8456668218691 -24.123796094683144 14.845384413495538
27 78 536.2602885273343 -22.001168002100314 14.29673998777082
27 79 522.2521868463275 -20.206337455448306 13.704648508241604
27 80 508.8509915108511 -18.6680195545824 13.089882896450888
27 81 496.0724210534257 -17.33489406486666 12.462869887627988
27 82 483.9252517355951 -16.169245804857752 11.82875133050598
27 83 472.41491839241377 -15.142822348277718 11.18993640370769
27 84 461.54537892817973 -14.234089873408152 10.547429219714758
27 85 451.32005995298425 -13.42637953460195 9.901535711826625
27 86 441.7423075045265 -12.706610581301646 9.252245364031182
27 87 432.8155692249219 -12.06439416433929 8.599437878472258
27 88 424.54343174758196 -11.491393318827079 7.942993532912396
27 89 416.9295821590971 -10.980858604585023 7.282849725563892
27 90 409.9777322964542 -10.527286367409914 6.619027186130921
27 91 403.69152778683525 -10.126164058399496 5.9516390726444115
27 92 398.07445415116536 -9.77377836048501 5.280890503418362
27 93 393.1297467799985 -9.467069325335245 4.60707287350931
27 94 388.86030840414674 -9.203518721253033 3.930555467171729
27 95 385.26863584565507 -8.98106420016066 3.2517758068795217
27 96 382.3567567903877 -8.79803325426974 2.571229548399515
27 97 380.12617674885604 -8.653092599212584 1.889460356525717
27 98 378.57783607733626 -8.545209817213959 1.2070499724034391
27 99 377.71207680404916 -8.473624971698996 0.624340285994208
27 100 377.32915550534784

28 0 -393.1726845650733
28 1 -393.61299234495897 8.942509291392327 0.9734947946585351
28 2 -395.1196741543904 9.018858966513363 1.8823665433296242
28 3 -397.3777254316182 9.134021883315711 2.6328347680212403
28 4 -400.3853436904329 9.288796928603688 3.3813494124564443
28 5 -404.1404242565311 9.484291090348165 4.1276456088565965
28 6 -408.64063490814607 9.721954062306935 4.871544054750984
28 7 -413.8835123660331 10.00362533464508 5.612974214505471
28 8 -419.866583337157 10.331596852587325 6.352000605663136
28 9 -426.58751357735935 10.708695573302464 7.088852989997548
28 10 -434.0442893171521 11.138391994457635 7.823961410368298
28 11 -442.23543639809594 11.624943218799473 8.557997128339451
28 12 -451.160283573831 12.173582752616028 9.291920578780235
28 13 -460.8192775556564 12.790774642857485 10.02703736635911
28 14 -471.21435830654923 13.484557767829244 10.76506286979847
28 15 -482.34940329525335 14.26501882880919 11.508194732604665
28 16 -494.23074777175856 15.144952782700898 12.259189412196548
28 17 -506.86778211964645 16.140802255547356 13.021431862859316
28 18 -520.2736114974772 17.274022132382044 13.798971478635053
28 19 -534.4657250769166 18.573109084921384 14.596461387850809
28 20 -549.4665342731788 20.076700494632348 15.418855189240276
28 21 -565.3034354553971 21.83844512223152 16.27051832839112
28 22 -582.007570929961 23.934899442291453 17.152927013739884
28 23 -599.6092894828769 26.478737766977815 18.058888561586514
28 24 -618.1253480531341 29.64147476375547 18.957928140988145
28 25 -637.5251457648532 33.693117420097565 19.758526399634206
28 26 -657.6424008524025 39.06968529883375 20.20846252187374
28 27 -677.9420708086006 46.471897919487446 19.631581908965586
28 28 -696.9055646703337 56.90958849027612 16.27055851044838
28 29 -710.4831878294974 71.06426196041821 5.999487527195811
28 30 -708.9045397247253 84.45056612474775 -17.44724864457021
28 31 -675.588690540357 60.085311497836585 -36.63724873335002
28 32 -635.6300422580252 46.52593733560633 -40.35342842518253
28 33 -594.8818336899919 37.899728119882866 -40.44518830219317
28 34 -554.7396656536389 31.841528572490404 -39.69726396555063
28 35 -515.4873057588907 27.270717016292792 -38.81228355291239
28 36 -477.1150985478141 23.63570588050854 -37.97471520533199
28 37 -439.5378753482267 20.627766866890312 -37.22893406566192
28 38 -402.6572304164903 18.06067964925566 -36.579131342666386
28 39 -366.3796126628939 15.815085379702623 -36.01818095401825
28 40 -330.6208685084538 13.810550488731309 -35.53657042276859
28 41 -295.30647181735674 11.99052698540612 -35.12521105706668
28 42 -260.3704463943204 10.313763526620818 -34.776234724443185
28 43 -225.75400236847037 8.7491475865002 -34.4831090685546
28 44 -191.40422825721123 7.27246982354329 -34.24053273877762
28 45 -157.27293689091513 5.864313135955186 -34.04427642472619
28 46 -123.31567540775885 4.508623573399618 -33.89102866875554
28 47 -89.49087955340406 3.191705987896725 -33.7782654990299
28 48 -55.75914440969904 1.9014886066293535 -33.70414802779911
28 49 -22.082583497805835 0.6269577172839824 -33.66744696442125
28 50 11.575749519143463 -0.6423037339302544 -33.667491593192125
28 51 45.25239968857841 -1.9165214412312572 -33.704140796180106
28 52 78.98403111150367 -3.206117336393085 -33.777774169854695
28 53 112.8079480282878 -4.522114944389884 -33.88930171518629
28 54 146.76263454187625 -5.8766007042825095 -34.04019061825312
28 55 180.88832926479404 -7.283288544018518 -34.2325067784666
28 56 215.22764809880945 -8.758252703533444 -34.46896598872512
28 57 249.82626124224427 -10.320924872543614 -34.752982867404924
28 58 284.7336138336193 -11.995505138717533 -35.088689940895634
28 59 320.00364112403554 -13.813028912618847 -35.48086346872714
28 60 355.6953407710736 -15.81449600881831 -35.93460984394653
28 61 391.8728608119286 -18.05576539397856 -36.45446983002256
28 62 428.6042804311187 -20.615470157280924 -37.04211412655394
28 63 465.9570890650365 -23.60824089821176 -37.69056580138857
28 64 503.98541203389584 -27.207435548320376 -38.36959857599811
28 65 542.6962862170327 -31.684791559391044 -38.98800517005213
28 66 581.9614223740001 -37.47793953453214 -39.29401407375468
28 67 621.2843143645421 -45.289090055737745 -38.61223061326797
28 68 659.185883600536 -56.1295362493687 -35.18678499826785
28 69 691.6578843610778 -70.68282416774133 -24.894567063680597
28 70 708.9750177278972 -84.46949462231834 -1.4734276340245742
28 71 694.6047396291269 -60.532403007550215 17.656804887144347
28 72 673.6614079536085 -47.39826724653767 21.287443092461842
28 73 652.0298534442032 -39.19851455958445 21.26050595270175
28 74 631.140396048205 -33.570780663525966 20.35868848324327
28 75 611.3124764777167 -29.4367392058831 19.283995035012424
28 76 592.5724059781802 -26.246909620666372 18.22072503668437
28 77 574.871026404348 -23.694610733581953 17.213268481096407
28 78 558.1458690159874 -21.595673696203278 16.265922357176578
28 79 542.3391816899948 -19.83283489039161 15.371717490046535
28 80 527.4024340358943 -18.327829403090078 14.521327407631873
28 81 513.2965268747311 -17.02637788710109 13.705862972827731
28 82 499.99070809023885 -15.889624492615667 12.91765580282032
28 83 487.4612152690904 -14.889008396988999 12.150360369493
28 84 475.68998735125285 -14.003061835351161 11.398835259913199
28 85 464.663544749264 -13.215338949145632 10.658968627695998
28 86 454.37205009586086 -12.513034737888205 9.927506155555449
28 87 444.8085324381531 -11.886039644322295 9.20189992003813
28 88 435.9682502557846 -11.326277409253407 8.480181591752483
28 89 427.84816925464816 -10.827232011289766 7.760858110916075
28 90 420.44653403395245 -10.383603805489543 7.042826458239546
28 91 413.76251633816906 -9.991055818003048 6.325304052852488
28 92 407.79592592824747 -9.646024169215195 5.607771708327618
28 93 402.5469729215138 -9.345574927840403 4.889926589423737
28 94 398.0160727494 -9.087295151032606 4.171643095156838
28 95 394.20368673120015 -8.869209510167394 3.452940003957309
28 96 391.1101927414854 -8.689716386954558 2.7339525480576015
28 97 388.73578163508495 -8.547539052362708 2.014908344729861
28 98 387.08037605202566 -8.441688766799928 1.2961063130026957
28 99 386.14356900907956 -8.371437529632885 0.6775771805104966
28 100 385.72522169100466

29 0 -402.0137493310402
29 1 -402.491685054611 8.795908816454642 1.0300407333019734
29 2 -404.0738307976441 8.870202034677277 1.977006375501162
29 3 -406.44569780561335 8.982233804346691 2.7662143037441353
29 4 -409.6062594051324 9.13274503525352 3.55439407014984
29 5 -413.55448594591303 9.322761909088626 4.34159679678973
29 6 -418.28945299871185 9.55362731979892 5.127998802720498
29 7 -423.810483551354 9.82704366884019 5.9139384696279365
29 8 -430.1173299379677 10.145129828473017 6.699959842619052
29 9 -437.21040323659213 10.510496231416028 7.486865275414203
29 10 -445.09106048879613 10.926343650299884 8.275780181347443
29 11 -453.761963599287 11.396593534657114 9.068234033116568
29 12 -463.22752855502927 11.92606115474183 9.866263323320851
29 13 -473.4944902459287 12.520687872650711 10.672544502237542
29 14 -484.57261755950435 13.187856638672372 11.490568342974996
29 15 -496.4756269318787 13.936827028238241 12.324872383871138
29 16 -509.2223623272466 14.779345836225303 13.181356109803318
29 17 -522.8383391514853 15.730521950798902 14.067716100969562
29 18 -537.3577945291858 16.810110317328963 14.99405842937773
29 19 -552.8264560102408 18.044449597393395 15.97377801547924
29 20 -569.3053505601442 19.46948329405808 17.02484729551071
29 21 -586.8761506012622 21.13565463345128 18.17173989578214
29 22 -605.6488303517085 23.116207463618878 19.448332633968676
29 23 -625.7728158691996 25.5220531414451 20.902217545598205
29 24 -647.4532654429049 28.530203951562328 22.600470636434352
29 25 -670.9737571420683 32.442603473852444 24.633671028086383
29 26 -696.7206074990777 37.81965225519275 27.09663141164259
29 27 -725.1670199653535 45.8167370811052 29.92891201913369
29 28 -756.5784315373451 59.132613892560585 32.00782740181131
29 29 -789.1826747689761 84.99413621016743 26.346818473101962
29 30 -809.272068483549 145.54773013763736 -25.068821738563884
29 31 -739.0450312918483 56.60475965042963 -63.33591046186223
29 32 -682.6002475598245 43.82567573010925 -53.25896424727512
29 33 -632.5271027972981 35.822238043172774 -48.20843040238083
29 34 -586.1833867550629 30.223170933078904 -45.08196684293944
29 35 -542.3631691114192 25.989267134849342 -42.89352659882485
29 36 -500.3963335574132 22.60555785322208 -41.25263300191102
29 37 -459.85790310759717 19.789231081737228 -39.9710417078374
29 38 -420.4542501417384 17.371570083203153 -38.94383714791084
29 39 -381.9702288117755 15.245037621702636 -38.106541793066754
29 40 -344.2411665556049 13.33731184772364 -37.41683773452786
29 41 -307.13655334271976 11.597530899747085 -36.84565041022731
29 42 -270.54986573515026 9.988522052145925 -36.3723390040515
29 43 -234.39187533461677 8.482167780924172 -35.98190452665321
29 44 -198.58605668184384 7.056511168989658 -35.66327889843414
29 45 -163.06531753774848 5.693871770204211 -35.408233353281744
29 46 -127.76958997528035 4.379571118003426 -35.210661518932994
29 47 -92.6439944998825 3.1010367528947285 -35.0661002066425
29 48 -57.63738956199535 1.8471453460856146 -34.9714080577392
29 49 -22.70117838440411 0.6077167349266741 -34.92455429525144
29 50 12.211719028507526 -0.6269001827243352 -34.92448891917771
29 51 47.147799453951315 -1.8661924352416186 -34.97107780895339
29 52 82.15387464641431 -3.1198333664251052 -35.06509462709262
29 53 117.27798870813655 -4.398050605304746 -35.20826810352238
29 54 152.57041085345907 -5.712046722211397 -35.40338958021893
29 55 188.0847678685744 -7.074516652780872 -35.6544928128566
29 56 223.87939647917227 -8.500323461099242 -35.967127347531616
29 57 260.01902256363763 -10.007425176044976 -36.34876027087563
29 58 296.57691702092353 -11.618200418101765 -36.809361835980724
29 59 333.6377462355991 -13.361419503549428 -37.362263380670385
29 60 371.3014437822643 -15.275292215548575 -38.02542897038026
29 61 409.6886041763596 -17.412383335026448 -38.82336587718987
29 62 448.94817553664404 -19.84792827467433 -39.790017003254434
29 63 489.2686381828685 -22.694707752262957 -40.973067331247535
29 64 530.8943101991391 -26.13147880995359 -42.43971286725463
29 65 574.1480639173777 -30.46178420343108 -44.280691731712295
29 66 619.4556936625637 -36.24741642506626 -46.59105989961665
29 67 667.330183716611 -44.64478204707933 -49.31087082788753
29 68 718.0774353183388 -58.35282175144903 -51.31885475134618
29 69 769.9678932193034 -84.59631339569671 -45.633810100636765
29 70 809.3450555196123 -145.51249113605138 5.735120319311818
29 71 758.4976525806798 -57.03511033471489 43.925818252827526
29 72 721.4934190139572 -44.67709086840392 33.76797430248598
29 73 690.9617039757078 -37.094837670625736 28.59727727318284
29 74 664.2988644675916 -31.920346712373885 25.312232893375892
29 75 640.337238188956 -28.11687617086102 22.92699393596672
29 76 618.4448765956581 -25.171618479281733 21.051174949961478
29 77 598.234888289033 -22.803812260059942 19.496620337958632
29 78 579.4516359197409 -20.846769134137105 18.158515830961164
29 79 561.9178566271107 -19.195006903518674 16.972492801354804
29 80 545.5066503170312 -17.778318853635085 15.896339899741406
29 81 530.1251768276279 -16.548045991969616 14.9010747981024
29 82 515.7045007208264 -15.469332685608777 13.966120820618073
29 83 502.19293518639176 -14.516520746973697 13.076499060972196
29 84 489.55150259888205 -13.670286358819908 12.221098667558124
29 85 477.7507378512755 -12.915792788489682 11.391562809289582
29 86 466.7683769803029 -12.241460096476004 10.58154466885452
29 87 456.5876485135665 -11.63812317824366 9.786195207107056
29 88 447.1959865660888 -11.098441897842093 9.001801165944926
29 89 438.5840461816766 -10.616479372992472 8.225523329327757
29 90 430.74493990743326 -10.18739515128405 7.4552033794176396
29 91 423.67363942284135 -9.807218594767846 6.689218708918759
29 92 417.36650248959575 -9.47267936277072 5.926371393581007
29 93 411.82089663567933 -9.181079277832112 5.165801891691899
29 94 407.03489870621195 -8.93019469633549 4.406920884844737
29 95 403.00705486598986 -8.718201737511038 3.64935457095757
29 96 399.7361895642968 -8.54361892874985 2.8929000062042007
29 97 397.22125485358146 -8.405263358753047 2.1374879766803474
29 98 395.4612136109361 -8.302217519207232 1.3831514951332622
29 99 394.45495186331493 -8.23380480699484 0.7296232021421076
29 100 394.0019672066519

30 0 -410.690397219178
30 1 -411.20480997786825 8.61195659542014 1.0848405022834697
30 2 -412.86007822374495 8.683646864694396 2.068691531221674
30 3 -415.3421930403116 8.79171028995114 2.895377768597484
30 4 -418.6508337609399 8.936807636703008 3.7218775171983793
30 5 -422.78594807470836 9.119852664703018 4.548527893401996
30 6 -427.7478895477439 9.342038416282946 5.375825814502548
30 7 -433.53759970371345 9.604872883196578 6.204476723179567
30 8 -440.15684299410304 9.910226290146625 7.035453168238973
30 9 -447.6085060401914 10.260393119683897 7.870066811824415
30 10 -455.8969766177519 10.658173230270762 8.710058713609385
30 11 -465.02862346741017 11.10697815779372 9.557714632781398
30 12 -475.01240588331467 11.610971206539944 10.416014916773833
30 13 -485.86065330095784 12.175253652029369 11.288832850289651
30 14 -497.590071583894 12.80611498551852 12.181202025386
30 15 -510.22305735172984 13.511373782635218 13.099683930157596
30 16 -523.7894394442092 14.300849458913035 14.05288433475721
30 17 -538.3288260212443 15.18702739116145 15.052196343962976
30 18 -553.8938321321351 16.18601705311727 16.112899125229546
30 19 -570.5546242717033 17.318967119689376 17.255834364579925
30 20 -588.405500861295 18.614217051068692 18.51006022529816
30 21 -607.5747447222997 20.110681514389626 19.917242497951918
30 22 -628.2399858571988 21.863391663136554 21.5393255217337
30 23 -650.6533957657671 23.953010404836277 23.472885049529964
30 24 -675.1857559562587 26.503130570371354 25.87847847339549
30 25 -702.410352712558 29.71395075289911 29.04797470326463
30 26 -733.281705362788 33.93341376438269 33.5825961291265
30 27 -769.575544970811 39.82249731337913 40.94454354633342
30 28 -815.1707924554548 48.78236827162743 55.447957639510605
30 29 -880.4714602498323 64.18847540585136 92.41460377227259
30 30 -1000 95.3639657582255 -45.83662520430801
30 31 -788.7982098412162 42.12887520459219 -138.35930314087813
30 32 -723.2813937182437 36.33465540153554 -61.13595003243938
30 33 -666.5263097763375 31.32743202970812 -54.04769309922352
30 34 -615.1860075197967 27.22840961088764 -49.530234873874065
30 35 -567.4658400285894 23.84777007001776 -46.429896632769214
30 36 -522.3262142542583 20.999341332336428 -44.174751258444104
30 37 -479.11633751170115 18.5443521738558 -42.462921835680845
30 38 -437.4003705828966 16.384547227859912 -41.12332480270098
30 39 -396.8696879062992 14.45020386941792 -40.05243918949776
30 40 -357.29549220390106 12.69088786520416 -39.18407714472414
30 41 -318.5015336168509 11.069209335118245 -38.474000852644394
30 42 -280.3474904986123 9.556719406731048 -37.8915978432661
30 43 -242.7183379303187 8.131198909241192 -37.415119951710864
30 44 -205.51725059519055 6.774834459982685 -37.02882874949758
30 45 -168.66068043132356 5.472962471153778 -36.721216475712424
30 46 -132.0748176437657 4.213180747148996 -36.48386368606502
30 47 -95.69295305919351 2.984700578907656 -36.310691270947714
30 48 -59.45343510187027 1.777856806709579 -36.19746804576717
30 49 -23.298016967659184 0.5837204227589883 -36.1414924932312
30 50 12.829549884592133 -0.6062253569690617 -36.141400763360416
30 51 48.984784559061644 -1.8003751146131997 -36.19707397988087
30 52 85.22369784435388 -3.0072821003043657 -36.309632339917826
30 53 121.60404923889729 -4.235953563175393 -36.481515070972584
30 54 158.18672798629905 -5.496186485059695 -36.716656665729246
30 55 195.03736257035578 -6.798976058510988 -37.020783517354445
30 56 232.22829502100794 -8.15704135533197 -37.40187451198922
30 57 269.8411115943342 -9.585533722560797 -37.87085982440745
30 58 307.97001466982283 -11.1030297857086 -38.442684268400086
30 59 346.7264801311344 -12.732974609218445 -39.13795526617395
30 60 386.2459252021707 -14.505855589296402 -39.98557367542355
30 61 426.6976274819815 -16.462603983255576 -41.02710588914832
30 62 468.30013698046736 -18.660148010853135 -42.32443854379045
30 63 511.3465045695624 -21.18093358464796 -43.974116336667834
30 64 556.248369653803 -24.150218604674308 -46.136675027166234
30 65 603.6198546238949 -27.769728348951503 -49.103942785164804
30 66 654.4562552241326 -32.3887389869048 -53.47701191740293
30 67 710.5738784587007 -38.66923121807582 -60.717635939650734
30 68 775.8915271034341 -48.012687023576404 -75.13831634688523
30 69 860.8505111524712 -63.793162080004834 -112.05423644828295
30 70 1000 -95.32747224019386 26.08777542695725
30 71 808.6749602985567 -42.547734162106565 118.4922051547918
30 72 763.0155896904164 -37.164858818865014 41.22771575655099
30 73 726.2195287854547 -32.57029776137614 34.01725010873179
30 74 694.9810894729528 -28.887508004240942 29.336649983007987
30 75 667.5462288194387 -25.92880504586168 26.032723268104576
30 76 642.9156429367437 -23.510038192379852 23.533788947485448
30 77 620.4786509244678 -21.49440125515582 21.538117826241034
30 78 599.8394072842616 -19.785594186417995 19.874727713717846
30 79 580.7291954970322 -18.31587469330816 18.440167770548555
30 80 562.9590717431645 -17.03684133579293 17.16828831918093
30 81 546.3926188586703 -15.913213591392434 16.01484914085404
30 82 530.9293734614564 -14.918751959453573 14.94918104781624
30 83 516.4942567630378 -14.033571367854904 13.94940669628187
30 84 503.03056006889267 -13.242344801309457 12.999563218397213
30 85 490.4951303262434 -12.533079187458554 12.087794890039902
30 86 478.85497028881286 -11.896264875837943 11.20517576580147
30 87 468.08477879464044 -11.324273626186198 10.344918118672041
30 88 458.1651340514688 -10.810925139446312 9.501825397003671
30 89 449.0811280006331 -10.351170078711448 8.671904857474118
30 90 440.82132433652055 -9.940855062077048 7.852087236464172
30 91 433.37695352770476 -9.576546319649623 7.040019841365819
30 92 426.7412846537889 -9.255396005900622 6.233911025263353
30 93 420.90913147717805 -8.975039997704926 5.432411255858966
30 94 415.876462142071 -8.733519273935372 4.634520635477912
30 95 411.6400902062222 -8.529219214457953 3.839515771542949
30 96 408.1974305989851 -8.360822722087107 3.0468909268155926
30 97 405.54630835259104 -8.227274183692316 2.256309754272479
30 98 403.6848110904401 -8.127752092113724 1.4675648647609023
30 99 402.61117862306924 -8.06164874609118 0.7801115315009781
30 100 402.12458802743816

31 0 -419.16611842291087
31 1 -419.7155982454513 8.391951538922228 1.137503052061021
31 2 -421.4411245270329 8.460546038812765 2.1567600700321634
31 3 -424.02911838551563 8.56388724869737 3.019375075752748
31 4 -427.4798746785384 8.702537230416283 3.8825364449017172
31 5 -431.79419127531906 8.877270912652989 4.746827576369668
31 6 -436.97352983127774 9.089095635401122 5.613019021214058
31 7 -443.0202293177472 9.339277434342307 6.482126343491615
31 8 -449.937782518261 9.629375499258572 7.355480079106371
31 9 -457.7311894759599 9.961286755680106 8.23481221553834
31 10 -466.40740694933766 10.337303196741573 9.122365219457265
31 11 -475.97591991487445 10.760185498377155 10.021032009385749
31 12 -486.44947096810915 11.233257676459885 10.9345388175565
31 13 -497.84499754998745 11.760529214180593 11.867688281216118
31 14 -510.1848475305414 12.34685336894239 12.826688473580845
31 15 -523.4983744971491 12.998133470006394 13.819606857265654
31 16 -537.8240612450727 13.72159316375621 14.85700971832955
31 17 -553.2123939338082 14.526131864169542 15.952883695173796
31 18 -569.7298286354203 15.422792719272024 17.125998157905656
31 19 -587.4643902496196 16.425375082195615 18.401978013430664
31 20 -606.5337846622816 17.55121934110889 19.81656169021096
31 21 -627.0975136300415 18.82215552922247 21.42091450785
31 22 -649.3756136779816 20.265465703750635 23.290661524415327
31 23 -673.6788366788721 21.914235056905966 25.541956452833006
31 24 -700.4595265836476 23.804913649617333 28.361410984497184
31 25 -730.4016586478665 25.964740734577504 32.06395422209772
31 26 -764.5874350278431 28.36378225973931 37.20517797212261
31 27 -804.8120145921117 30.741219422440167 44.77786652637843
31 28 -854.1431680805999 31.966076911042535 56.373805494283545
31 29 -917.5596255806788 27.587980619626705 72.92841595970003
31 30 -1000 0.0 -47.128421939823056
31 31 -823.3027817010327 28.8906223382167 -122.36522081855219
31 32 -755.2695583628956 28.044187502526142 -64.06040742215919
31 33 -695.1819668567143 25.913232557821175 -57.31467619302873
31 34 -640.6402059768382 23.50524941208056 -52.5616288026298
31 35 -590.0587092514547 21.16510639582941 -49.12259487737606
31 36 -542.395016222086 18.99168056811385 -46.55605089807298
31 37 -496.94660745530877 16.997143512486872 -44.58583581231392
31 38 -453.2233445974582 15.165701395235317 -43.03798545234872
31 39 -410.8706365506113 13.474705115868403 -41.800201155722505
31 40 -369.6229422860132 11.901863947529478 -40.797832268827534
31 41 -329.27497201295625 10.427372868885982 -39.97981886870042
31 42 -289.66330454861236 9.034225862550386 -39.31034942992855
31 43 -250.65427315309915 7.707932311671087 -38.76378947340157
31 44 -212.1357256018092 6.436083583203768 -38.32151533652156
31 45 -174.01124248005604 5.20792577432654 -37.96988706611543
31 46 -136.19595146957835 4.013984699944345 -37.698923411179116
31 47 -98.61339565769781 2.8457487464207674 -37.50142414708192
31 48 -61.19310317541451 1.6954014351944124 -37.37238821388786
31 49 -23.868619229922086 0.555591775455035 -37.30863645893008
31 50 13.424169742445649 -0.5807698231426883 -37.3085844565499
31 51 50.748549683177714 -1.7207017574350694 -37.3721345522887
31 52 88.16843884702304 -2.8713388697865057 -37.50067307565481
31 53 125.74989583448733 -4.04012909007227 -37.69717248827771
31 54 163.56278382357846 -5.235051777141024 -37.96641207555452
31 55 201.68271998559638 -6.464872644634042 -38.31534768312888
31 56 240.1934791898362 -7.739453588799591 -38.753685011581425
31 57 279.1900900087592 -9.070140480216025 -39.29474870125226
31 58 318.78297659234073 -10.470257594186933 -39.95680272263837
31 59 359.103695454036 -11.955741672849712 -40.76508918425819
31 60 400.3131549608571 -13.545944166993507 -41.75505834441739
31 61 442.61381214287076 -15.264593480545045 -42.977658298746604
31 62 486.2684715583503 -17.140767309148714 -44.50834660464682
31 63 531.6305053521644 -19.20924983307782 -46.46313792506871
31 64 579.1947474084877 -21.50809527813749 -49.02850763155817
31 65 629.6875206152807 -24.066050131378347 -52.519212113942785
31 66 684.2331716363733 -26.85458978991562 -57.49056276874097
31 67 744.6686461527627 -29.614235876573957 -64.93481886455913
31 68 814.1028093654916 -31.215473573020176 -76.44278561327519
31 69 897.5542173793131 -27.210438071745614 -92.94859531725422
31 70 1000 0.0 26.980548237210087
31 71 843.5931209048929 -29.29847458148612 102.08843167415637
31 72 795.8231366516873 -28.851713165390322 43.74541070321641
31 73 756.1022994984601 -27.122655914052928 36.87462808780691
31 74 722.0738804760734 -25.12043274742524 31.953725608890352
31 75 692.1948482806794 -23.191705061860603 28.30446374782781
31 76 665.4649529804178 -21.437174213492483 25.485578740667336
31 77 641.2236907993447 -19.870843363891083 23.22106434392049
31 78 619.0228242925768 -18.47876502693134 21.337042392808826
31 79 598.549606013727 -17.24016707054716 19.72124565197987
31 80 579.5803329886171 -16.134683887873052 18.299001001657132
31 81 561.9516040104128 -15.14450160273151 17.019164174441755
31 82 545.5420046397336 -14.254689859151313 15.845763044155603
31 83 530.2600779221016 -13.452938053429648 14.752906219116312
31 84 516.036192201501 -12.72914396669347 13.721590847954474
31 85 502.8168962261926 -12.075011746401003 12.737642734761096
31 86 490.5609067319788 -11.483706435168614 11.790350230126876
31 87 479.2361957659389 -10.949572020344846 10.871534943498688
31 88 468.8178368449814 -10.467906527496638 9.974904713419676
31 89 459.2863863390995 -10.034784380917841 9.09559340669702
31 90 450.62665003158736 -9.646916586614907 8.229827138479465
31 91 442.8267320621406 -9.301540721267997 7.374677765095186
31 92 435.877294501397 -8.996334283144279 6.527877715525705
31 93 429.7709766310892 -8.729346357013355 5.687678623657149
31 94 424.5019372540827 -8.498943688775825 4.85274166809171
31 95 420.06549329490576 -8.303768169523607 4.022051122805834
31 96 416.457835008471 -8.142703432396928 3.194845036969838
31 97 413.6758032209661 -8.014848811059068 2.3705586066537307
31 98 411.71671779516356 -7.9194993329442696 1.5487769327343983
31 99 410.5782493554973 -7.856130753907507 0.8287052783596778
31 100 410.0593072384442

32 0 -427.4058055555997
32 1 -427.9887130557127 8.137443342733803 1.1876823728853765
32 2 -429.7811703013705 8.202515095363879 2.2406272409968153
32 3 -432.46996753770634 8.30048264072201 3.1373689602010018
32 4 -436.0559082217725 8.431795475582135 4.035261181153999
32 5 -440.54048990001434 8.597070097641023 4.935086298386835
32 6 -445.92608081854615 8.797101763567042 5.837832336191866
32 7 -452.21615457239807 9.03287994588618 6.744756587037017
32 8 -459.4155939926202 9.305608003203133 7.657462489576773
32 9 -467.5310795515516 9.616727674123581 8.577994509307416
32 10 -476.571583011235 9.967949067821621 9.508957456306433
32 11 -486.5489944641645 10.3612868068318 10.45366911249971
32 12 -497.47892123623444 10.799102787683466 11.416358632577271
32 13 -509.381711729319 11.284155480587714 12.402428542772157
32 14 -522.2837783217788 11.81965443387034 13.4188062812118
32 15 -536.2193242917426 12.409315977183212 14.474423724971416
32 16 -551.2326257717216 13.057410617158155 15.580882728920358
32 17 -567.3810897495833 13.768781408229927 16.75339589947879
32 18 -584.7394175706792 14.548789649971184 18.01214234325562
32 19 -603.4053744360946 15.403096759890445 19.38426098641679
32 20 -623.5079395435127 16.33709086021844 20.906840672325018
32 21 -645.2190557807446 17.354549680093953 22.631488860593663
32 22 -668.7709172647001 18.454649640975333 24.631405049417197
32 23 -694.481865879579 19.62533283541228 27.01233299539666
32 24 -722.7955832554934 20.82848609100148 29.928984151067027
32 25 -754.3398341817131 21.966380165717908 33.606843313386605
32 26 -790.0092698822666 22.805020432999072 38.359074816989164
32 27 -831.0579838156914 22.801413063566088 44.546838197636646
32 28 -879.1029462775399 20.74285951210834 52.29471883669714
32 29 -935.6474214890857 14.19447440527415 60.44852686123005
32 30 -1000 0.0 -44.53398348571801
32 31 -846.5794545176497 19.590349612392515 -110.31511563835198
32 32 -779.369768723296 21.02837932531986 -64.11333981283491
32 33 -718.3527748919798 20.76672073542636 -58.586631189669106
32 34 -662.1965063439578 19.705589216131102 -54.27836103586583
32 35 -609.7960528202482 18.307789633110133 -50.94346547673592
32 36 -560.309575390486 16.797912353733295 -48.342714141786644
32 37 -513.1106245366749 15.280312552044876 -46.28890100855938
32 38 -467.7317733733672 13.800542344457938 -44.64576319931945
32 39 -423.819098138036 12.375812970348335 -43.3162766372036
32 40 -381.09922009896 11.00985267871971 -42.23140939170656
32 41 -339.35627935462287 9.700131576238363 -41.341638937623486
32 42 -298.41594222371305 8.44137375638033 -40.61103840048099
32 43 -258.1342025536609 7.22725403893017 -40.01326223105748
32 44 -218.38941776159808 6.051198988913825 -39.528835286842124
32 45 -179.07653197997664 4.9067423232342975 -39.14331535897185
32 46 -140.1027870436544 3.7876576969729285 -38.846040713970794
32 47 -101.38445055203505 2.6879805201224514 -38.62927453569765
32 48 -62.844237972259094 1.6019749942221395 -38.4876250167329
32 49 -24.409200518569254 0.5240744961459995 -38.4176637515683
32 50 13.99108953087751 -0.5511909365605518 -38.41769429625052
32 51 52.42618807393178 -1.6292736322976893 -38.487643026524694
32 52 90.96637558392689 -2.7156910670796677 -38.62905967255502
32 53 129.68430741904183 -3.816111060392764 -38.8452279783271
32 54 168.6568315405811 -4.93643777146346 -39.14140022029102
32 55 207.96710785962387 -6.082894676805168 -39.52518532901301
32 56 247.70720219860712 -7.26209540396944 -40.007142347571204
32 57 287.9813925547663 -8.481082138413626 -40.60166382979479
32 58 328.9105298581967 -9.747288370472404 -41.32828546103377
32 59 370.6379634768338 -11.068335195700655 -42.21364183898052
32 60 413.33781353615774 -12.45147001240315 -43.294425483118886
32 61 457.2268144430716 -13.90223948347088 -44.62192903130352
32 62 502.5816715987648 -15.421506930123229 -46.269094896323224
32 63 549.765004235718 -16.998826414470216 -48.34144430565661
32 64 599.264560210078 -18.597629083314473 -50.99347532546676
32 65 651.7519548866516 -20.1216736089562 -54.45043729694294
32 66 708.1654348039639 -21.338422330336243 -59.02519766259854
32 67 769.8023502118486 -21.706373131069938 -65.07851972275529
32 68 838.3224742494745 -20.014516585309025 -72.73451854205689
32 69 915.2713872959624 -13.830179867171125 -80.83876287526277
32 70 1000 0.0 23.999738917216746
32 71 867.2719094615289 -19.98594165462589 89.64049198940148
32 72 820.719016021197 -21.810882467457077 43.40353442398418
32 73 780.4648406135606 -21.938719667524538 37.74853052669687
32 74 745.2219549678033 -21.271080261868974 33.26760083520031
32 75 713.92963894316 -20.272342768187798 29.715981802037334
32 76 685.7899913637286 -19.168746770823816 26.854650645454967
32 77 660.22033765225 -18.066336504061496 24.496527012802176
32 78 636.7969373381243 -17.012384216799774 22.50540400706177
32 79 615.2095296381265 -16.025855916102273 20.784248909606845
32 80 595.2284395189106 -15.112278158399931 19.26395378699658
32 81 576.6816220641333 -14.270974243536955 17.89484316957578
32 82 559.438753179759 -13.498589135863824 16.6407445971181
32 83 543.4001328698971 -12.790800283075725 15.474952588739711
32 84 528.4888480022796 -12.143134211834138 14.377489525425858
32 85 514.6451538190454 -11.551339396389437 13.333232421564759
32 86 501.8223831591501 -11.011538888011273 12.330615491857628
32 87 489.98392283533013 -10.520274938372637 11.360718026344017
32 88 479.10094710646206 -10.074502469555199 10.416613036430675
32 89 469.1506967624688 -9.671560252991696 9.492894798355849
32 90 460.11515750975036 -9.30913432910117 8.585330896114016
32 91 451.98003497024075 -8.985220797691198 7.690602144836447
32 92 444.73395322007747 -8.698091276590617 6.806105389517995
32 93 438.36782419120476 -8.446262355177197 5.92980185022742
32 94 432.8743495196226 -8.228469378524977 5.06009882296766
32 95 428.24762654526944 -8.043644424603542 4.1957560279218455
32 96 424.48283746377894 -7.890898136313098 3.3358102852801323
32 97 421.5760059747092 -7.769505011268421 2.4795138537251376
32 98 419.52380975632866 -7.678891765131709 1.6262829219124626
32 99 418.32344013088425 -7.618628431677848 0.8751053404916433
32 100 417.7735990753454

33 0 -435.37598360520605
33 1 -435.9904849309189 7.850198626710579 1.235085556277312
33 2 -437.84615471776067 7.911395676174919 2.3197993680203695
33 3 -440.63008366695965 8.003454864460934 3.2486554559710044
33 4 -444.3434656297027 8.12670468556098 4.179123901820731
33 5 -448.9883314706011 8.281591465154463 5.1121338643545755
33 6 -454.56773335841183 8.468682919841427 6.048828869459214
33 7 -461.08598920951954 8.688672266639287 6.990632583127706
33 8 -468.54899852466724 8.942382488218811 7.939327807343773
33 9 -476.9646448242071 9.230770058747538 8.897153280156829
33 10 -486.3433050849809 9.554926929337341 9.866924352165483
33 11 -496.69849352853805 9.916078724110264 10.852185729247594
33 12 -508.0476765434761 10.315575674751528 11.857407491312415
33 13 -520.4133085111629 10.754870420368889 12.888239927402992
33 14 -533.8241563982821 11.235472713922718 13.951848970176343
33 15 -548.3170064515156 11.758864046402437 15.057363040553469
33 16 -563.938882479389 12.32634294035779 16.216475149376265
33 17 -580.7499567502681 12.938749960975713 17.444262727986825
33 18 -598.8274079353627 13.595982445575657 18.760313509566174
33 19 -618.2705837694004 14.296137542508347 20.19027922367792
33 20 -639.2079663827185 15.033989555230733 21.76801461041447
33 21 -661.8066129902294 15.798258467609003 23.538473288606895
33 22 -686.2849129599323 16.566656444325872 25.561444679733654
33 23 -712.9295023496967 17.296821458420595 27.915792902859152
33 24 -742.1164987656506 17.909676067627856 30.70245831480281
33 25 -774.3344189793023 18.259252274415815 34.04048856409531
33 26 -810.1974758938412 18.08039797181533 38.04021086997079
33 27 -850.4148407192439 16.90899897139701 42.7157056054877
33 28 -895.6288871048166 14.003774480354252 47.76686683599161
33 29 -945.9485743912271 8.445355534987812 52.18555644759169
33 30 -1000 0.0 -41.73254673270469
33 31 -862.4834809258177 13.540651905943093 -101.33684149323233
33 32 -797.3263170135353 15.704584484841462 -62.88403629912534
33 33 -736.715408327567 16.41204670733447 -58.63746630221749
33 34 -680.0513844091004 16.23526349570369 -55.020559904946026
33 35 -626.674288517675 15.555653768369837 -52.030271739773866
33 36 -575.9908409295526 14.605471315428815 -49.58352797913824
33 37 -527.5072325593985 13.51978459691253 -47.583205821589274
33 38 -480.8244292863741 12.37500943999001 -45.94248503404526
33 39 -435.622262491308 11.21334943260976 -44.59089082146073
33 40 -391.6426476434526 10.057322280386927 -43.473513662937506
33 41 -348.675235165433 8.918159370678296 -42.5482977910398
33 42 -306.546052061373 7.800618044379604 -41.78322696723674
33 43 -265.1087812309595 6.705738263853817 -41.15396424086808
33 44 -224.23812357963686 5.632427550567527 -40.64202705221743
33 45 -183.82472712652464 4.578375837506059 -40.23342835805633
33 46 -143.7712668635242 3.5405842849550027 -39.91768521429096
33 47 -103.98935669794271 2.5156698107331437 -39.68710684983271
33 48 -64.39705316385879 1.5000384457670464 -39.53629423786431
33 49 -24.916768222214085 0.4899819866663062 -39.46180238971277
33 50 14.526551615566753 -0.5182693300903018 -39.46193258499359
33 51 54.00709694777309 -1.5285174229523655 -39.536634682807815
33 52 93.59982098118238 -2.544575619858051 -39.687510503749884
33 53 133.38211795527286 -3.57024401201528 -39.9179191926615
33 54 173.43565936650538 -4.609266919126043 -40.23319569196693
33 55 213.84850933920671 -5.665253049672046 -40.64100531563486
33 56 254.7176699977751 -6.741527651479927 -41.15187247318988
33 57 296.1522542855865 -7.840864836632846 -41.779941667755224
33 58 338.27755333328554 -8.965009582180926 -42.5440557799254
33 59 381.2403658454373 -10.113827730424902 -43.46927082618893
33 60 425.2160949856634 -11.283789883641447 -44.58896263218762
33 61 470.4182911098125 -12.465246128679581 -45.947695216466684
33 62 517.1114854185968 -13.637478676290215 -47.604933535646154
33 63 565.6281581811048 -14.759642291431646 -49.63926007825995
33 64 616.3900055751167 -15.754132130577887 -52.151354826044155
33 65 669.9308678331931 -16.476423200058036 -55.260005360964556
33 66 726.9100162970458 -16.662803043625956 -59.07526229085471
33 67 788.0813924149026 -15.85064064311365 -63.610913119531915
33 68 854.1318425361096 -13.300253044233159 -68.56659234937638
33 69 925.2145771136553 -8.094036095333479 -72.93407873194519
33 70 1000 0.0 20.824786449755322
33 71 883.5650042141447 -13.922409859559991 80.27754920669929
33 72 839.4449015866014 -16.459382906209555 41.79263269031776
33 73 799.9797388335091 -17.542521829354257 37.414430293395014
33 74 764.6160409998114 -17.745382064267744 33.62010250822709
33 75 732.739533817055 -17.450820499346435 30.40679723887297
33 76 703.8024465220655 -16.89259869600329 27.691585004793637
33 77 677.3563638074677 -16.207338721461838 25.37742689794453
33 78 653.0475927261764 -15.473045274165202 23.37752298076805
33 79 630.6013178459316 -14.733544252182526 21.621351710379713
33 80 609.804889305417 -14.013012235541737 20.05388267422245
33 81 590.4935524974867 -13.324381833481596 18.632853196977862
33 82 572.5391829114612 -12.674161189012693 17.325937004616833
33 83 555.841678488253 -12.0651987480868 16.108361143146
33 84 540.3224606251692 -11.498276904741942 14.961051734640762
33 85 525.9195750189715 -10.973036039528154 13.86923805858396
33 86 512.5839845080013 -10.48851289134572 12.821414688143676
33 87 500.27674564268415 -10.043454835373808 11.808571361954762
33 88 488.9668417840918 -9.636502833432047 10.823619398800616
33 89 478.6295068450829 -9.266296884045744 9.86096154715105
33 90 469.2449186897897 -8.931535543156286 8.916166593779963
33 91 460.797173657523 -8.63100821836639 7.985720817605738
33 92 453.2734770545782 -8.363611411170154 7.066836158039706
33 93 446.6635013414436 -8.128355627062774 6.157300521722789
33 94 440.95887601113265 -7.9243670107576065 5.255359598665365
33 95 436.15278214411285 -7.75088615854969 4.359622365017714
33 96 432.2396312810972 -7.607265585994156 3.4689844503049585
33 97 429.21481324350293 -7.492966736035186 2.582564977835119
33 98 427.074501325427 -7.407557051477454 1.6996535123249714
33 99 425.815506218853 -7.35070741646615 0.9190566535434073
33 100 425.23638801834016

34 0 -443.0450048153595
34 1 -443.68911030913387 7.532162324871621 1.279478419180407
34 2 -445.6039616537203 7.589213464162356 2.3938834787471706
34 3 -448.4768772666282 7.674955200647531 3.352677969587063
34 4 -452.30931759289444 7.789592318194991 4.313397781847527
34 5 -457.10367283032326 7.93339750373022 5.277064532667282
34 6 -462.863446658229 8.106706925026913 6.24491313767669
34 7 -469.59349910567664 8.309913387474722 7.218456155414401
34 8 -477.3003589690578 8.543455890475684 8.199560281685024
34 9 -485.9926196690467 8.807803788758605 9.190538950425946
34 10 -495.6814368699097 9.103432826788406 10.194266121669159
34 11 -506.381151912385 9.430788869524235 11.214317857913898
34 12 -518.1100725857375 9.790232900147544 12.255150328835896
34 13 -530.8914525700568 10.181957305906394 13.322325581943346
34 14 -544.7547237496242 10.605857820295853 14.422799907245349
34 15 -559.7370523845475 11.061336390679912 15.565293951406488
34 16 -575.8853116524372 11.54699544365235 16.760768643493634
34 17 -593.2585896715348 12.060159737751633 18.023035404696657
34 18 -611.9313824618305 12.596121871683067 19.369529924788253
34 19 -631.9976495211113 13.146941062812402 20.822268096071866
34 20 -653.5759186539742 13.699515344057204 22.408961597425673
34 21 -676.8155727159626 14.232470596556311 24.164155749688803
34 22 -701.9042301533518 14.71113823900663 26.12996804022879
34 23 -729.0755087964202 15.079522597111975 28.355352618698646
34 24 -758.6149353907491 15.247807285986767 30.891414967062246
34 25 -790.8583387305447 15.074164785318658 33.77756521757408
34 26 -826.1700658258973 14.342205706963796 37.00882151397036
34 27 -864.8759817584854 12.74511795138153 40.47021470617557
34 28 -907.1104952382484 9.914226549565115 43.83107540028794
34 29 -952.5381325590613 5.58206534781948 46.4447523808758
34 30 -1000 0.0 -39.43868711476273
34 31 -873.6607583295358 9.641524711947909 -94.61053115351052
34 32 -810.778937692979 11.8313052811518 -61.24194501144353
34 33 -751.1768683066488 12.935438551516086 -58.055952178806876
34 34 -694.6670333353652 13.261633226199194 -55.13475397483046
34 35 -640.9073603569879 13.06817916490644 -52.5732576570108
34 36 -589.5205180213436 12.54294622515755 -50.37858331324395
34 37 -540.1501937305 11.813140633689727 -48.519362883998184
34 38 -492.48179225334724 10.961575036653699 -46.952198363622216
34 39 -446.2457970032555 10.040902886342678 -45.63396379680668
34 40 -401.2138646597339 9.084022126317365 -44.52659945363803
34 41 -357.19259809597946 8.111107511647901 -43.59834317363081
34 42 -314.01717831247225 7.134189809011758 -42.82345950730547
34 43 -271.5456790813685 6.160087577833963 -42.18145272486956
34 44 -229.65427286273314 5.192273799998631 -41.65619771318988
34 45 -188.23328365498875 4.232065768714435 -41.23515862458437
34 46 -147.1839556135644 3.279387957454375 -40.90874674074371
34 47 -106.41579017350134 2.3332660109069607 -40.6698203748856
34 48 -65.84431486379319 1.3921518571619416 -40.513312840799735
34 49 -25.389164491901866 0.45414384487677495 -40.43597152742565
34 50 15.027628191058113 -0.48285614469505234 -40.43619370586919
34 51 55.483222919836514 -1.421019502703274 -40.51394931629244
34 52 96.05552682364299 -2.3624792120723086 -40.670786261617934
34 53 136.8247954430724 -3.309209384205687 -40.909919277595094
34 54 177.87536537883318 -4.2628736614755525 -41.236409257947784
34 55 219.29761395896796 -5.224613344340298 -41.6574460613669
34 56 261.190257501567 -6.19473280127545 -42.182754134532004
34 57 303.66312222803197 -7.172216417149315 -42.825145760495786
34 58 346.84054902255855 -8.153971867179166 -43.60124835482583
34 59 390.8656189376836 -9.133628499703349 -44.53242214044104
34 60 435.90539330344063 -10.099610476849307 -45.645843881373565
34 61 482.15730670043075 -11.03202787560403 -46.97561782395229
34 62 529.8566289513452 -11.897657656593253 -48.56349105907529
34 63 579.2842888185813 -12.641915998644322 -50.45809775994428
34 64 630.7728244712338 -13.176372341060471 -52.71025623409315
34 65 684.7048012867676 -13.360570959252527 -55.35910820999101
34 66 741.4910408912158 -12.979498489348828 -58.39941510565416
34 67 801.503631498076 -11.727747665897994 -61.71596972336249
34 68 864.9229803379408 -9.238099564560002 -64.97791399427672
34 69 931.4594594866294 -5.244584377436297 -67.53850983102961
34 70 1000 0.0 18.171365152990234
34 71 895.1167291806489 -10.007937195168438 73.18110908319193
34 72 853.6377818336161 -12.555682899894691 39.78342245418992
34 73 815.5498842722691 -14.020333932215863 36.46253136863868
34 74 780.7127190963388 -14.710874766009965 33.359302165208135
34 75 748.8312799418528 -14.886932850312803 30.568765170301788
34 76 719.5751887557352 -14.737766369702626 28.098132423339564
34 77 692.6350150951737 -14.39200860190175 25.916080434640264
34 78 667.7430278864547 -13.933930153474364 23.979198476341082
34 79 644.6766181424915 -13.417669864390575 22.24428194823031
34 80 623.2544639899941 -12.877638089209483 20.67311620569751
34 81 603.3303857310965 -12.335550417867807 19.233694216104823
34 82 584.7870755577844 -11.80500911262834 17.899927682512896
34 83 567.5305303660707 -11.294437263187035 16.650836873010462
34 84 551.4854018117635 -10.808947375182356 15.469652233984505
34 85 536.5912258981017 -10.351532272921418 14.34299643496098
34 86 522.7994089418415 -9.92382741296143 13.260196696011974
34 87 510.07083250607775 -9.526601907147352 12.21272808425769
34 88 498.37395277332615 -9.160077035779011 11.19377098775874
34 89 487.68329053056027 -8.82413434067442 10.19786208863161
34 90 477.97822859606293 -8.518452507765943 9.22061956179337
34 91 469.24205140697353 -8.242597967690273 8.258526276822579
34 92 461.4611760424178 -7.996085187120968 7.3087579808216105
34 93 454.6245354453303 -7.778416969024818 6.369046250639968
34 94 448.72308354113784 -7.589111481140321 5.437568291480744
34 95 443.7493988623688 -7.427720421749768 4.512857452685296
34 96 439.69736863576725 -7.293841235643754 3.593729707794637
34 97 436.56193944677955 -7.187125315318042 2.67922238824184
34 98 434.33892385928357 -7.107283477025618 1.768542241481498
34 99 433.02485496381655 -7.0540895703191495 0.9603525210956434
34 100 432.4182188170923

35 0 -450.38320476672516
35 1 -451.05480958066215 7.18541612958046 1.3206884396801115
35 2 -453.0245816460854 7.238132970857492 2.46259224379628
35 3 -455.9799940682547 7.317276795418991 3.44903431000364
35 4 -459.92265026609266 7.422931584449827 4.437566204903419
35 5 -464.85512647806155 7.555200975147358 5.429248471186497
35 6 -470.78114720846565 7.714196629185096 6.425344753203717
35 7 -477.705815984469 7.9000216213648855 7.427381548576477
35 8 -485.6359103056186 8.112747089699724 8.437218208627655
35 9 -494.5802524017243 8.35237957549225 9.457130216469551
35 10 -504.5501707385577 8.618815300265055 10.489909432931114
35 11 -515.5600712675865 8.911775885239592 11.538985802606732
35 12 -527.6281423437712 9.230717427372838 12.608575927694574
35 13 -540.7772231229757 9.574700956640186 13.703864847551301
35 14 -555.0358720388738 9.942206424811559 14.831228054949861
35 15 -570.4396792328754 10.33086346424085 15.998500663909965
35 16 -587.0328733666937 10.737058617147397 17.215298496447986
35 17 -604.8702762257714 11.155358239367274 18.493389156017543
35 18 -624.0196516787288 11.577655600121034 19.847094834626944
35 19 -644.5644658950253 11.991905915560096 21.293672696052056
35 20 -666.6069970708329 12.380251015724298 22.853544144158377
35 21 -690.271554183342 12.716258675729819 24.55009618355632
35 22 -715.7071894379455 12.960932955831197 26.408496680289318
35 23 -743.0885475439206 13.057169700140719 28.45246194983929
35 24 -772.6121133376241 12.922651545544511 30.697100503009494
35 25 -804.4827485499396 12.44231185996506 33.13488698507234
35 26 -838.8818873077688 11.464480554788338 35.711164036033665
35 27 -875.905076622007 9.811201235997089 38.28772644808902
35 28 -915.4573402039468 7.323420711766687 40.603814232429556
35 29 -957.1127050868661 3.967905466575644 42.27132989802658
35 30 -1000 0.0 -37.67308736857626
35 31 -881.7665303497135 7.0785636129176055 -89.50553621208053
35 32 -820.9889275758389 9.039031804719912 -59.590122459557165
35 33 -762.5862854305992 10.23178142821979 -57.207138357170095
35 34 -706.5746508614988 10.802561763523727 -54.88781929155567
35 35 -652.8106468474879 10.907463183396715 -52.74895874081551
35 36 -601.0767333798677 10.680160739343137 -50.83856651035495
35 37 -551.133513826778 10.22368936846351 -49.164577010093126
35 38 -502.7475793596815 9.612997202534757 -47.71472278139231
35 39 -455.70406826399335 8.900765645029452 -46.468443731797066
35 40 -409.81069189608735 8.123228393539705 -45.40330903763228
35 41 -364.8974501887288 7.304916341629024 -44.49813010834541
35 42 -320.81443167939653 6.462196664161581 -43.73424690105068
35 43 -277.4289563866274 5.605796531817646 -43.095880249881205
35 44 -234.62267117963412 4.742562408001106 -42.57004886133696
35 45 -192.2888586639535 3.876674840099085 -42.146314200600585
35 46 -150.33004277843295 3.0104869602415505 -41.816484972098436
35 47 -108.65588871975663 2.145107746349545 -41.57434295012514
35 48 -67.18135687818267 1.2808148529678078 -41.4154164038945
35 49 -25.825055911967635 0.41735618510486283 -41.33681039156976
35 50 15.492263904956857 -0.44581773667807845 -41.33709593257364
35 51 56.84913595317964 -1.309359260658443 -41.41625775018507
35 52 98.32477940532699 -2.173841351194298 -41.5757003852523
35 53 140.00053672368423 -3.039563735120012 -41.818313642064744
35 54 181.96140668945648 -3.9063214786763183 -42.14859965210154
35 55 224.2977360278873 -4.7731036558205915 -42.572864455434754
35 56 267.107135600326 -5.637677954045756 -43.0994755459989
35 57 310.4966871198851 -6.4959977462192455 -43.73918073365894
35 58 354.58549706764387 -7.341338292028809 -44.505467862479435
35 59 399.507622844844 -8.163024529292954 -45.41490943585907
35 60 445.415315939362 -8.944551307590075 -46.4873620080883
35 61 492.4823468610206 -9.660820591118437 -47.74574239621063
35 62 540.9068007317833 -10.274151773439087 -49.214821658686446
35 63 590.9119901783935 -10.728739336145622 -50.91797476272717
35 64 642.7427502572376 -10.943552526112114 -52.87000978665236
35 65 696.6520097516982 -10.80480684191275 -55.06313150925291
35 66 752.8690132757434 -10.162120080703573 -57.442438997500176
35 67 811.5368877466985 -8.838840169822618 -59.86951419474309
35 68 872.6080416652296 -6.6772389498041775 -62.08342906091468
35 69 935.7037458685279 -3.645413497006018 -63.69597916738519
35 70 1000 0.0 16.06143363202318
35 71 903.5808786044815 -7.428243610918798 67.7218663068046
35 72 864.5562673863908 -9.73036915972682 37.780235953270335
35 73 828.0204066979409 -11.267190379260114 35.25923842727974
35 74 794.0377905318313 -12.185669079646914 32.75350359013015
35 75 762.5133995176806 -12.643142001084698 30.379905635180307
35 76 733.2779792614707 -12.774563361570927 28.18650925320469
35 77 706.1403810112712 -12.684274860990854 26.181263114172793
35 78 680.9154530331251 -12.448553767654403 24.351861718279224
35 79 657.4366575747127 -12.121429076830907 22.677643774644594
35 80 635.5601654838359 -11.740497846392941 21.136002120745218
35 81 615.1646533332223 -11.331668065031465 19.705482173559005
35 82 596.1492011367179 -10.91269566436597 18.367050159297605
35 83 578.4305530146271 -10.495705424097082 17.104422880591983
35 84 561.940355375534 -10.088946004269701 15.90395672490638
35 85 546.6226395648143 -9.697998201116832 14.754358020804887
35 86 532.4316393339242 -9.326603625722043 13.646345053917742
35 87 519.3299494569789 -8.977233504222966 12.57232173913718
35 88 507.2869958556498 -8.651480537174251 11.52608696527355
35 89 496.27777552643175 -8.350330339472578 10.502586075164118
35 90 486.2818237053216 -8.074350696968025 9.497702966764109
35 91 477.28236959290354 -7.823824459535587 8.508088138250713
35 92 469.26564742882016 -7.598843534660205 7.531017156705161
35 93 462.2203352794932 -7.3993758384008 6.564274227703436
35 94 456.1370989734133 -7.225313293802628 5.606056145940414
35 95 451.0082229876124 -7.076506427016795 4.654892610514281
35 96 446.8273137523847 -6.95278938921868 3.709579556736685
35 97 443.589063874139 -6.853998055992179 2.769122736453255
35 98 441.2890682794782 -6.779983044528592 1.8326892573238638
35 99 439.9236853594913 -6.730618922263716 0.9988368485573176
35 100 439.2913945823636

36 0 -457.3630176963705
36 1 -458.0599425682948 6.812135896898184 1.3586049495324062
36 2 -460.0802275954353 6.860411341310623 2.525744144585701
36 3 -463.1114308574662 6.93280277543505 3.537476583179398
36 4 -467.1551807617941 7.029281406674045 4.551321961575894
36 5 -472.214074780618 7.149793690100751 5.568329577402551
36 6 -478.2918399165992 7.294243683774738 6.589733783894218
36 7 -485.3935423484064 7.46246843767932 7.617006615929029
36 8 -493.52585314845726 7.654204322398925 8.651918235812389
36 9 -502.6973788200312 7.869041319819388 9.696607160991277
36 10 -512.9190674704398 8.10636106287049 10.753662431416501
36 11 -524.2047036828642 8.365252665897799 11.82621998502168
36 12 -536.5715074404832 8.644397904955383 12.91807540023649
36 13 -550.0408544833372 8.941913767558788 14.033814579382067
36 14 -564.6391365992473 9.255135350534488 15.178962414846012
36 15 -580.3987793130292 9.580314953550271 16.360146143742327
36 16 -597.359428886732 9.912203275049137 17.58526341862006
36 17 -615.5693061502693 10.243465143494006 18.863632387670293
36 18 -635.0866936620725 10.563864901592012 20.206077600981075
36 19 -655.9814613522315 10.859136616623516 21.62486351167513
36 20 -678.3364206854228 11.109437075660537 23.133314357595395
36 21 -702.2480900674223 11.28728031736955 24.744837689795702
36 22 -727.8260960650142 11.354908150744336 26.47087906463969
36 23 -755.1898481967016 11.2612415052821 28.31707120841196
36 24 -784.4602384818381 10.939036744017471 30.276557126886587
36 25 -815.7429624504748 10.303891933677448 32.319394226817906
36 26 -849.099026935474 9.258596557543456 34.37771089000239
36 27 -884.4983842304796 7.708912819961199 36.32915486315392
36 28 -921.7573366617818 5.598510623086497 37.9877796308665
36 29 -960.4739434922126 2.9655684128226767 39.12133166910911
36 30 -1000 0.0 -36.32802896842077
36 31 -887.817885555371 5.340788847266367 -85.57149934879061
36 32 -828.8570013024188 7.010828578173459 -58.08872719614135
36 33 -771.6404311630884 8.146062405076918 -56.29242222000306
36 34 -716.2721568624127 8.805156546544652 -54.459072219653535
36 35 -662.7222867237813 9.074712556592488 -52.69565868119139
36 36 -610.8808395000299 9.042395687018768 -51.062357128177155
36 37 -560.597572467427 8.784484574865871 -49.586526420806564
36 38 -511.70778665841675 8.3622187437673 -48.275122087056275
36 39 -464.0473282933144 7.822470877545072 -47.123732605801735
36 40 -417.4603214468133 7.200052800986697 -46.122448757038455
36 41 -371.8024307792375 6.5203033978330325 -45.25937490300893
36 42 -326.9415716407954 5.801396137925906 -44.52257931711685
36 43 -282.7572721450038 5.0562030217202505 -43.90108698103003
36 44 -239.13939767873535 4.293726083118585 -43.385319404908444
36 45 -195.98663333518692 3.5201684704667997 -42.96723407234393
36 46 -153.2049295340475 2.739727240938052 -42.64031383449325
36 47 -110.70600566620043 1.9551808723923614 -42.399492482159346
36 48 -68.4059445697288 1.168330483079913 -42.241064402044415
36 49 -26.22387686211159 0.3803406724028502 -42.16260411707154
36 50 15.91926366441427 -0.40798432058052825 -42.1629091516325
36 51 58.1019414411534 -1.1959604580950014 -42.24197293080866
36 52 100.40320952603159 -1.982795033269106 -42.40099073607951
36 53 142.9039229133124 -2.7673454962971817 -42.642399405077114
36 54 185.68800833618582 -3.547840669123943 -42.96994917864836
36 55 228.84382127060914 -4.321534271202495 -43.388802536736335
36 56 272.4656134096585 -5.084252414550747 -43.90564822493066
36 57 316.65511772047046 -5.829784446799437 -44.52880609847884
36 58 361.52322560661617 -6.549050063204646 -45.268275137899536
36 59 407.19166799626953 -7.228956288537944 -46.13563515600231
36 60 453.7944959186208 -7.8508411805145215 -47.14363994319905
36 61 501.4789478826676 -8.388402255955839 -48.3052182898013
36 62 550.4049324982234 -8.805063617997291 -49.631409804102475
36 63 600.7417674908726 -9.050926361363679 -51.12749851261731
36 64 652.659929523458 -9.059926211992718 -52.78632373986028
36 65 706.3144149705931 -8.748843091391734 -54.577675764582466
36 66 761.8152810526229 -8.021655237289337 -56.433448433564024
36 67 819.1813118377212 -6.78532398482389 -58.231088592463095
36 68 878.2774582375491 -4.984727577646254 -59.78448732146012
36 69 938.7502864806414 -2.659252002766948 -60.86127088122544
36 70 1000 0.0 14.388535039077453
36 71 909.9732164024865 -5.672466734737441 63.45073992346511
36 72 873.0985201530698 -7.666653948896226 35.9444756858486
36 73 838.0842650307893 -9.128288079632512 34.007231448718585
36 74 805.0840572556326 -10.117172109233252 31.98335054338355
36 75 774.1175639440222 -10.721062227714015 29.979870888377775
36 76 745.1243154788771 -11.028797416554653 28.056999563433408
36 77 718.0035648171554 -11.117846631760983 26.242090028556788
36 78 692.6401354217635 -11.050652352722125 24.54204426050103
36 79 668.9194762961533 -10.875298563634317 22.95233786949177
36 80 646.73545968278 -10.627812331155667 21.462877217496953
36 81 625.9937218611594 -10.334746936912097 20.061496398131794
36 82 606.6124668865164 -10.015483710560602 18.73589032344728
36 83 588.5219412142649 -9.684088696660979 17.47458653310673
36 84 571.6632938203029 -9.350734483998394 16.267359456964755
36 85 555.9872223003354 -9.02275821997739 15.105338813508638
36 86 541.4526161932856 -8.705436673622557 13.98096139290584
36 87 528.0252995145237 -8.402549674551551 12.887851172805483
36 88 515.6769138476747 -8.116788653992955 11.820674152509127
36 89 504.3839512095054 -7.850053093039122 10.774991928837835
36 90 494.126929989999 -7.603666259859978 9.747125441730361
36 91 484.8897003260447 -7.378532877937573 8.7340334391304
36 92 476.6588631117382 -7.17525492626649 7.733206601956397
36 93 469.4232871221319 -6.994217122554545 6.742576491497545
36 94 463.1737101287431 -6.835650320379301 5.760437702864749
36 95 457.9024117164024 -6.699678692064936 4.7853813572692445
36 96 453.6029474142046 -6.586354893373368 3.8162380788192536
36 97 450.2699355587639 -6.495686212179038 2.8520287329319274
36 98 447.89888994834075 -6.427653846881867 1.8919213752099608
36 99 446.486092808344 -6.382226839126929 1.0344042470916008
36 100 445.83008145415755

37 0 -463.95905089513764
37 1 -464.6790813744585 6.414549886601463 1.3931767167844953
37 2 -466.7454043287066 6.458353285361113 2.5832591223331463
37 3 -469.8455996191248 6.523955984755162 3.617904375367061
37 4 -473.98121307944075 6.61122877906314 4.6545571195691195
37 5 -479.15471385826305 6.719978882779969 5.69421074828719
37 6 -485.36963457601513 6.849927732604357 6.738019500782286
37 7 -492.6307528598276 7.000680483565844 7.7873421872006645
37 8 -500.94431895041646 7.171685011718608 8.843791090767724
37 9 -510.31833504136307 7.362177392336662 9.909286956941116
37 10 -520.7628928642987 7.5711096930650115 10.986120779009525
37 11 -532.2905765993821 7.797054399293302 12.077022644691624
37 12 -544.9169381536819 8.03807773785502 13.185237029355562
37 13 -558.6610506580932 8.291571420274067 14.314602293130406
37 14 -573.5461427399428 8.554028710602665 15.469629240941345
37 15 -589.6003091399759 8.82074609515962 16.655568588424615
37 16 -606.857279916792 9.085426214816039 17.87844868639172
37 17 -625.3572065127594 9.339651582549777 19.145050782560418
37 18 -645.1473814819128 9.572193453815657 20.462766307756453
37 19 -666.2827391282723 9.76811975580057 21.83924487012058
37 20 -688.825871222154 9.90767831078125 23.28168784490441
37 21 -712.8461148180811 9.96497292405462 24.79556725864012
37 22 -738.4170057394342 9.906550139273236 26.382457868201868
37 23 -765.6110305544848 9.690223106097733 28.036590543112425
37 24 -794.4901868256591 9.264844401381765 29.739750931404842
37 25 -825.0905324172945 8.572359739568356 31.454446798598326
37 26 -857.3990804228557 7.554268724111807 33.116184922317416
37 27 -891.3229022619294 6.1651380705293946 34.62764051363206
37 28 -926.6543614501198 4.394753451544034 35.860469825291034
37 29 -963.0438419125114 2.295427109053662 36.67281927494008
37 30 -1000 0.0 -35.29786693413257
37 31 -892.4481080442463 4.12208408543745 -82.49470763390707
37 32 -835.0105847321859 5.514536469757388 -56.784848901746614
37 33 -778.878410240753 6.533213420566881 -55.4128103887989
37 34 -724.184963954588 7.19380524005976 -53.9591691400401
37 35 -670.9600719606728 7.540269074800847 -52.511719600341394
37 36 -619.1615247539053 7.626683544430705 -51.12879449208157
37 37 -568.7024829765097 7.506199532052449 -49.84475395334459
37 38 -519.4720168472161 7.225655942270436 -48.67673647871311
37 39 -471.3490100190835 6.823795159685346 -47.63060967457767
37 40 -424.21079749806074 6.3314072119022455 -46.70547651734432
37 41 -377.93805698439485 5.772322360013845 -45.8967867714062
37 42 -332.41722395524835 5.164649623311988 -45.198347277163464
37 43 -287.5413624300679 4.521969272465952 -44.603550304688525
37 44 -243.2101233458713 3.8543640839448017 -44.10608341259041
37 45 -199.3291956048871 3.169264235903171 -43.70031304278112
37 46 -155.80949726030906 2.4721211295900076 -43.381472570172875
37 47 -112.56625046454135 1.766939958168713 -43.14573970798328
37 48 -69.5180178443425 1.0567032416243762 -42.990256603884006
37 49 -26.585737256773335 0.34371510688237095 -42.91312519523021
37 50 16.308232546117914 -0.370107555705113 -42.913397063071486
37 51 59.24105686936964 -1.0829741048280042 -42.99106846287364
37 52 102.2903694718652 -1.7929683574237245 -43.14708542345448
37 53 145.5352277162786 -2.497785518048545 -43.38335927791958
37 54 189.05708802770437 -3.1944362452828443 -43.70278842700685
37 55 232.9408045702923 -3.878893547320942 -44.10927620086156
37 56 277.2756404294275 -4.545654008655305 -44.60772572159584
37 57 322.156256013484 -5.187179775675133 -45.20397838231284
37 58 367.68359719405316 -5.793183367387712 -45.90463970421794
37 59 413.96553542191987 -6.349717510651374 -46.71670055316895
37 60 461.11699830039106 -6.838044977149593 -47.64680797550619
37 61 509.25915137293225 -7.233305073852364 -48.6999648336934
37 62 558.5169279677779 -7.503093920989386 -49.87734576409429
37 63 609.0138429011208 -7.6062844549996385 -51.172837356722596
37 64 660.862602681223 -7.4927975396551005 -52.567926516680416
37 65 714.1496959344817 -7.105655551906068 -54.02486053454953
37 66 768.9123237503221 -6.387443701710026 -55.47891989093233
37 67 825.1075357163463 -5.29382312098511 -56.832586535100006
37 68 882.5774968205221 -3.815680120567322 -57.95735707885774
37 69 941.0222498740618 -2.0064276973719757 -58.711251589738936
37 70 1000 0.0 13.048218900052689
37 71 914.9258120739564 -4.43459533496582 60.055212357908374
37 72 879.8895752841833 -6.132546145541426 34.324414608375264
37 73 846.2769828572059 -7.458802131909579 32.808720266942714
37 74 814.2721347502978 -8.430105573080937 31.16072944204865
37 75 783.9555239731086 -9.091474041005483 29.468280327858906
37 76 755.33557409458 -9.498055700252792 27.78972484915772
37 77 728.3760742747932 -9.704078056619778 26.15940817800532
37 78 703.0167577385694 -9.757459942149978 24.59440978640589
37 79 679.1872547019814 -9.698022083830324 23.10048379621105
37 80 656.8157901461473 -9.55762541767831 21.676553747467437
37 81 635.8341472070465 -9.36115666581452 20.31781079415407
37 82 616.1801685578391 -9.127758219628276 19.017708399548724
37 83 597.798730407949 -8.872009699666364 17.76917210715419
37 84 580.6418243435307 -8.604945127665133 16.565287201589967
37 85 564.6681560047691 -8.334879501997818 15.399655831180723
37 86 549.8425126811693 -8.068058664167665 14.266553599343581
37 87 536.135048806082 -7.809160460086389 13.160969758766782
37 88 523.5205731636357 -7.56167701526158 12.078583546785978
37 89 511.97788171251 -7.328204703446261 11.015708469297095
37 90 501.48915622504154 -7.110663643033774 9.969223181865658
37 91 492.0394353487787 -6.91046388006356 8.9364994718442
37 92 483.61615728135314 -6.728631399307488 7.915332912088189
37 93 476.2087695246023 -6.565903875030699 6.903878833590625
37 94 469.8083996141719 -6.422803569598273 5.900594576430024
37 95 464.40758037174226 -6.299692887644511 4.904188037520214
37 96 460.00002353913146 -6.196816666675147 3.9135720366225826
37 97 456.5804362984971 -6.114334218172331 2.927823782944756
37 98 454.14437597324195 -6.0523433343547595 1.9461486303759727
37 99 452.68813903774515 -6.01089787287043 1.0669981094685284
37 100 452.0103797543049

38 0 -470.1481197418871
38 1 -470.8890423414977 5.9948995529144895 1.4244072121352076
38 2 -472.99693416615753 6.034269039533569 2.6351502427393996
38 3 -476.1593428269765 6.093152546787252 3.6903520768814246
38 4 -480.3776383199204 6.171336164751324 4.747344859600702
38 5 -485.6540325461779 6.268510411873081 5.807028530943768
38 6 -491.9916953818079 6.384245043552937 6.870435384680093
38 7 -499.3949033155381 6.517954858337703 7.93876389504328
38 8 -507.8692231718945 6.6688544260944695 9.013415144583206
38 9 -517.4217336047045 6.835898941175742 10.09603184233768
38 10 -528.0612868565698 7.017707487108169 11.188539438373141
38 11 -539.7988124814508 7.21246383731966 12.293188029811688
38 12 -552.6476629161932 7.417788461986561 13.412592421217255
38 13 -566.6239973238853 7.6305736397336545 14.549765552129713
38 14 -581.7471940204526 7.846771523091434 15.708137089731565
38 15 -598.0402715033484 8.061122861096464 16.8915436479557
38 16 -615.530281316364 8.266812323852207 18.104168906010216
38 17 -634.2486093153689 8.455036068812433 19.350399626669912
38 18 -654.2310805697039 8.614470481689978 20.634545774231867
38 19 -675.5177008638326 8.730641944453282 21.960348368640723
38 20 -698.1517773069853 8.78522312572801 23.330167525849447
38 21 -722.1780359155315 8.755333243456448 24.743709518287687
38 22 -747.6391963435607 8.613014939607808 26.1961292466828
38 23 -774.5702944088971 8.325218839106583 27.67536547052049
38 24 -802.9899272846017 7.854860250406148 29.15869376035721
38 25 -832.8876819296115 7.163792147185518 30.608818549547948
38 26 -864.2075643836976 6.218727429245007 31.97048922096343
38 27 -896.8286603715384 5.000891258197271 33.169639590586144
38 28 -930.5468435648698 3.51886427547754 34.118068669390766
38 29 -965.0647977103199 1.8210519384467148 34.72657821756508
38 30 -1000 0.0 -34.50137199203698
38 31 -896.062053726246 3.23924427549224 -80.05696287903322
38 32 -839.8860742419336 4.389702175105185 -55.67759786101192
38 33 -784.7068580042221 5.275786548921815 -54.61315344970069
38 34 -730.6597673425322 5.893698791987504 -53.45201656541957
38 35 -677.802824873383 6.262881923455552 -52.262780376820444
38 36 -626.1342065888913 6.414859563761411 -51.09642667092555
38 37 -575.6099715315319 6.3850218907439285 -49.98755402296683
38 38 -526.1590985429576 6.207576378096007 -48.95752645942338
38 39 -477.6949186126851 5.912977967322206 -48.017981336169925
38 40 -430.1231358706178 5.52699169966732 -47.173921556709956
38 41 -383.3470754992652 5.070692229969353 -46.42613249159919
38 42 -337.2708708874194 4.560924981086771 -45.77293240466474
38 43 -291.8012106899357 4.010942052910025 -45.21137252039722
38 44 -246.84812584662495 3.431058040048981 -44.738024441471225
38 45 -202.32516180699326 2.829253195068361 -44.34947702669872
38 46 -158.1491717932275 2.211698235874735 -44.042638112227706
38 47 -114.23988558253785 1.583199571945265 -43.81491037012498
38 48 -70.51935105297756 0.9475752246722848 -43.66428925333076
38 49 -26.911307075876334 0.3079762869476479 -43.589414914401026
38 50 16.659478775824496 -0.33282999185524353 -43.58959836334287
38 51 60.26788965080941 -0.9721994705818666 -43.66483373252727
38 52 103.98914624087904 -1.6073569912687802 -43.81580214930005
38 53 147.8994939494095 -2.235133113288697 -44.043867292936234
38 54 192.0768808267515 -2.8516754749216204 -44.35105720792076
38 55 236.60160836525102 -3.4521177189718912 -44.740020300108796
38 56 281.5569214269691 -4.030188222345174 -45.21393445328485
38 57 327.0294772718207 -4.57774140518265 -45.776335457211246
38 58 373.1095923413916 -5.0841983462651115 -46.43081287287578
38 59 419.8911030175723 -5.535894862565385 -47.18049676576419
38 60 467.47058587291997 -5.915361249115051 -48.02722750640004
38 61 515.9455580303724 -6.20061013120187 -48.970267233641096
38 62 565.4111203402022 -6.364604290591387 -50.00438918524975
38 63 615.9543364008719 -6.375234900075952 -51.11720213128302
38 64 667.6455246027682 -6.196374039046418 -52.28569483676671
38 65 720.5257260744053 -5.790845000839852 -53.47232192663739
38 66 774.590168456043 -5.1263426305126245 -54.621616002643066
38 67 829.7689580796914 -4.185083591604894 -55.65932501132039
38 68 885.9088184786838 -2.976646543849938 -56.497091897846985
38 69 942.7631418753854 -1.5504372748649757 -57.045590760658115
38 70 1000 0.0 11.960367401483609
38 71 918.8424070724182 -3.5315220550227764 57.31819377792368
38 72 885.3636124441526 -4.96776919398701 32.92026888890484
38 73 853.0018692946085 -6.141545778067268 31.709672021179074
38 74 821.9442684017945 -7.050015295465698 30.350678634287647
38 75 792.3005120260332 -7.713585268742065 28.91192076120592
38 76 764.1204268793826 -8.164745659119774 27.444395547819113
38 77 737.411720930395 -8.439852300399934 25.9826857866596
38 78 712.1550553060634 -8.574073451918764 24.548100233290484
38 79 688.315520463814 -8.598814337415376 23.15217239396344
38 80 665.8507105181366 -8.540772693726922 21.799742635512757
38 81 644.7160351927885 -8.421929510512086 20.491363596181827
38 82 624.8679833257729 -8.25999926245754 19.225037289595434
38 83 606.2659606135976 -8.06905209085437 17.997399625069875
38 84 588.8731840756332 -7.860152225006516 16.8044896546333
38 85 572.656981304331 -7.641938976269444 15.642225277006105
38 86 557.588733521621 -7.421123197117538 14.50668043481727
38 87 543.6436204346965 -7.202896180878099 13.394232821711569
38 88 530.8002678781978 -6.991258962303391 12.301629909149256
38 89 519.040360616398 -6.789283871729481 11.22600530106564
38 90 508.34825727606653 -6.5993205537736515 10.164866265113062
38 91 498.7106280861718 -6.423157463244451 9.116065682856686
38 92 490.11612591035316 -6.262148128764807 8.077766606989258
38 93 482.5550948721933 -6.117309726706992 7.04840432120676
38 94 476.01931726793964 -5.989399945475839 6.026648690250937
38 95 470.50179749169143 -5.878976808375285 5.01136826019237
38 96 465.9965807475549 -5.786445059281959 4.001596748291433
38 97 462.49860399510857 -5.712091868173388 2.996502065252315
38 98 460.00357661705027 -5.656113944244623 1.995357720511862
38 99 458.50788855408484 -5.618637614931856 1.0966068758158087
38 100 457.81036286541865

39 0 -475.90924646427567
39 1 -476.6688804802875 5.555404346421113 1.4523479717490488
39 2 -478.81394240777377 5.590436947382386 2.6815121162059086
39 3 -482.0319047126993 5.642761035119577 3.7549715005848157
39 4 -486.3238854089434 5.71209598260117 4.829914984654948
39 5 -491.6917346820092 5.798041186810707 5.907119627088804
39 6 -498.138124663121 5.900049399467349 6.9874639472469084
39 7 -505.66666257650303 6.017390935422924 8.071951569742197
39 8 -514.2820278026054 6.149106944925023 9.161735173605763
39 9 -523.9901329237146 6.293949383202744 10.258140017954815
39 10 -534.798307838515 6.450304658130335 11.362685675153443
39 11 -546.7155042740214 6.61609718220285 12.477103619570016
39 12 -559.7525150776551 6.788668222377851 13.603346831769557
39 13 -573.9221979375606 6.964624605644815 14.743585354235279
39 14 -589.2396857861256 7.139651172455672 15.900178462304154
39 15 -605.7225548621689 7.308280724547274 17.075609389185388
39 16 -623.3909045644964 7.463616246393542 18.27236189410769
39 17 -642.2672786503842 7.597003561162751 19.492708940398188
39 18 -662.3763224452928 7.697660291238776 20.738372183397303
39 19 -683.7440230171788 7.752282188426136 22.009997514158613
39 20 -706.39631747361 7.744675250414673 23.306379143907577
39 21 -730.356781304994 7.655507660757223 24.623359072519918
39 22 -755.6430356186498 7.462345682592684 25.952343463852003
39 23 -782.261468232698 7.140234080419987 27.278435853910764
39 24 -810.1999073264714 6.663191594738805 28.578324239483777
39 25 -839.4181167116656 6.007068331575681 29.818313977437185
39 26 -869.8365352813457 5.154145737682427 30.95328403332917
39 27 -901.3246847783239 4.0994632345174296 31.927777359864592
39 28 -933.6920900010749 2.8579135137953813 32.68063050554048
39 29 -966.6859457894049 1.4696515980217555 33.15395499946254
39 30 -1000 0.0 -33.879674597087046
39 31 -898.9265965952308 2.580502381872577 -78.10500545880188
39 32 -843.7899890823962 3.5273715920559994 -54.74830662831704
39 33 -789.4299833385967 4.284354540406866 -53.908813771916584
39 34 -735.9723615385631 4.839933984693062 -52.972073765506366
39 35 -683.485835807584 5.200192245699668 -51.99055882856749
39 36 -631.9912438814281 5.382301136750868 -51.00665452479319
39 37 -581.4725267579976 5.408927525880756 -50.05203713901
39 38 -531.8871696034081 5.304205803716343 -49.14878040213483
39 39 -483.1749659537279 5.0912304828384265 -48.31119435300636
39 40 -435.2647808973954 4.790733171111128 -47.547762254697176
39 41 -388.07944144433355 4.4205642767154245 -46.86285348998675
39 42 -341.5390739174219 3.995663562756306 -46.25809745422279
39 43 -295.56324653588797 3.5282941403280006 -45.733417245726315
39 44 -250.07223942596926 3.0283952186434107 -45.28777227043207
39 45 -204.98770199502383 2.503969050336522 -44.919672846955365
39 46 -160.23289373205853 1.961457780694218 -44.62752619329597
39 47 -115.73264960843188 1.4060909060654154 -44.40986271918573
39 48 -71.41316829368706 0.8421986022427532 -44.26547988888163
39 49 -27.20168983066863 0.2734941589556339 -44.193530411757735
39 50 16.9738925298284 -0.2966671407846384 -44.193572820601005
39 51 61.18545581053338 -0.8650433821290804 -44.26559546228718
39 52 105.50508345440277 -1.4282654164945683 -44.41001906616131
39 53 150.005493942856 -1.9825897451037804 -44.62767776157242
39 54 194.7604389775476 -2.523634364168217 -44.919773032690046
39 55 239.84504000823608 -3.046087623436293 -45.28778894828511
39 56 285.33601687411783 -3.543381848634226 -45.7333494078066
39 57 331.3117388238493 -4.0073274389648645 -46.25798850623278
39 58 377.8519938865834 -4.427711345754176 -46.86279316160068
39 59 425.03732514705064 -4.791879431466384 -47.54786345601889
39 60 472.94772079862116 -5.084349879572017 -48.31152324414268
39 61 521.660371635336 -5.286550696791721 -49.149207875169736
39 62 571.2461365489606 -5.376844629103687 -50.05197053296837
39 63 621.7643127012727 -5.331101382881343 -51.00460710517763
39 64 673.2553507593159 -5.124187059042072 -51.983536617444315
39 65 725.7313859361614 -4.732817057563523 -52.95482912601574
39 66 779.1650090113474 -4.140152501728778 -53.873158481697374
39 67 833.4777028995561 -3.3421236498829785 -54.68289044843732
39 68 888.530789908222 -2.354521848314107 -55.32271076211782
39 69 944.1231244237918 -1.2184050817337493 -55.734605045889
39 70 1000 0.0 11.067134119894888
39 71 921.988856184002 -2.851573969848914 55.087443163921364
39 72 889.8251136721573 -4.063549637405629 31.714390885330772
39 73 858.5600744133404 -5.0873620218035285 30.726474165464026
39 74 828.3721653412292 -5.912363917734865 29.58868995137385
39 75 799.3826945105927 -6.54550592451892 28.35354996420483
39 76 771.6650654128196 -7.004824611381025 27.063457817499852
39 77 745.255778875593 -7.313844821833413 25.75008038520633
39 78 720.1649046424069 -7.497547349584636 24.43544774939045
39 79 696.3848833768121 -7.579855178547348 23.133784554402894
39 80 673.8973355336011 -7.58230238914831 21.853438574370728
39 81 652.6780062280707 -7.523505793014692 20.59858422542345
39 82 632.7001670827542 -7.419122948348104 19.37058581920644
39 83 613.9368345896578 -7.282070502119268 18.169019144605215
39 84 596.3621287935438 -7.122857342685961 16.992400316174894
39 85 579.952033957308 -6.9499469442719715 15.838684859069701
39 86 564.6847590754044 -6.770103287591212 14.705596394734926
39 87 550.5408411678382 -6.588699406001695 13.59083399358093
39 88 537.5030910882425 -6.409981749612484 12.492195855934597
39 89 525.556449455969 -6.237291025173704 11.407646877826835
39 90 514.6877973325888 -6.073243652839494 10.335349590350688
39 91 504.8857502752676 -5.919879227195679 9.273671896853045
39 92 496.14045353888275 -5.778779445175928 8.221180648625648
39 93 488.4433889780163 -5.651163486870757 7.176627016879593
39 94 481.78719950512357 -5.537964148529085 6.138927494761731
39 95 476.1655339884928 -5.439888307234156 5.107142923714093
39 96 471.5729136576954 -5.357464626818768 4.080456976824479
39 97 468.00462003484387 -5.291080826272463 3.0581548979820923
39 98 465.4566038617312 -5.241012330350372 2.039602883617505
39 99 463.92541426760886 -5.20744369980963 1.1232587947352215
39 100 463.21008627226075

40 0 -481.22362697999534
40 1 -481.99985103433994 5.098231666661945 1.4770905404634789
40 2 -484.1778080609223 5.129071860344538 2.722506931437863
40 3 -487.44486489721567 5.175068543501169 3.8120111121002083
40 4 -491.8018302851227 5.235893578049257 4.902625011291832
40 5 -497.25011491979933 5.311082314526544 5.994981947809947
40 6 -503.7917941807426 5.400006805424795 7.08978513329231
40 7 -511.42968518638395 5.501840246336229 8.187821440500954
40 8 -520.1674370617445 5.615511180410749 9.289973592363026
40 9 -530.00963237111 5.7396456309832615 10.397229555542992
40 10 -540.9618961728305 5.872494940366721 11.510687237373247
40 11 -553.0310068458565 6.011846722370308 12.631551594059204
40 12 -566.2249993609489 6.154916050218674 13.76111984465922
40 13 -580.5532465351749 6.298213928676944 14.900748502207534
40 14 -596.026496365364 6.437390467289049 16.051793208634024
40 15 -612.656832952443 6.567051367257932 17.21550872189357
40 16 -630.4575138091511 6.68054898651576 18.392891742625693
40 17 -649.4426164376944 6.769754334506956 19.584443671515146
40 18 -669.6264011521814 6.824825309961909 20.789824401495252
40 19 -691.0222652406849 6.834001286120838 22.00736332781662
40 20 -713.6411278078147 6.783477080773935 23.233392998180534
40 21 -737.4890512370459 6.657442410780504 24.461379950465698
40 22 -762.563887708746 6.438416019183478 25.680855666345565
40 23 -788.8507625697371 6.108050931344053 26.87621138266661
40 24 -816.3163104740793 5.648620910307102 28.025528011512904
40 25 -844.9018185927629 5.0453801084186125 29.09977269249157
40 26 -874.5158558590624 4.289854661686604 30.062884123905178
40 27 -905.0275868405732 3.383799312394899 30.873407366699098
40 28 -936.2626705924606 2.3429977760634415 31.488257032895092
40 29 -968.0041009063634 1.1994287990889916 31.868664703769696
40 30 -1000 0.0 -33.39052120818616
40 31 -901.2230584899911 2.075738809072334 -76.52959128697722
40 32 -846.9408174260456 2.8534099051857993 -53.97374570247763
40 33 -793.2755670850358 3.4925408979827353 -53.30059105706363
40 34 -740.3396353119183 3.979512855832752 -52.53617886012677
40 35 -688.2032093647823 4.313554297930921 -51.72041322476264
40 36 -636.898808862393 4.503073314081973 -50.887691390744465
40 37 -586.4278265832934 4.562033072948509 -50.06564935600136
40 38 -536.7675101503903 4.506993952048504 -49.27522350246571
40 39 -487.87737957836197 4.35500505548157 -48.53145396877514
40 40 -439.70460221284003 4.122275571761634 -47.84458776283296
40 41 -392.18820405269605 3.823454721444506 -47.22120209995401
40 42 -345.262198012932 3.471337145909814 -46.66520254105217
40 43 -298.8577989705917 3.0768396049043076 -46.178640864510115
40 44 -252.90491628391177 2.6491351179280116 -45.762349531462704
40 45 -207.3330999076663 2.1958678632794175 -45.416414464647914
40 46 -162.07208735461595 1.723401242143197 -45.14051625649881
40 47 -117.05206739466868 1.2370721913887834 -44.93416954857644
40 48 -72.20374825746306 0.7414385739443574 -44.79688600044054
40 49 -27.4582953937876 0.2405151462741042 -44.728280657428414
40 50 17.252813057393773 -0.2620011806327227 -44.72813590442759
40 51 61.99797641506757 -0.762513099843499 -44.796432008237204
40 52 106.84567707386817 -1.2573064782284646 -44.93334851227475
40 53 151.86467343961706 -1.742330014714156 -45.13923624060988
40 54 197.12414955508794 -2.212965626106353 -45.41455508625327
40 55 242.6937836121236 -2.6637856063033496 -45.759767784574805
40 56 288.64368512423755 -3.0882955589719074 -46.17517426881342
40 57 335.04413214975045 -3.478667513945936 -46.660664954331196
40 58 381.96501503289994 -3.825476907082532 -47.215364865377296
40 59 429.47486188050505 -4.117472169389998 -47.83713529958203
40 60 477.639285632064 -4.341428839234027 -48.521898771725375
40 61 526.5186594239558 -4.482173366864345 -49.262761983172766
40 62 576.1648095984095 -4.52290502009015 -50.04893987133937
40 63 626.6165391666345 -4.445991678387145 -50.86454456122141
40 64 677.8938987208523 -4.2344489889962915 -51.68741051144889
40 65 729.9913601895323 -3.8742943295329724 -52.4882873693241
40 66 782.8704734595005 -3.3578338077763874 -53.23092259496252
40 67 836.4532053794574 -2.687614934035537 -53.87369435790572
40 68 890.617862175312 -1.8802233716528463 -54.373373329697756
40 69 945.1999520388529 -0.9684456342216663 -54.69106891234401
40 70 1000 0.0 10.327198513368444
40 71 924.545555012116 -2.3247237653502566 53.25464414051805
40 72 893.4907117189639 -3.345934507606728 30.68448083695023
40 73 863.1765933382155 -4.230148002258886 29.860857740849838
40 74 833.7689962372642 -4.964523111675817 28.892534731572255
40 75 805.391523875071 -5.549061426611274 27.81946006755976
40 76 778.1300761021447 -5.992936694756452 26.67605665050462
40 77 752.0394105740618 -6.310866399650081 25.48996304845599
40 78 727.1501500052327 -6.520148544164556 24.28208987657655
40 79 703.4752308209087 -6.638546237304126 23.067417354399765
40 80 681.0153152964332 -6.682950308081672 21.856092021045413
40 81 659.7630467788179 -6.668648361429632 20.654543036982034
40 82 639.7062292224691 -6.609016662114584 19.46647258049086
40 83 620.8301016178361 -6.515480101991727 18.293665230732017
40 84 603.1188987610051 -6.397625609613499 17.136613212480597
40 85 586.5568751928749 -6.263391353672944 15.994979332100854
40 86 571.1289400968034 -6.119282969308529 14.867927973087546
40 87 556.8210192466998 -5.970588460198655 13.754354359690296
40 88 543.6202313774228 -5.821576882043075 12.653038289977246
40 89 531.5149426667454 -5.675674253207205 11.56274339783863
40 90 520.4947445817455 -5.53561500011466 10.482278063091087
40 91 510.5503865405632 -5.403569869342846 9.410529890520252
40 92 501.673684800705 -5.281252491603141 8.34648234731418
40 93 493.8574218459348 -5.170007235712944 7.289219617853604
40 94 487.0952455649978 -5.070881002973863 6.237923869887538
40 95 481.38157410615975 -4.984681401692654 5.191867781902687
40 96 476.71151000119244 -4.91202343423555 4.150404229253127
40 97 473.0807656476535 -4.8533664945599355 3.1129543617207105
40 98 470.485601277751 -4.8090431480590325 2.0789948469746946
40 99 468.9227759537041 -4.7792808632805475 1.1470155397844906
40 100 468.19157019818203

41 0 -486.0745711222133
41 1 -486.8653438136114 4.625472753151797 1.4987575031247786
41 2 -489.07208612846284 4.65230014925973 2.758348993045132
41 3 -492.38204179970165 4.692254435300356 3.8617932182895345
41 4 -496.7956725650419 4.744979416302442 4.9659287556803235
41 5 -502.3138993110623 4.809973596956752 6.071232854464341
41 6 -508.9381382739706 4.886564412507084 7.1782218790565935
41 7 -516.6703430691755 4.973874383305429 8.287455944728151
41 8 -525.5130501634269 5.070778107092451 9.399540558252795
41 9 -535.4694241856811 5.175848802186749 10.515123777910787
41 10 -546.5432977192485 5.287292961179446 11.63488676654049
41 11 -558.7391977187621 5.402871620309554 12.759524729421969
41 12 -572.0623471780924 5.5198068821136985 13.889714038076193
41 13 -586.5186257949144 5.634672790724892 15.026059771305654
41 14 -602.1144667207037 5.743270674094504 16.169015900885142
41 15 -618.8566575966847 5.840490974367185 17.3187679084121
41 16 -636.7520025375279 5.920166878635541 18.475064861356714
41 17 -655.8067873193982 5.974930411720834 19.636985263844338
41 18 -676.0259730652166 5.99608990749914 20.802619135011184
41 19 -697.4120255894205 5.973559842929944 21.96864928497064
41 20 -719.9632716351579 5.895890535396916 23.129820268567244
41 21 -743.671666126555 5.750465797962136 24.27829801092946
41 22 -768.5198676570168 5.523958563295537 25.40295198441555
41 23 -794.4775700953861 5.203150404239295 26.488640745034388
41 24 -821.4971491470856 4.776216194101835 27.515653416558337
41 25 -849.5088769285028 4.234526195675244 28.459547728816688
41 26 -878.4162446047189 3.5748948858405925 29.291703237305455
41 27 -908.0922834031137 2.801987557762402 29.98092047424143
41 28 -938.3780855532018 1.9303029629816137 30.49625999223457
41 29 -969.0848033875828 0.9848944158251243 30.8109572233991
41 30 -1000 0.0 -33.003364587103704
41 31 -903.0780742133754 1.6795728300315886 -75.25159555361608
41 32 -849.4968088927678 2.316752499629672 -53.33150453940664
41 33 -796.4150651345622 2.851420861807469 -52.78271082126963
41 34 -743.9313872502286 3.270385771742326 -52.15106036555818
41 35 -692.1129444034458 3.5696891355286766 -51.466998370318265
41 36 -640.997390509592 3.752596351546572 -50.7581757497756
41 37 -590.5965929038946 3.827319635386175 -50.04811650104347
41 38 -540.9011575075051 3.8049479315462804 -49.35580841960177
41 39 -491.88497606469105 3.697807530323388 -48.69591273329323
41 40 -443.50933204091865 3.518299466145862 -48.07931258873424
41 41 -395.72635088722257 3.278161083158153 -47.51379191583857
41 42 -348.4817482092415 2.9880604892800875 -47.00471257076299
41 43 -301.7169257456966 2.657429837239249 -46.55561927370812
41 44 -255.37050966182528 2.294457505724452 -46.16874401205696
41 45 -209.37943772158266 1.9061784781931124 -45.84540672274018
41 46 -163.67969621634492 1.498620457363728 -45.586321865186605
41 47 -118.20679399120945 1.0769781173378448 -45.39182538738457
41 48 -72.89604544157578 0.6457989694383954 -45.262036933996306
41 49 -27.68272012321684 0.20917206035849034 -45.196970166334815
41 50 17.497894891093846 -0.22908415674388394 -45.19660106671861
41 51 62.710482010220375 -0.6652352705134525 -45.26090075988292
41 52 108.0196964108597 -1.0954444603741322 -45.389835981031965
41 53 153.4901539722843 -1.5155843774452222 -45.58333690945031
41 54 199.1863702297603 -1.9210461151395748 -45.84122862427924
41 55 245.17261122084278 -2.306545761706559 -46.163118881150666
41 56 291.51260799206165 -2.665932326358387 -46.548231315449186
41 57 338.26907385174115 -2.992006283850742 -46.9951698543434
41 58 385.50294770074845 -3.2763663841039374 -47.50159781704474
41 59 433.27226948583063 -3.5093145996930843 -48.06381538817038
41 60 481.6305784770892 -3.6798657527487535 -48.67622444161702
41 61 530.6247183690647 -3.7759290926107383 -49.33068405602586
41 62 580.2919465891409 -3.784751125892001 -50.01578884449117
41 63 630.656296058047 -3.69372500874465 -50.71615107408377
41 64 681.7242487373085 -3.4916671960173744 -51.41183926859014
41 65 733.4799745952273 -3.1706131435260545 -52.078213944795834
41 66 785.8806766269001 -2.7280609322831424 -52.68647908619994
41 67 838.8529327676272 -2.169373491000556 -53.20528001231378
41 68 892.2912366515277 -1.5097574192994898 -53.60354146230395
41 69 946.0600156922351 -0.7749807093007348 -53.85438167423615
41 70 1000 0.0 9.710855988766298
41 71 926.6383037147025 -1.9056816237228986 51.741508656314636
41 72 896.5169826873707 -2.7640402890866653 29.808966648422142
41 73 867.0203704178582 -3.5212520003454983 29.107885561394937
41 74 838.3012115645809 -4.164811294992603 28.269776527021463
41 75 810.4808173638153 -4.691439995487087 27.325136381124196
41 76 783.6509388023325 -5.10507333119034 26.301652844461046
41 77 757.8775116748932 -5.414578858781624 25.222868535798227
41 78 733.205201730736 -5.631680655570449 24.107767911736403
41 79 709.6619758514204 -5.769312675634694 22.970982790485778
41 80 687.2632361497645 -5.840447073227153 21.823336450245222
41 81 666.0153029509299 -5.8573445306893746 20.67251787139054
41 82 645.9182004069834 -5.831134863919772 19.523754078644345
41 83 626.9677947936412 -5.771633279802927 18.3804101971063
41 84 609.1573800127708 -5.687311664842184 17.244489064493678
41 85 592.4788166646539 -5.585363364972864 16.11702749937467
41 86 576.9233250140214 -5.471817999410575 14.998399288209214
41 87 562.4820180882355 -5.35167754571188 13.888540080846383
41 88 549.1462448523287 -5.229055832686811 12.787110062926047
41 89 536.9077979623834 -5.1073111559935 11.69360875975525
41 90 525.7590273328182 -4.989166728986902 10.607453974215048
41 91 515.6928900139533 -4.876816816627581 9.528034405364565
41 92 506.70295852208903 -4.772018260070723 8.45474328225555
41 93 498.7834034494422 -4.676168122142684 7.3869985055088705
41 94 491.9289615110713 -4.590368677491824 6.324253328782021
41 95 486.13489679187813 -4.5154811433779685 5.266000492452406
41 96 481.3969605261665 -4.452169532771791 4.211771883957198
41 97 477.71135302396374 -4.400935895513385 3.16113518415861
41 98 475.07469015784926 -4.362148047188668 2.113688514896893
41 99 473.48397599416995 -4.336060698954526 1.1679650629831144
41 100 472.73876003188303

42 0 -490.4474221709284
42 1 -491.25079654064353 4.139124951722067 1.5174930942566789
42 2 -493.48240835944176 4.16214171679087 2.7892886135864217
42 3 -496.8293737678164 4.196372074780896 3.90469037914292
42 4 -501.2917891177276 4.241450645954018 5.020344172948228
42 5 -506.87006211371283 4.296865266356576 6.136566944014589
42 6 -513.5649230057568 4.361933114724081 7.253685919640986
42 7 -521.3774339529948 4.4357696813543726 8.372035135086321
42 8 -530.3089932759294 4.517249853717885 9.491948011244347
42 9 -540.3613299754835 4.60496033343378 10.613744409629987
42 10 -551.5364820951894 4.697142627069525 11.737710055496052
42 11 -563.8367500864756 4.791626027046789 12.864065514993456
42 12 -577.2646131251763 4.88575040693388 13.992921015074558
42 13 -591.8225921166247 4.976279427688041 15.12421229418834
42 14 -607.513037713553 5.059306073463915 16.257611392276317
42 15 -624.3378149011774 5.130154560744927 17.392404926434608
42 16 -642.2978475664222 5.183285918325737 18.527331179979342
42 17 -661.392477261136 5.2122192977669215 19.660366700378745
42 18 -681.6185809671797 5.209487710708515 20.788453832704363
42 19 -702.9693849265448 5.166655592252312 21.907163955714395
42 20 -725.4329088786085 5.074436054488217 23.010298953212725
42 21 -748.9899828329702 4.922956568678842 24.08944797836432
42 22 -773.6118048353371 4.702229874889952 25.133540272622724
42 23 -799.2570633782157 4.402886088706168 26.12846901347291
42 24 -825.8687428622829 4.017202673150734 27.056903802948852
42 25 -853.3708709841134 3.540418904476212 27.898451384230327
42 26 -881.6656456307436 2.9722300664879526 28.630345485992336
42 27 -910.631561956098 2.318225059864062 29.22881544384012
42 28 -940.1232765184238 1.5908885504345562 29.671163890957814
42 29 -969.9738897380137 0.8097067662923791 29.938361740788082
42 30 -1000 0.0 -32.69584279397969
42 31 -904.5822041500543 1.3616952837172676 -74.21283878734755
42 32 -851.5743224253049 1.8815988902039749 -52.80189767070175
42 33 -798.9784088086508 2.324802446234912 -52.34695778495097
42 34 -746.880406855403 2.6795696600107135 -51.81791058640556
42 35 -695.3425876358397 2.940766992659462 -51.23820264495839
42 36 -644.4040015654862 3.108792163202736 -50.630060890886966
42 37 -594.0824658540657 3.1881733192456068 -50.01329777600165
42 38 -544.3774060134829 3.1861632575594285 -49.404735607528494
42 39 -495.27299463900874 3.11152357104163 -48.81810243417556
42 40 -446.74120114513175 2.9735810632219284 -48.26423420999819
42 41 -398.74452621901236 2.7815624434992117 -47.75144107681979
42 42 -351.2383189914922 2.5441720389891316 -47.28593378697107
42 43 -304.1726586450702 2.269361642190205 -46.87224384806575
42 44 -257.4938312953607 1.9642414393222225 -46.51360089050884
42 45 -211.14545686405253 1.635088302592706 -46.21225151300864
42 46 -165.0693282693434 1.2874175046870704 -45.96971661735408
42 47 -119.20602362934437 0.9260933742285786 -45.786991036501774
42 48 -73.49534619633985 0.555462352635054 -45.6646920574199
42 49 -27.876639514504582 0.17949801363072737 -45.6031637836107
42 50 17.71098137088154 -0.19804803318584163 -45.60254323529953
42 51 63.328446956094474 -0.573492569561779 -45.66279231186745
42 52 109.03656599461644 -0.9430661367010487 -45.78369761920652
42 53 154.8958421945075 -1.3027584525912204 -45.964837895375325
42 54 200.9662417853671 -1.6481655462868474 -46.20551647051461
42 55 247.30687513553673 -1.974341981249296 -46.50465399579362
42 56 293.9755497769543 -2.2756645935204745 -46.860634790957604
42 57 341.02814471745194 -2.545718869377936 -47.271099012076746
42 58 388.5177478011078 -2.7772257410387056 -47.73267318121964
42 59 436.4934910798912 -2.962035342117076 -48.240634668226846
42 60 484.9990171375615 -3.091224808852502 -48.78851326464303
42 61 534.0705176091773 -3.1553481711033555 -49.36764735631601
42 62 583.7343118501935 -3.14489451609478 -49.96673578747328
42 63 634.0039891841238 -3.0510098484053856 -50.57146063134678
42 64 684.8772331128871 -2.8665188283677026 -51.16429864623029
42 65 736.3325864765844 -2.5872325858859995 -51.724681105589866
42 66 788.3265953240668 -2.21343746780542 -52.22968294243702
42 67 840.7919523614585 -1.7513280928010886 -52.65539084492207
42 68 893.637377013911 -1.2140056023221177 -52.978980547997935
42 69 946.7499134574543 -0.6215800647055971 -53.18131149304452
42 70 1000 0.0 9.19649759894628
42 71 928.3569182595618 -1.5642277727931173 50.49060385143139
42 72 899.0187922971372 -2.2822452970514178 29.06891046032763
42 73 870.2190973389065 -2.9247515877556225 28.4600867349439
42 74 842.0986188272494 -3.480607907566423 27.722346736430666
42 75 814.7744038660452 -3.945270251508475 26.879198031362023
42 76 788.3402227645254 -4.319714187801878 25.952917787210083
42 77 762.868568291625 -4.60902939045684 24.963355724075882
42 78 738.4135113163736 -4.821008010479943 23.92735605972348
42 79 715.0138561721781 -4.964921515532694 22.85865093674306
42 80 692.6962094428875 -5.050568057628482 21.768060165990732
42 81 671.4777358401966 -5.0875960428434155 20.663855246289415
42 82 651.3684989503087 -5.085068224773863 19.552183831377306
42 83 632.373368177442 -5.051214939490194 18.437488429809605
42 84 614.4935220906895 -4.993324829514847 17.32288312731066
42 85 597.7276019228207 -4.917728641854069 16.210472997532463
42 86 582.0725760956245 -4.829841358903252 15.10161379234853
42 87 567.5243743381236 -4.734237287846213 13.997116526414061
42 88 554.0783430427964 -4.634740603550995 12.897404679695626
42 89 541.7295649787324 -4.534519912982489 11.80263250153854
42 90 530.4730780397193 -4.436179823285443 10.712772402457006
42 91 520.3040201738183 -4.3418455536161105 9.62767835943643
42 92 511.21772132084647 -4.253238658364296 8.547131041799076
42 93 503.2097580902202 -4.171743213028748 7.470869200432503
42 94 496.27598291998146 -4.098462581045851 6.398610848652254
42 95 490.4125363929157 -4.0342672998718 5.33006692662272
42 96 485.615849066736 -3.979834818514888 4.26494947711771
42 97 481.88263743868026 -3.9356818698614973 3.202975847303833
42 98 479.20989737212835 -3.9021902252871143 2.1438700435335534
42 99 477.59489735161316 -3.879626492403162 1.1862140595758603
42 100 476.83746925297663

43 0 -494.329461907592
43 1 -495.1435937170555 3.6410804687976395 1.5334538272262819
43 2 -497.3963695620446 3.6604990421817547 2.8155961161039613
43 3 -500.77478594926345 3.6893384308968393 3.941102147452682
43 4 -505.27857385694995 3.727241697664226 5.0664219472560035
43 5 -510.90762984377545 3.7737102720654434 6.191715323234405
43 6 -517.6620045034188 3.8280825981200906 7.31712629405439
43 7 -525.5418824318842 3.889506656079732 8.442772683721955
43 8 -534.5475498708627 3.956905943173922 9.568731210332203
43 9 -544.6793448525486 4.028938541592652 10.695016551262427
43 10 -555.9375829733875 4.103949053155759 11.821552460153498
43 11 -568.3224497728556 4.1799134938253815 12.948132509286324
43 12 -581.8338479919602 4.2543777944044905 14.074367438717445
43 13 -596.4711846502905 4.324391450571625 15.19961543783569
43 14 -612.2330788676315 4.386439240544121 16.322891033942028
43 15 -629.1169667181746 4.436375945322993 17.44274775327392
43 16 -647.1185743741794 4.469371841725092 18.557129598378708
43 17 -666.231225914932 4.479880544645539 19.663187056227116
43 18 -686.4449484866336 4.4616455994498665 20.757055429496575
43 19 -707.7453367739251 4.40776786413204 21.83359762875034
43 20 -730.1121437441343 4.3108614832261765 22.886121244993774
43 21 -753.5175792639127 4.163330631704696 23.906091831331196
43 22 -777.9243274067967 3.9577994870830935 24.882881504442878
43 23 -803.2833422727984 3.6877199014826374 25.80361354329517
43 24 -829.531554493387 3.348159608118408 26.65318623232838
43 25 -856.5897147374552 2.9367333163863236 27.414575122153906
43 26 -884.3607047376948 2.4545780837993902 28.069509392693305
43 27 -912.7287335228418 1.9072004265542546 28.599578958188033
43 28 -941.5598626540709 1.304958752149446 28.987741698662887
43 29 -970.7042169201676 0.6629310812323865 29.220068672964544
43 30 -1000 0.0 -32.451376069678815
43 31 -905.80146478081 1.1012300233812198 -73.36999666341211
43 32 -853.2600066731758 1.5223258185613417 -52.36839737688899
43 33 -801.064670027032 1.885638567246815 -51.98474005146289
43 34 -749.29052657025 2.181214821806009 -51.53509581913363
43 35 -697.9944783887647 2.403818301494823 -51.03777586712624
43 36 -647.2149748359975 2.552379279849731 -50.51076942318946
43 37 -596.9729395423858 2.629145692871532 -49.970745406686774
43 38 -547.273484022624 2.6387472484835257 -49.43245816780575
43 39 -498.1080232067743 2.587321150112416 -48.90849492763073
43 40 -449.4564941673625 2.4817818138339476 -48.40927371627666
43 41 -401.289475774221 2.3292641695398117 -47.943200940071364
43 42 -353.5700922872198 2.1367356473112977 -47.516913372072
43 43 -306.255649030077 1.910753721917274 -47.13554987337503
43 44 -259.2989925404697 1.6573393345261707 -46.80301735165446
43 45 -212.64961432676807 1.3819370372129356 -46.52223065737533
43 46 -166.25453122571906 1.0894367638770177 -46.29531679355073
43 47 -120.05898073966661 0.7842373896302348 -46.12378053943659
43 48 -74.00697014684589 0.4703373696820137 -46.00863229459416
43 49 -28.041716150478294 0.15144210592851337 -45.95048055215571
43 50 17.89399095746553 -0.16891895790474187 -45.94959164991111
43 51 63.85746714934393 -0.4872701894500473 -46.00591886339813
43 52 109.90582868426179 -0.8000659040118308 -46.119101864061406
43 53 156.09567087746674 -1.103567707085844 -46.28843631903611
43 54 202.482701322334 -1.3937264742559563 -46.512812152937315
43 55 249.12129518334137 -1.666073868493882 -46.79061792838429
43 56 296.0639371791026 -1.9156308054637066 -47.119608203577826
43 57 343.360511590497 -2.1368439099114482 -47.49673100186163
43 58 391.05739918282586 -2.323565755350643 -47.91791428978388
43 59 439.1963401700648 -2.4691003039767168 -48.37781445598418
43 60 487.8130280947942 -2.566340747742572 -48.8695372706033
43 61 536.9354147112714 -2.6080313678772313 -49.38435376326814
43 62 586.5817356213305 -2.5871853576931017 -49.9114505217932
43 63 636.7583157548578 -2.497682615796066 -50.43777538635669
43 64 687.4572863940439 -2.3350499268989324 -50.94806200607076
43 65 738.6544397669993 -2.097385513580832 -51.42513258423355
43 66 790.307551562511 -1.7863290243628853 -51.85057459311503
43 67 842.3555889532294 -1.4079041490641657 -52.205848146830476
43 68 894.7192478561719 -0.9729972301035446 -52.47379343420846
43 69 947.3031758216463 -0.49722167631267666 -52.640376071914034
43 70 1000 0.0 8.768208280678778
43 71 929.7667592602887 -1.2795735951856955 49.45926335926322
43 72 901.0814732814736 -1.8751015796153183 28.448442833459637
43 73 872.8698735933694 -2.4138637013828657 27.909522950879932
43 74 845.2624273797137 -2.8864174314996376 27.24925786326861
43 75 818.3713578668322 -3.2880288419011663 26.48603010088874
43 76 792.2903671779362 -3.618118241265506 25.63789370551268
43 77 767.0955704558069 -3.8794066583549807 24.721574713120162
43 78 742.8472177516959 -4.076974227628739 23.75187578666055
43 79 719.5918188824858 -4.217378850280568 22.74142274333724
43 80 697.3643722650214 -4.307917241340874 21.7006619229345
43 81 676.1904950366168 -4.356057640890583 20.638017704245158
43 82 656.0883368565311 -4.369038923137282 19.560135181997566
43 83 637.0702246726216 -4.353612546375587 18.472153592365316
43 84 619.1440296718005 -4.315897167650803 17.377975362129803
43 85 602.314273948362 -4.261316209581878 16.280510969986267
43 86 586.5830077318279 -4.194592672030353 15.18189064221707
43 87 571.9504926639279 -4.119780708243923 14.08364083619864
43 88 558.4157260594307 -4.040318621015956 12.98682743778977
43 89 545.9768377883483 -3.9590923628580867 11.892169540020802
43 90 534.631386979389 -3.878502150665099 10.800128333581426
43 91 524.3765811211855 -3.800527459073919 9.710975570285711
43 92 515.2094358388176 -3.7267875649597784 8.624845622842912
43 93 507.12688987549967 -3.6585961323208096 7.5417745828273155
43 94 500.125886673163 -3.5970091974857894 6.4617292419389685
43 95 494.20343139162173 -3.5428664612911405 5.384628254983369
43 96 489.35663016319626 -3.4968261135184093 4.310357313967501
43 97 485.58271676368673 -3.4593935773131363 3.238779777386384
43 98 482.8790706084235 -3.4309446194857003 2.1697438923552284
43 99 481.2432289789763 -3.4117432630160067 1.2018803880872895
43 100 480.4753098322489

44 0 -497.7098074138476
44 1 -498.5329574782388 3.1331214461235675 1.5467995149788294
44 2 -500.8034064438053 3.149152990631876 2.8375465756856215
44 3 -504.20805062961006 3.1729311181537696 3.9714330346253917
44 4 -508.74627251305606 3.2041232243740865 5.104716014116832
44 5 -514.4174826578437 3.2422660429820667 6.237407844470454
44 6 -521.221088201997 3.2867472124818846 7.369482303655275
44 7 -529.1564472651543 3.3367817777108257 8.500858480140153
44 8 -538.2228051622773 3.3913834513886627 9.631379896757267
44 9 -548.4192070586688 3.4493305700506767 10.760787519611824
44 10 -559.7443802015009 3.5091268981576036 11.888685007728782
44 11 -572.1965770741264 3.568957810625477 13.014494256242187
44 12 -585.7733687139853 3.6266429779321925 14.1373989718208
44 13 -600.471375017768 3.679587564073586 15.25627374032797
44 14 -616.2859161946412 3.72473521200709 16.369595887027685
44 15 -633.2105667918233 3.7585278213547326 17.47533752761558
44 16 -651.2365912498724 3.7768793862114762 18.570835779301888
44 17 -670.3522383504271 3.7751739624697507 19.65264045810352
44 18 -690.5418721660794 3.748301048339158 20.716341152190864
44 19 -711.7849206548088 3.69074492522725 21.756379839490705
44 20 -734.0546318450608 3.5967470743802323 22.76586172078538
44 21 -757.3166440963796 3.4605613728246 23.736385982221236
44 22 -781.5274038095033 3.2768184446526334 24.657929542400666
44 23 -806.6325031811809 3.0410057910357295 25.518829134508223
44 24 -832.5650620785198 2.7500515541304935 26.30591721785254
44 25 -859.244337616886 2.4029705105224366 27.00486985991131
44 26 -886.5748017983424 2.001492850326258 27.600812596160267
44 27 -914.4459628092065 1.5505570059495994 28.079196112190175
44 28 -942.7331940227227 1.0585223938817307 28.426894545635946
44 29 -971.2997519004784 0.5369673663253707 28.633402988638636
44 30 -1000 0.0 -32.25754385183086
44 31 -906.7846641968167 0.8833590404572647 -72.69051296878621
44 32 -854.6189740624276 1.2201735660466966 -52.01748912683615
44 33 -802.7496859431444 1.5134155429344105 -51.688068781706306
44 34 -751.242836499015 1.7549312634424723 -51.29973085215755
44 35 -700.1502242388293 1.9399337139039403 -50.86703818691467
44 36 -649.5087601251856 2.0667346119602144 -50.40473349951026
44 37 -599.3407572398088 2.1362364765860775 -49.926929807367856
44 38 -549.6549005104499 2.1513183295949716 -49.44656015028761
44 39 -500.4476369392336 2.116220903461624 -48.975067868825136
44 40 -451.70476477279965 2.0360003074900987 -48.5222911905708
44 41 -403.403054558092 1.9160850135508838 -48.09648724334244
44 42 -355.5117902861148 1.7619453694495064 -47.70444423459361
44 43 -307.99416608890476 1.5788685995852063 -47.35164016085088
44 44 -260.808509964413 1.3718239151277771 -47.04241757521318
44 45 -213.9093309384784 1.1453996191170717 -46.78015408365779
44 46 -167.24820179709744 0.9037947628662124 -46.56741626493678
44 47 -120.77449840860484 0.6508502948363954 -46.40609043069678
44 48 -74.43602093570388 0.39010760021619006 -46.29748734112162
44 49 -28.17952372636161 0.1248851744283428 -46.242420111197454
44 50 18.048819286691025 -0.1416334562030137 -46.24125553067809
44 51 64.30298733499457 -0.40630572344289817 -46.293939257974536
44 52 110.6366978026401 -0.6659340432888854 -46.399995136842314
44 53 157.1029776086792 -0.9171716956025762 -46.55849846561945
44 54 203.753694733879 -1.1564347889898983 -46.76802263192265
44 55 250.6390228725245 -1.37982569429127 -47.02655832700137
44 56 297.80681138788174 -1.5830752161800206 -47.33140483237517
44 57 345.30183253727483 -1.7615133421687688 -47.67903396196368
44 58 393.1648793118091 -1.9100814919325728 -48.06492957528491
44 59 441.43169168784465 -2.0234023906362495 -48.483409660618776
44 60 490.13169863304665 -2.0959262392244966 -48.927444328543544
44 61 539.2865803449317 -2.122172450447806 -49.38849196626654
44 62 588.9086825655797 -2.097082914642556 -49.85638703539212
44 63 638.999354415716 -2.016493037087116 -50.31932520055261
44 64 689.547332966685 -1.877708054754578 -50.76400154401506
44 65 740.5273575037461 -1.680142917136095 -51.17596020305382
44 66 791.8992533727926 -1.4259460146970468 -51.54020157792036
44 67 843.6077606595868 -1.1204877868455583 -51.842059050662726
44 68 895.583371474118 -0.7725698816576596 -52.068298075246446
44 69 947.7443568100797 -0.3942200106064888 -52.20831426294097
44 70 1000 0.0 8.414145680073261
44 71 930.9160654499332 -1.036986437064627 48.61550227181607
44 72 902.7689954563679 -1.5240204104918007 27.93462035413046
44 73 875.0468247416723 -1.9683318179235698 27.44877088305958
44 74 847.8714536902487 -2.362193960692821 26.848181595912365
44 75 821.3504615498475 -2.7012383633772856 26.147497221596154
44 76 795.5764592470564 -2.9841832011705947 25.36153997075627
44 77 770.627381608335 -3.212320991218121 24.50449973771265
44 78 746.5674597716311 -3.388898943327888 23.589383867797892
44 79 723.4486138727392 -3.518497626899318 22.627707923030925
44 80 701.3120439255692 -3.6064766644016686 21.629381375380717
44 81 680.1898511219778 -3.658522038485671 20.602733564493008
44 82 660.1065767965832 -3.6803039076536948 19.554628925892303
44 83 641.0805932701932 -3.6772375350029733 18.490630185296084
44 84 623.1253164259911 -3.6543315568246157 17.41517946410437
44 85 606.2502343419844 -3.616105048705492 16.331777493152913
44 86 590.4617614396852 -3.5665555021459454 15.243149293686486
44 87 575.7639357546115 -3.5091622229565473 14.151390577428458
44 88 562.1589802848283 -3.4469126800166237 13.058093025081462
44 89 549.6477497044485 -3.382342310021329 11.964448971889396
44 90 538.2300823410495 -3.317580892319995 10.871337306241173
44 91 527.9050750919662 -3.254400729354586 9.779392945141751
44 92 518.671296450766 -3.1942635024244055 8.689062368552186
44 93 510.5269503548618 -3.1383638767478317 7.600647567906492
44 94 503.47000131495304 -3.0876687816566175 6.514340519681923
44 95 497.49826931549796 -3.042951869083595 5.4302500105901
44 96 492.60950129377284 -3.0048230249155665 4.3484223610957145
44 97 488.80142459330654 -2.9737530294728742 3.268857341336542
44 98 486.07178661109975 -2.950093579063605 2.191520357830683
44 99 484.41838387764517 -2.934092923084336 1.2150857442109668
44 100 483.6416151226778

45 0 -500.57930559037965
45 1 -501.40983660930266 2.6169209619533547 1.5576849764643441
45 2 -503.69467554330834 2.6297648881117084 2.8554057881341635
45 3 -507.120648185571 2.6487922035680924 3.9960723811948924
45 4 -511.6868203056981 2.673708455911992 5.1357568720843005
45 5 -517.3921619297396 2.7041044329140504 6.274339311342203
45 6 -524.2354989283825 2.7394408643594943 7.411642028783149
45 7 -532.2154459873059 2.7790290875677215 8.547408922628733
45 8 -541.33031677364 2.822007666828142 9.681280002672054
45 9 -551.57800599265 2.867315096673906 10.812759998031368
45 10 -562.9558367697027 2.91365895987866 11.941179700728298
45 11 -575.4603653941066 2.9594822896050346 13.065648589060913
45 12 -589.0871339478246 3.0029284447087434 14.184997192165554
45 13 -603.8303597784377 3.041806596149968 15.297707671910587
45 14 -619.6825492916457 3.0735609879374124 16.401831291223175
45 15 -636.634022360884 3.0952485117049946 17.494891927478307
45 16 -654.6723331466023 3.1035308184261794 18.573775739493726
45 17 -673.7815738398715 3.094689112407764 19.634608718354798
45 18 -693.9415505833119 3.0646717391975358 20.672626392254074
45 19 -715.1268266243796 3.00918631094288 21.682043654791414
45 20 -737.3056378928948 2.923848771523126 22.655937692591124
45 21 -760.4387020095619 2.8044005404235577 23.586163201603597
45 22 -784.477964296102 2.647000452006637 24.463325922654008
45 23 -809.3653538548699 2.4485892842987482 25.27684665277303
45 24 -835.031657601648 2.2073102572841776 26.015150951815087
45 25 -861.3956557585001 1.9229491427887524 26.66601641834967
45 26 -888.3636904383474 1.59733500038368 27.21709588812047
45 27 -915.829847534741 1.2346227611354834 27.656608501743506
45 28 -943.6769074418344 0.84137101475892 27.97415205903866
45 29 -971.7781516528183 0.4263427593631377 28.161546279082813
45 30 -1000 0.0 -32.10498439554692
45 31 -907.5681828617245 0.6972440892334362 -72.14982309736541
45 32 -855.7003538052692 0.9610654763431512 -51.73834087441185
45 33 -804.0915011129008 1.192283055297878 -51.44998235406712
45 34 -752.8003890971349 1.3844391287562985 -51.1085776481641
45 35 -701.8743458165726 1.5334652621851887 -50.7259725186085
45 36 -651.3484440599179 1.637562834011419 -50.31446666050732
45 37 -601.245412495558 1.696902661848469 -49.88616168905202
45 38 -551.5761206818139 1.7132266364637303 -49.4524737409302
45 39 -502.34046501369755 1.6894236690939408 -49.0238129497356
45 40 -453.5284947823427 1.6291326258738081 -48.6094096061874
45 41 -405.12164580132276 1.5364039347761036 -48.217255878111956
45 42 -357.0939830261188 1.4154337734963747 -47.854129786037674
45 43 -309.4133862292474 1.2703719764980974 -47.525671327696756
45 44 -262.0426403707253 1.1051969910674586 -47.236486332122595
45 45 -214.94041356500222 0.9236474056170749 -46.990259809636896
45 46 -168.0621207514515 0.7291985511612182 -46.78986611783141
45 47 -121.3606813293394 0.5250733288264229 -46.63746770208661
45 48 -74.78718534727827 0.31427788490090336 -46.53459741500221
45 49 -28.29148649933498 0.09965444979576787 -46.48222160857491
45 50 18.177257869871557 -0.11605479092445314 -46.480782547782354
45 51 64.67007859622973 -0.3301377275488875 -46.530219450484005
45 52 111.23769677083956 -0.5398404594836705 -46.629967836221084
45 53 157.9300142686719 -0.7422975119204551 -46.77893706473712
45 54 204.7955709003138 -0.9344684299120445 -46.97546615162601
45 55 251.88094657192391 -1.113085879268553 -47.217258355574415
45 56 299.23008761146264 -1.2746216954490137 -47.501295851455325
45 57 346.88353827483456 -1.4152789976198221 -47.823737277614185
45 58 394.877562166691 -1.5310202987572836 -48.17980333825136
45 59 443.2431449513373 -1.6176430873913432 -48.5636592032761
45 60 492.0048805732432 -1.6709149729104809 -48.96830733041486
45 61 541.179759612167 -1.6867792098595942 -49.3855104386862
45 62 590.7759014506156 -1.6616369995882678 -49.80577110843251
45 63 640.791301829032 -1.5927040613467511 -50.21840052646871
45 64 691.212702503553 -1.4784245735331751 -50.611711886119735
45 65 742.0147256012715 -1.3189058744651447 -50.97337054417602
45 66 793.1594435919051 -1.1163147134207065 -51.29091946282449
45 67 844.5965645269205 -0.8751560804198562 -51.55247201379109
45 68 896.2643876194873 -0.6023478068898385 -51.74752565796939
45 69 948.0916158428593 -0.30701855987132376 -51.867806190256374
45 70 1000 0.0 8.12544185422064
45 71 931.840732134418 -0.8257110419172022 47.93524294877142
45 72 904.1295141024572 -1.2150913782847965 27.517097452600694
45 73 876.8065372292166 -1.5725552556108369 27.071349400678912
45 74 849.9868153010993 -1.8919908073988267 26.516351317814895
45 75 823.7738345935868 -2.1696676223413647 25.864040860410967
45 76 798.2587335802774 -2.404114026037348 25.126811077671846
45 77 773.5202124382431 -2.5958127834438187 24.31685897096287
45 78 749.6250156383517 -2.7467979792370443 23.44569915097935
45 79 726.6288141362844 -2.8602251941536565 22.52384502226346
45 80 704.5773255938248 -2.9399674450934867 21.560637511348148
45 81 683.5075391135881 -2.9902683450447967 20.56419046099313
45 82 663.4489446718385 -3.0154661355371672 19.541419685480264
45 83 644.4246997426276 -3.0197894479014167 18.498125943194395
45 84 626.4526927854497 -3.007217819778589 17.439107848427284
45 85 609.546484045773 -2.9813961762501435 16.368287024664937
45 86 593.7161187361198 -2.9455914718290614 15.288833467966015
45 87 578.968817109841 -2.90268038218818 14.203283658327962
45 88 565.3095514194639 -2.855158491621353 13.113647350724989
45 89 552.741522408391 -2.805163275217467 12.02150132771743
45 90 541.266548764029 -2.7545049828806896 10.92806991424817
45 91 530.8853825798947 -2.704701120838763 9.834292960181301
45 92 521.5979628436664 -2.65701152872316 8.740882475449666
45 93 513.4036176289953 -2.612472063995085 7.6483693035951035
45 94 506.30122423647623 -2.5719256604043608 6.557141249603205
45 95 500.2893351297889 -2.5360500662704055 5.46747401172442
45 96 495.3662762130274 -2.505381936250643 4.379556153578221
45 97 491.5302228226325 -2.480337187383469 3.2935092232383454
45 98 488.7792577665507 -2.4612276705243232 2.209403998743767
45 99 487.11141482514495 -2.4482742789625718 1.2259488338182507
45 100 486.3273600989142

46 0 -502.9304309286435
46 1 -503.7667994021455 2.094049393771968 1.5662526456926003
46 2 -506.0629362200287 2.103884197886856 2.8694178173003593
46 3 -509.50563503674624 2.1184379580188875 4.015376602425675
46 4 -514.09368942488 2.137465917288125 5.16002824346279
46 5 -519.8256915236718 2.1606284823359374 6.303140252917956
46 6 -526.699969930716 2.187479143492851 7.444406958308946
46 7 -534.7145054402897 2.2174493217231657 8.5834252826088
46 8 -543.8668204959336 2.249830225029939 9.719665905863451
46 9 -554.1538372520166 2.283751938363423 10.852438812662342
46 10 -565.5716981212582 2.318160197159955 11.98085220065991
46 11 -578.1155416533364 2.351791631600406 13.103763741072271
46 12 -591.7792256034028 2.3831487453106774 14.219723278365734
46 13 -606.5549882100679 2.410476536500312 15.326906283556639
46 14 -622.433038170516 2.431743501956248 16.423037802582712
46 15 -639.4010638152333 2.444630786446851 17.505307358104346
46 16 -657.4436528867247 2.446534416681402 18.570276380004657
46 17 -676.5416165752426 2.434586792402456 19.613781378874876
46 18 -696.6712156444745 2.405704704816344 20.63083835072598
46 19 -717.8032932766946 2.3566717912051445 21.615556871816295
46 20 -739.9023293881071 2.284263033296895 22.56107595026606
46 21 -762.9254451772267 2.185417030380563 23.459537662704747
46 22 -786.8214047135166 2.057457605113484 24.302118286275856
46 23 -811.5296817497784 1.8983592035179981 25.079138939785764
46 24 -836.9796825930881 1.7070403291734806 25.780277076342543
46 25 -863.0902359024635 1.4836566086622156 26.394894603010812
46 26 -889.7694717991097 1.2298521515317589 26.912486214507
46 27 -916.9152083314775 0.9489184870757299 27.323232126565415
46 28 -944.4159360522406 0.6458096816486432 27.6186145438636
46 29 -972.1524374192047 0.3269751484875201 27.792031973879716
46 30 -1000 0.0 -31.98664252196056
46 31 -908.1791523752836 0.5347078207145728 -71.72944749244306
46 32 -856.5411050151139 0.7341488367318902 -51.52245016077171
46 33 -805.1342520537402 0.9097160973725522 -51.26469512929316
46 34 -754.0117147565276 1.0565133555489297 -50.95854864527024
46 35 -703.2171547631997 1.1713113756583198 -50.61391448165955
46 36 -652.7838857932085 1.2525019532365036 -50.24129609984698
46 37 -602.7345625635057 1.299922286870185 -49.851266004915544
46 38 -553.0813537833774 1.314600383312552 -49.45403914304214
46 39 -503.82648427742146 1.298469216536489 -49.05916187941506
46 40 -454.96303002454727 1.2540873778368677 -48.675310924888635
46 41 -406.4758624276442 1.184391506633773 -48.31018609571987
46 42 -358.3426578331075 1.0924941006989002 -47.970476192871615
46 43 -310.53491004190096 0.98153106104985 -47.66187694327979
46 44 -263.01890394654794 0.8545570097339521 -47.3891421460942
46 45 -215.75662574971255 0.7144827608282895 -47.15615252356403
46 46 -168.70659889941987 0.5640477196559317 -46.965990341727434
46 47 -121.82464506625769 0.4058197616412613 -46.82101109695709
46 48 -75.06457670550569 0.24221571246501838 -46.72290622015227
46 49 -28.378832625953144 0.07553646473992792 -46.67275278702281
46 50 18.28092886853993 -0.09198828948538385 -46.67104770802274
46 51 64.96326279009234 -0.25814995607216673 -46.717724926533755
46 52 111.71637872160744 -0.4207093223832743 -46.81215492121388
46 53 158.5875726325201 -0.577346839392348 -46.953126436047825
46 54 205.6226315937031 -0.7256187340029214 -47.138810999270746
46 55 252.8651946310616 -0.8629233483085414 -47.36671159253834
46 56 300.35605477877976 -0.9864829515045699 -47.63359795072644
46 57 348.1323905325145 -1.0933472783071636 -47.93543256527195
46 58 396.22691990932367 -1.180425997743697 -48.26729366505643
46 59 444.66697786262733 -1.2445578640619601 -48.62330433477197
46 60 493.4735285788676 -1.2826239497252914 -48.996580451011795
46 61 542.6601387646509 -1.2917104608675913 -49.37921399294433
46 62 592.2319565647563 -1.2693224576829039 -49.762311886879274
46 63 642.1847625384095 -1.2136427124953002 -50.13611277449752
46 64 692.5041821137513 -1.123819730678406 -50.49020335713345
46 65 743.1651692526764 -1.0002563349244724 -50.81385034294135
46 66 794.131882799634 -0.8448573004065452 -51.09645178387507
46 67 845.3580728204265 -0.6611851693525068 -51.32809214413186
46 68 896.7880670878977 -0.45447271647128673 -51.50016055469791
46 69 948.3583939298223 -0.23145346420852775 -51.605966456051135
46 70 1000 0.0 7.895453198027383
46 71 932.5674875337676 -0.6376506564330384 47.40041089353127
46 72 905.1991782129375 -0.9376232131014035 27.187776140436824
46 73 878.1919352528939 -1.2142510721189979 26.77187145394555
46 74 851.6554353050464 -1.462905181785004 26.251069229181837
46 75 825.6897967945303 -1.6806168442773242 25.635374002957633
46 76 800.3846872991311 -1.866028977351732 24.935394809653815
46 77 775.8190071752226 -2.0192171959441794 24.161815784512953
46 78 752.0610557301052 -2.1414312531298947 23.324971457088054
46 79 729.1690642610465 -2.234804409284493 22.434538457174483
46 80 707.1919788157562 -2.302068301101599 21.499338224489577
46 81 686.1703878120674 -2.3462984185825917 20.527234874049327
46 82 666.1375090676576 -2.370703590281664 19.525107823035682
46 83 647.120172165996 -2.3784636186790635 18.498878501054662
46 84 629.1397520655482 -2.372612881657801 17.453572735755642
46 85 612.2130266944847 -2.355964060938561 16.39340384110244
46 86 596.3529443833434 -2.331064575081257 15.32186508774845
46 87 581.5692965189878 -2.300178122723196 14.241823557636167
46 88 567.869297268071 -2.265284406740818 13.155610132052175
46 89 555.2580762548835 -2.2280911790329014 12.06510248063006
46 90 543.7390923068109 -2.1900539276990685 10.971799460619877
46 91 533.3144773336437 -2.1523996498929137 9.87688639929928
46 92 523.9853195082123 -2.1161521265598253 8.781291425395864
46 93 515.751894482852 -2.082156908094987 7.685733436225291
46 94 508.61385263576176 -2.051104834709207 6.590762517406603
46 95 502.5703694480388 -2.0235533713864697 5.496793734743818
46 96 497.6202651662741 -1.9999453610861053 4.404135239982651
46 97 493.7620989680735 -1.980625018328226 3.3130116070628617
46 98 490.9942419521484 -1.9658511231151294 2.2235832662515804
46 99 489.3149324355703 -1.95580745305233 1.2345792359590462
46 100 488.5250834802303

47 0 -504.7571914767775
47 1 -505.5979353968466 1.5659854583362574 1.5726262311522703
47 2 -507.90244393908205 1.572961030000414 2.879794352381083
47 3 -511.35752410160876 1.583273651017322 4.0296541005961615
47 4 -515.9617521402744 1.5967374237254717 5.1779473964013505
47 5 -521.7134188944115 1.613094662836943 6.324352537546929
47 6 -528.6104572153682 1.6320070348610898 7.468462868170377
47 7 -536.6503446307522 1.6530445095685309 8.609760004165821
47 8 -545.8299772236999 1.675672236021228 9.747582619312311
47 9 -556.1455098693768 1.6992355764539298 10.881089970161383
47 10 -567.5921571640226 1.7229437162027352 12.009219393965282
47 11 -580.1639486573074 1.7458525343267297 13.130637137211636
47 12 -593.8534314384459 1.7668477850592694 14.24368209706546
47 13 -608.6513128514383 1.7846301190477334 15.346302428556157
47 14 -624.5460362955582 1.7977040707999095 16.435985541169714
47 15 -641.5232839337777 1.8043738422248907 17.50968284220346
47 16 -659.5654019799651 1.80274947814371 18.56373174544933
47 17 -678.6507474246764 1.7907677671387887 19.59377900648974
47 18 -698.7529599929446 1.7662327528567516 20.594711391056762
47 19 -719.8401702067899 1.726880867232694 21.560601983271965
47 20 -741.8741639594886 1.670475071781425 22.484682931766542
47 21 -764.809536070323 1.5949306257256808 23.359357773420186
47 22 -788.5928795063289 1.498471805153315 24.176268095791443
47 23 -813.1620722619059 1.3798138319220925 24.926429376833028
47 24 -838.445738259995 1.238357542706808 25.600448356959305
47 25 -864.3629689758245 1.074376654259595 26.18882824070795
47 26 -890.8233947414109 0.8891704007461954 26.682357766533983
47 27 -917.7276845088925 0.6851502010227932 27.07256603186039
47 28 -944.9685268051317 0.4658306351201418 27.35220872045045
47 29 -972.4321019497934 0.23570457106080767 27.51573659743417
47 30 -1000 0.0 -31.89725172331987
47 31 -908.6375985031536 0.38936981382965996 -71.41567426063352
47 32 -857.168651478733 0.5307962839514175 -51.36333259775387
47 33 -805.9109333076459 0.6555476804762748 -51.12761783525008
47 34 -754.9134158082328 0.7601652208767291 -50.84698236987833
47 35 -704.2169685678892 0.8423057661618145 -50.52998392092093
47 36 -653.853447966391 0.900727514113612 -50.185855749295456
47 37 -603.8452570692983 0.9351885110672811 -49.82406325897597
47 38 -554.205321448439 0.9462882019753351 -49.4539268112639
47 39 -504.93740344677053 0.9352821635316104 -49.084325955211284
47 40 -456.03666953801644 0.9038952737922159 -48.723487316090115
47 41 -407.4904288145903 0.8541514487848474 -48.378849155249924
47 42 -359.2789712275166 0.7882307843028968 -48.0569902316216
47 43 -311.3764483513471 0.7083587480073277 -47.763608418661704
47 44 -263.7517543901932 0.6167275103821908 -47.503534632344156
47 45 -216.3693790866588 0.5154466014546699 -47.28076909971492
47 46 -169.19021619076335 0.40651856307246703 -47.09852911701844
47 47 -122.17232085262192 0.2918347553886491 -46.95929970927752
47 48 -75.2716167722083 0.17318659832928063 -46.864880711903545
47 49 -28.442559428814835 0.05228797359599824 -46.816425610525314
47 50 18.361234448842325 -0.06919495152598998 -46.81446896859445
47 51 65.18637850837406 -0.18960974852062407 -46.85894048338189
47 52 112.07911541560611 -0.30728256611158855 -46.949164719541265
47 53 159.0847079474566 -0.4204846612079507 -47.08384647635677
47 54 206.24680836831965 -0.5274036444493788 -47.2610426605422
47 55 253.606793268541 -0.6261228185702947 -47.478122573076064
47 56 301.2030535144718 -0.7146124984647884 -47.73171978145395
47 57 349.0702328314489 -0.7907377591324121 -48.01768032385331
47 58 397.2384141621784 -0.8522874878128164 -48.33101392400616
47 59 445.7322606794612 -0.8970296653099297 -48.6658571552577
47 60 494.5701284726938 -0.9227971303795357 -49.01545992722049
47 61 543.7631805339022 -0.9276062901795399 -49.37220894664381
47 62 593.3145463659814 -0.909807936859977 -49.72770336006022
47 63 643.2185872540226 -0.8682642664887794 -50.072897799464215
47 64 693.4603419649098 -0.8025394761302778 -50.39832550854891
47 65 744.0152382711204 -0.7130836524380584 -50.69440811390416
47 66 794.8491581927182 -0.6013825990271471 -50.951848297252525
47 67 845.9189348656255 -0.4700421469697176 -51.16208742985583
47 68 897.1733330524298 -0.3227771289939483 -51.31779395282541
47 69 948.5545227712763 -0.16428477321983337 -51.41333347378509
47 70 1000 0.0 7.719244661996129
47 71 933.116033447284 -0.46650320214143903 46.997619735670014
47 72 906.00476052866 -0.683145489498429 26.940497036914735
47 73 879.2350393734546 -0.8834872706457872 26.54606743199531
47 74 852.9126256646693 -1.0642605146326218 26.04998554565657
47 75 827.1350682821414 -1.2233077236610939 25.46091706484424
47 76 801.9907915349809 -1.3595655150788275 24.78821072600499
47 77 777.5586468301315 -1.4729606207436063 24.041456695184706
47 78 753.9078781446115 -1.5642484177488996 23.230111937639037
47 79 731.0984229548534 -1.63482402207444 22.363207974291754
47 80 709.181462196028 -1.6865310761084515 21.44914350205005
47 81 688.2001359507533 -1.7214862276049985 20.495555171813066
47 82 668.1903518524018 -1.741929995162593 19.509254485383792
47 83 649.1816269799857 -1.7501085145643742 18.49621665181826
47 84 631.1979185487653 -1.748186101854344 17.461607406167786
47 85 614.2584121676501 -1.7381856757770606 16.40983533124148
47 86 598.3782478862823 -1.721952589785019 15.34461940618138
47 87 583.5691733552874 -1.7011369616435559 14.2690638266684
47 88 569.8401202329455 -1.6771897942820715 13.185734294415283
47 89 557.1977047664568 -1.651368757147111 12.09673180675918
47 90 545.6466566194272 -1.6247502265535445 11.003761443388157
47 91 535.1901818796805 -1.5982449256732707 9.908194761320544
47 92 525.8302670967861 -1.572615179445279 8.811125217247593
47 93 517.5679314451853 -1.5484923693523456 7.713416595445722
47 94 510.40343390589464 -1.5263936279922632 6.615744786311723
47 95 504.33644187256186 -1.5067371599970727 5.518633485347522
47 96 499.3661669351996 -1.489855828339131 4.422484506636465
47 97 495.49147285928893 -1.4760088202660597 3.3276034612093213
47 98 492.71096001278096 -1.4653913215630325 2.2342215640196628
47 99 491.0230297312496 -1.4581421962044772 1.241072096314042
47 100 490.2288158201529

48 0 -506.05504724664735
48 1 -506.89877031881804 1.034131169253584 1.5769055166910846
48 2 -509.2088582800295 1.0383626580313319 2.886706009981424
48 3 -512.6721823387809 1.0446124628605844 4.039152996150733
48 4 -517.287164272331 1.0527602905700064 5.189849255282411
48 5 -523.0518808493457 1.0626393712408344 6.338409864053574
48 6 -529.9639840004381 1.0740307799398465 7.484356805040534
48 7 -538.0205944594268 1.086656384156072 8.627090483768939
48 8 -547.218164967976 1.1001705107331645 9.76585697274885
48 9 -557.5523084049245 1.1141505105414922 10.89971029284385
48 10 -569.0175855536637 1.1280865253811498 12.02746915853271
48 11 -581.6072467219899 1.1413709399299705 13.147667809928805
48 12 -595.3129211735213 1.1532882414679761 14.258500863086738
48 13 -610.1242484481634 1.1630063179596277 15.357762569297279
48 14 -626.0284463121159 1.1695705999958363 16.44278152575987
48 15 -643.0098114996831 1.1719028801389868 17.510352765448147
48 16 -661.0491518430122 1.1688070893609392 18.556670304918555
48 17 -680.1231521095202 1.158984708906189 19.577264653587918
48 18 -700.203681150188 1.1410627413511634 20.566951450819886
48 19 -721.25705501116 1.1136371051554192 21.51979919074097
48 20 -743.2432795316699 1.0753337585412623 22.429125708759045
48 21 -766.1153064286781 1.024888586498946 23.287534396076637
48 22 -789.8183483238232 0.9612449138660395 24.087001492472268
48 23 -814.2893094136226 0.8836643669948216 24.819024677339257
48 24 -839.4563976785017 0.7918428569436742 25.474839898680045
48 25 -865.2389892109827 0.68601921369617 26.0457074610502
48 26 -891.5478126006021 0.5670604077437815 26.523259761270197
48 27 -918.2855087335231 0.4365056630780373 26.89989236093936
48 28 -945.3475973224809 0.2965534834675623 27.169168913901615
48 29 -972.6238465613263 0.14998160973436825 27.326201338759574
48 30 -1000 0.0 -31.83297727919171
48 31 -908.9578920029429 0.2560600569343592 -71.19865120849164
48 32 -857.6026975830167 0.34390215440987504 -51.2562722941251
48 33 -806.4453474146927 0.4212550818589875 -51.03532619236785
48 34 -755.532045198281 0.48600253071293764 -50.7717905595847
48 35 -704.9017662955233 0.5367023899487435 -50.473352188422666
48 36 -654.5853408214357 0.5725810040348733 -50.14841335494151
48 37 -604.6049395856403 0.593475650396897 -49.80570531705382
48 38 -554.973930187328 0.5997421487869588 -49.45394549057781
48 39 -505.6970486044847 0.5921449786371227 -49.10155480759818
48 40 -456.7708205721317 0.5717448986354157 -48.7564416396354
48 41 -408.1841653252139 0.5397952044442036 -48.42585058520919
48 42 -359.9191194017133 0.49765360044796125 -48.116268893649135
48 43 -311.9516275379156 0.4467129832269734 -47.8333802172005
48 44 -264.2523589673123 0.3883516211200515 -47.58205429264686
48 45 -216.7875189526219 0.3239013400194466 -47.366361470873755
48 46 -169.5196360255648 0.254631275529448 -47.189602187793454
48 47 -122.40831457703499 0.18174432570695842 -47.05434306170028
48 48 -75.41094990216425 0.10638342314720717 -46.96245300194492
48 49 -28.48340857314514 0.029644952743790753 -46.91513433687808
48 50 18.41931877159191 -0.04740307345514516 -46.91294543013937
48 51 65.34248228713359 -0.12370021267338416 -46.95581254111936
48 52 112.33094385383062 -0.19817211715403715 -47.04302983390121
48 53 159.428541954936 -0.26971030120955675 -47.173247514385615
48 54 206.67743888260185 -0.3371551486185922 -47.34444915663309
48 55 254.1174402682022 -0.3992843641782855 -47.55392044655375
48 56 301.78527977570934 -0.4548093533295514 -47.79821289128856
48 57 349.7138660507793 -0.5023822938995579 -48.07310755461998
48 58 397.9314948849493 -0.540616828494592 -48.373585571233946
48 59 446.4610371932472 -0.5681251941666687 -48.69381397733869
48 60 495.3191228396267 -0.5835740159645866 -49.027157075881405
48 61 544.51535134501 -0.5857597021677634 -49.36622479942477
48 62 594.0515724384762 -0.5737022015157436 -49.702969863188514
48 63 643.921291071387 -0.5467527424074206 -50.02884431376782
48 64 694.1092610660119 -0.5047072289033281 -50.33502274308273
48 65 744.5913365575525 -0.4479127320755083 -50.61269346583822
48 66 795.3346479976883 -0.37735093077611737 -50.85341027840673
48 67 846.298157114366 -0.29468073300506603 -51.04948667409866
48 68 897.4336213458856 -0.20222403620948626 -51.19440318094803
48 69 948.686963476262 -0.10288458923224653 -51.28318932705719
48 70 1000 0.0 7.593234769105777
48 71 933.5004939380505 -0.30717505301538495 46.717265404032844
48 72 906.5654691919343 -0.444705583779637 26.770792071932476
48 73 879.9589097941855 -0.5719700203316052 26.390756428811358
48 74 853.7839563343116 -0.6869680719445341 25.91124877616653
48 75 828.1364122418524 -0.7883703827374688 25.340069002511427
48 76 803.1038183292887 -0.8755114267634667 24.685741912571302
48 77 778.7649284167098 -0.9483303586722514 23.95713288184288
48 78 755.189552565603 -1.0072766641119415 23.16310805575722
48 79 732.4387123051954 -1.053197913159977 22.31225579881493
48 80 710.5650409679731 -1.0872245326059442 21.41267601895902
48 81 689.6133602672774 -1.1106626484212256 20.471835954995186
48 82 669.6213690579827 -1.1249018840190956 19.496485536076307
48 83 650.6203891951247 -1.1313413180620842 18.49262239436291
48 84 632.6361242692569 -1.1313339928591404 17.465495574542956
48 85 615.6893980460388 -1.1261484981369563 16.419637353171765
48 86 599.7968495629134 -1.1169451243021626 15.358913801881954
48 87 584.9715704422749 -1.1047636894099924 14.286586353139114
48 88 571.2236768566352 -1.090520187943298 13.20537833654862
48 89 558.5608137691777 -1.0750097078894782 12.117542048358587
48 90 546.988592759918 -1.05891347945186 11.024923292093717
48 91 536.5109671849902 -1.04280836171489 9.929021446407546
48 92 527.1305498671029 -1.0271774871900448 8.831043981716789
48 93 518.8488792215567 -1.0124211402059018 7.731954987678307
48 94 511.6666398917463 -0.9988672338454876 6.632517726761876
48 95 505.5838437680329 -0.986780972980398 5.53333153439695
48 96 500.5999768229524 -0.9763734552065841 4.434863579713664
48 97 496.7141166086056 -0.967809076837284 3.33747611383896
48 98 493.92502459527446 -0.9612116875020149 2.241449890313163
48 99 492.23121682797927 -0.9566694834235534 1.2455037485806884
48 100 491.4340170981131

49 0 -506.8208445493145
49 1 -507.66619773535376 0.4998299104414059 1.5791623529151195
49 2 -509.9791692551447 0.5013931953783128 2.8902756459880834
49 3 -513.4467490273299 0.5036975990186079 4.044051733134836
49 4 -518.0672727214144 0.5066927571715496 5.1959743047816005
49 5 -523.8386976368931 0.5103085739179392 6.345623026916769
49 6 -530.7585187752479 0.5144526860919427 7.492479881085615
49 7 -538.8236573990644 0.5190073151520096 8.635899734959139
49 8 -548.0303182451662 0.5238255493387669 9.775076745697731
49 9 -558.3738108904598 0.5287271374282341 10.909005984809369
49 10 -569.8483302147849 0.5334939326582457 12.03643982335376
49 11 -582.4466905371673 0.5378652059952174 13.155838853298462
49 12 -596.1600079213819 0.5415331558409662 14.265317475095117
49 13 -610.9773254873576 0.544139078901253 15.362584787084018
49 14 -626.8851774955499 0.5452708331529266 16.444882103349073
49 15 -643.8670896940557 0.5444624113361556 17.508919331568563
49 16 -661.903016158687 0.5411966352050399 18.550813574216534
49 17 -680.9687168424888 0.5349121461787263 19.566034658479964
49 18 -701.035085475647 0.5250159588813403 20.549363787305992
49 19 -722.0674444171008 0.5109027929764238 21.494873000462064
49 20 -744.0248314765711 0.49198212204714764 22.39593441311007
49 21 -766.8593132433209 0.46771328739447426 23.245268928744963
49 22 -790.515369334061 0.43764804918225764 24.035043876287318
49 23 -814.9294009958955 0.4014785726379273 24.757027319910662
49 24 -840.0294239738823 0.359087162154367 25.402803203660653
49 25 -865.7350074032169 0.31059230059292986 25.964045791508056
49 26 -891.9575155568984 0.25638413493936696 26.43284421591585
49 27 -918.6006958350486 0.19714201336529413 26.80205910758417
49 28 -945.5616337720668 0.13382756358794268 27.06568466710678
49 29 -972.7320651692621 0.06764942911451044 27.219183113966608
49 30 -1000 0.0 -31.791173276119878
49 31 -909.1497186170224 0.1304031777443697 -71.07177210622365
49 32 -857.8564557875527 0.167367004895425 -51.19813757282924
49 33 -806.7534434713639 0.19941583304603228 -50.985517458947015
49 34 -755.8854208696587 0.2257178353575 -50.73153506178858
49 35 -705.2903733477867 0.24573798015592274 -50.44340544759899
49 36 -654.9986099744607 0.2592283908766717 -50.1290824888473
49 37 -605.0322083700921 0.2661979027718644 -49.79690211422388
49 38 -555.4048057460129 0.26686838827106385 -49.45525748302367
49 39 -506.1216934040448 0.2616252990993928 -49.11232320536283
49 40 -457.18015933528727 0.25096863293921956 -48.775837090283034
49 41 -408.5700192234787 0.23546876520018145 -48.45294045343738
49 42 -360.2742784284125 0.2157297763203303 -48.15007245283883
49 43 -312.26987431780105 0.19236135962796652 -47.872910397989614
49 44 -264.5284576324333 0.16595925109717768 -47.62634627555168
49 45 -217.0171817666977 0.13709339082438987 -47.41448944530552
49 46 -169.69947874182225 0.10630264344213458 -47.240686131330925
49 47 -122.53580950403584 0.07409477768381123 -47.107547561659764
49 48 -75.48438361850272 0.04095043967174661 -47.01698008486671
49 49 -28.501849334302417 0.007329970273730169 -46.970212107127665
49 50 18.456040595752615 -0.0263179463176737 -46.967814134011626
49 51 65.43377893372083 -0.05954669908678767 -47.00970952708079
49 52 112.47545964991419 -0.09190205700507903 -47.09517480807744
49 53 159.6241285498757 -0.12291317801390278 -47.222829507821324
49 54 206.92111866555683 -0.15208517776717656 -47.39061672351093
49 55 254.40536199689757 -0.17889421143526363 -47.59577677778702
49 56 302.1126722211309 -0.20278614667685702 -47.83481771117522
49 57 350.074997419248 -0.22318002444626472 -48.10348779901835
49 58 398.3196478191676 -0.23947756393886266 -48.39675682427327
49 59 446.86851106779454 -0.251079897331806 -48.70881434272769
49 60 495.73727650462297 -0.25741243213309417 -49.033094435221585
49 61 544.9346999382377 -0.25795814268468575 -49.362337132194966
49 62 594.4619507690129 -0.25229861540350385 -49.688696400299875
49 63 644.3120927388375 -0.24016079863332607 -50.0039028268518
49 64 694.4697564227165 -0.22146572569499767 -50.299485498216995
49 65 744.9110637352715 -0.19637372774855066 -50.56705181577695
49 66 795.6038600542704 -0.16531924108721796 -50.79861629818208
49 67 846.5082963316356 -0.12902778184684394 -50.9869605352892
49 68 897.5777811248488 -0.0885085504674521 -51.12599780905259
49 69 948.7602919497408 -0.04501875923097032 -51.2111094375756
49 70 1000 0.0 7.51495419821299
49 71 933.7303835533148 -0.15536569403428757 46.55291415189038
49 72 906.8941716962192 -0.21635405922125983 26.675702069598515
49 73 880.3789794141178 -0.2725010064631306 26.303804943830414
49 74 854.2865618085584 -0.32301712391893034 25.833585183250705
49 75 828.7118090476164 -0.36740857855085096 25.272373710025306
49 76 803.7418143885078 -0.40546692727014033 24.628250750070208
49 77 779.455307547476 -0.4372380017450723 23.90969145783623
49 78 755.9224314728353 -0.4629774092276193 23.125244383151312
49 79 733.2048187811733 -0.4831000661589542 22.28326010579775
49 80 711.3559112612398 -0.49812993851173815 21.3916787667888
49 81 690.4214612475957 -0.5086543927178582 20.457877820399915
49 82 670.44015562044 -0.5152857481187993 19.488575815742934
49 83 651.4443096161099 -0.5186310746053095 18.489784542978214
49 84 633.4605865344836 -0.5192701355075542 17.466800226092914
49 85 616.510709163924 -0.5177406477582736 16.42422419979846
49 86 600.6121381348867 -0.5145296574627309 15.366004214908344
49 87 585.7787007341074 -0.510069718371085 14.295488763027265
49 88 572.0211606088321 -0.504738622122602 13.215488275935797
49 89 559.3477241822358 -0.49886158623212395 12.128338515250618
49 90 547.7644835783309 -0.49271500240541855 11.035962789562745
49 91 537.2757986031103 -0.4865310470128179 9.93993075358236
49 92 527.8846220711662 -0.4805026361632372 8.841512438756581
49 93 519.5927737255971 -0.4747883598962517 7.741726848790279
49 94 512.4011683735856 -0.4695171510094269 6.6413849535372265
49 95 506.31000381852266 -0.4647925357488134 5.541127263986425
49 96 501.31891384561277 -0.46069637989745615 4.441456402779579
49 97 497.4270910129635 -0.4572920893146204 3.3427652289138905
49 98 494.633383387785 -0.4546272531990496 2.2453611574333934
49 99 492.9363686980967 -0.45273573526304745 1.2479283274502393
49 100 492.1375267328845

50 0 -507.05276894960224
50 1 -507.89843013970085 -0.03561319491760173 1.579437860591952
50 2 -510.21164467078614 -0.03668441702214409 2.890573698558626
50 3 -513.6795775368181 -0.03827327871488251 4.04445255794397
50 4 -518.3005497866741 -0.040358301930837115 5.196460230181742
50 5 -524.0724979971816 -0.04291036113079372 6.346169792973967
50 6 -530.992889372622 -0.04589209459822996 7.493055546274604
50 7 -539.0586090897308 -0.04925719044251764 8.636463347015763
50 8 -548.2658160666535 -0.05294956987296473 9.775576795025074
50 9 -558.6097626797809 -0.05690250224245119 10.909378676163328
50 10 -570.0845734189802 -0.06103770256737562 12.036607227099694
50 11 -582.6829771339803 -0.06526448339099034 13.155707033111526
50 12 -596.3959874852032 -0.06947905931195919 14.264774735992773
50 13 -611.2125266059659 -0.07356413399782014 15.36150024660924
50 14 -627.1189879784217 -0.07738893474640918 16.443104858194772
50 15 -644.0987363223554 -0.08080989576575348 17.50627856750026
50 16 -662.1315451134222 -0.08367222319805023 18.547120039761126
50 17 -681.1929764018777 -0.08581259458861723 19.561083977264218
50 18 -701.2537130679507 -0.08706324185533276 20.542942097617583
50 19 -722.2788605971128 -0.0872576258137201 21.486765353906776
50 20 -744.2272437757642 -0.08623781640210382 22.385936203177096
50 21 -767.050733003467 -0.08386353193156992 23.233200323211747
50 22 -790.6936444221877 -0.0800225557925387 24.02076677771572
50 23 -815.0922665588985 -0.07464194687020154 24.740463790311367
50 24 -840.1745720028105 -0.06769911924214966 25.383953626635048
50 25 -865.8601738121686 -0.05923154424698396 25.9430044338352
50 26 -892.0605808704809 -0.049343607725973015 26.40980947404256
50 27 -918.6797927602537 -0.03820913626219635 26.777335789587937
50 28 -945.6152524496567 -0.026068375802992705 27.03967632965083
50 29 -972.7591454195554 -0.013218800793481478 27.19237377517163
50 30 -1000 0.0 -31.77022353056185
50 31 -909.2186983584317 0.008506600744283332 -71.03128420359621
50 32 -857.9374315928076 -0.0043006778001881685 -51.187259638823434
50 33 -806.8441790807848 -0.016727114856962544 -50.97697536190577
50 34 -755.983480868996 -0.028337241582221395 -50.72546841247481
50 35 -705.3932422558352 -0.03874939006391287 -50.439841632903494
50 36 -655.103797603189 -0.04765527716796214 -50.12795343232557
50 37 -605.137335391184 -0.054830928869591844 -49.79806531965943
50 38 -555.5076669638702 -0.060139075838947065 -49.45851809425028
50 39 -506.22029920268346 -0.06352438468059063 -49.11745456293002
50 40 -457.27275783801014 -0.06500357713315452 -48.78259817353461
50 41 -408.65510285561425 -0.06465264921476432 -48.46108944182808
50 42 -360.350578954354 -0.0625931699478599 -48.15937629922135
50 43 -312.33635025717155 -0.058979188677596994 -47.88315074242365
50 44 -264.5842774695067 -0.05398576450375003 -47.637322261450436
50 45 -217.06170573427067 -0.047799656855204375 -47.4260180785288
50 46 -169.73224131244908 -0.04061233820515042 -47.25260080093403
50 47 -122.55650413240261 -0.03261522383171922 -47.11969526547067
50 48 -75.49285078150774 -0.02399684946376368 -47.029217809355
50 49 -28.4980685136926 -0.01494164334155279 -46.9824027228675
50 50 18.47195466422726 -0.005629909419761603 -46.979822099499884
50 51 65.46157568530717 0.003761359627127092 -47.02139665180676
50 52 112.51474796784078 0.013057204996862026 -47.10639631282832
50 53 159.6743683109638 0.022083307407186226 -47.23343063514771
50 54 206.9816092381362 0.030664809798693682 -47.40043019005445
50 55 254.47522869107272 0.03862568355675933 -47.60462141546343
50 56 302.19085206906306 0.04578895990132992 -47.84249870429956
50 57 350.16022609967183 0.05197813842781329 -48.109798971881986
50 58 398.410450012827 0.05702005863449244 -48.40148544411949
50 59 446.9631969879108 0.06074946267378323 -48.711748845532924
50 60 495.8339477038929 0.06301537190728368 -49.034035321234285
50 61 545.0312676303794 0.06368923112006541 -49.36111098269518
50 62 594.5561696692832 0.06267453436873893 -49.685172519137154
50 63 644.4016126686537 0.05991734142196492 -49.998011424059314
50 64 694.5521925174019 0.05541675173964222 -50.291235672197956
50 65 744.9840840130496 0.04923408006214913 -50.55654698123044
50 66 795.6652864798627 0.0414992574994244 -50.78606433250502
50 67 846.5562126780596 0.03241296324819132 -50.972675983478894
50 68 897.6106384468205 0.022243261657536095 -51.110394158332156
50 69 948.777000994724 0.011316113789632709 -51.194680776589735
50 70 1000 0.0 7.48288783430246
50 71 933.811225326119 -0.007256410542993308 46.500911344811584
50 72 906.9981773103768 0.007252562492681136 26.653656759503633
50 73 880.5039118071118 0.021455746727042424 26.284093364113687
50 74 854.4299905821495 0.03494837296307196 25.81634120407881
50 75 828.8712293989541 0.04737854895898863 25.257619199160217
50 76 803.914752183829 0.058466549366301024 24.61591248937708
50 77 779.6394044202 0.06801542730528354 23.899622399885402
50 78 756.1155073840582 0.07591306846677526 23.11724599134334
50 79 733.4049124375133 0.08212704136451521 22.277103269530812
50 80 711.5613008449966 0.08669428488434505 21.387121692400115
50 81 690.6306690527131 0.08970783408000216 20.454680145388124
50 82 670.6519405542203 0.09130255342080318 19.486508854188855
50 83 651.6576513443354 0.09164139724254028 18.488638006974156
50 84 633.674664540272 0.09090320352373737 17.466386001389992
50 85 616.7248793415554 0.08927255550332802 16.42437783121659
50 86 600.8259088778389 0.08693187192545793 15.366584731269143
50 87 585.9917098790171 0.08405562691251589 14.296377388479243
50 88 572.2331541008804 0.08080644535732517 13.21658646868758
50 89 559.5585369416419 0.07733274778814803 12.12956566807577
50 90 547.9740227647288 0.07376760540245186 11.037253831313024
50 91 537.4840292790159 0.07022848926050074 9.941233812649727
50 92 528.0915551394294 0.06681764011148061 8.842786668833355
50 93 519.7984559413492 0.0636228347059955 7.742940472832117
50 94 512.6056741937651 0.06071837296860849 6.642513550909314
50 95 506.51342883953055 0.058166153733282044 5.542152305508921
50 96 501.5213695827473 0.05601674299163051 4.442364026147857
50 97 497.62870078723483 0.05431036742317019 3.3435452405373667
50 98 494.83427910167256 0.05307778790796647 2.246006244364736
50 99 493.13668829850536 0.05234102374211602 1.2483754123349797
50 100 492.3375282770026

51 0 -506.75031871592955
51 1 -507.59497134551856 -0.5709094455655475 1.5777408525854355
51 2 -509.9058004211004 -0.5746249498960196 2.8876155621908026
51 3 -513.3702024699002 -0.5801221558521092 4.040377848226143
51 4 -517.9865561175527 -0.5873082359460682 5.191337222365689
51 5 -523.7528769146315 -0.5960554888135334 6.340089234249376
51 6 -530.6667345860515 -0.6061976130391145 7.486133051773891
51 7 -538.7251430181793 -0.6175251095357339 8.628842259684404
51 8 -547.9244191054203 -0.629779896984985 9.767431433897798
51 9 -558.2600058859749 -0.6426492863182602 10.900917852114958
51 10 -569.7262548096502 -0.6557595492183736 12.02807784220522
51 11 -582.3161615703854 -0.6686694381415919 13.147397496553879
51 12 -596.021049802758 -0.680864176420414 14.257017824488287
51 13 -610.8301972193619 -0.6917506388730317 15.354674911649568
51 14 -626.7303996260571 -0.7006546828718001 16.43763634158114
51 15 -643.7054699025242 -0.706821854573036 17.502636043116922
51 16 -661.7356717122909 -0.7094229584184291 18.54581087539367
51 17 -680.7970916533116 -0.7075661938517328 19.56264363982268
51 18 -700.8609589919363 -0.7003176607925639 20.54791875608089
51 19 -721.8929291654733 -0.6867319179359015 21.495698425915293
51 20 -743.8523558437669 -0.665893827574223 22.39932850699222
51 21 -766.6915861794578 -0.6369720155695404 23.251484189354528
51 22 -790.3553242224759 -0.5992828234281546 24.044265461348687
51 23 -814.7801171021551 -0.5523616220734198 24.76935075646105
51 24 -839.894025735398 -0.4960359345788561 25.41821360628387
51 25 -865.6165443147229 -0.43049233115283414 25.982401303024233
51 26 -891.8588283414465 -0.356327104247498 26.453866623900637
51 27 -918.5242775625242 -0.274570070448533 26.82533433950715
51 28 -945.5094970204608 -0.18667223268897715 27.090675002575495
51 29 -972.7056275676752 -0.09445190336492715 27.2452514897696
51 30 -1000 0.0 -31.769447874582113
51 31 -909.1667318185109 -0.11329173983784813 -71.07607278402384
51 32 -857.8478544319523 -0.17631532332745792 -51.223371288430485
51 33 -806.71998924165 -0.2336365923402468 -51.00955402272905
51 34 -755.8287463864942 -0.28352647554305577 -50.75355733699553
51 35 -705.2128745676589 -0.3246673806105491 -50.46272348318473
51 36 -654.9032994201248 -0.3561841865148381 -50.14516402765298
51 37 -604.9225465123529 -0.37763551927997696 -49.80938591289487
51 38 -555.284527594335 -0.3889735134845296 -49.46395093883467
51 39 -505.9946446346836 -0.39048277945613563 -49.117187706657035
51 40 -457.05015218102096 -0.3827094140236511 -48.77696535481721
51 41 -408.4407139250492 -0.36638930901369804 -48.450530046252084
51 42 -360.1490920885168 -0.3423825636836568 -48.14439899230166
51 43 -312.15191594044586 -0.3116182079058376 -47.864302992545504
51 44 -264.4204861034258 -0.275051162937217 -47.61516674372929
51 45 -216.92158245298728 -0.23363163111881136 -47.40111601900692
51 46 -169.61825406541195 -0.18828595198773712 -47.22550169830744
51 47 -122.4705790563724 -0.13990731319931626 -47.09093207291838
51 48 -75.43638991957519 -0.08935443321703929 -46.99930650437655
51 49 -28.47196604761931 -0.03745630515993348 -46.95184516708366
51 50 18.46730041459214 0.014978808854047898 -46.94911113104294
51 51 65.42625621446658 0.06715180542052934 -46.991022412664165
51 52 112.44934523992046 0.11826014723568079 -47.07685286029738
51 53 159.57996193506133 0.1674857520573596 -47.20522190301949
51 54 206.85978904595945 0.21398488250437708 -47.37407434736136
51 55 254.32811062978405 0.2568816397860587 -47.58065262768439
51 56 302.0210943013282 0.29526678718039534 -47.821465256304165
51 57 349.9710411423924 0.3282037399248452 -48.09225670028519
51 58 398.2056077018986 0.35474358050112187 -48.3879855000273
51 59 446.747012142447 0.37395078913340285 -48.7028190294549
51 60 495.6112457608084 0.3849408953037994 -49.0301546667753
51 61 544.8073214759976 0.3869303307267842 -49.36267796973351
51 62 594.3366017002754 0.37929730185044264 -49.692468289997976
51 63 644.1922580559935 0.3616504885861218 -50.011160609480896
51 64 694.3589229192372 0.3338999540957275 -50.31016875957681
51 65 744.8125955751472 0.29632216975852543 -50.58096931001717
51 66 795.5208615392716 0.24960910877217657 -50.81543741499604
51 67 846.4434704051392 0.19489070580226553 -51.00621653113109
51 68 897.5332946015337 0.13372137172035536 -51.14709465851115
51 69 948.7376597221615 0.06802512316778575 -51.23335269923314
51 70 1000 0.0 7.496381673880364
51 71 933.7448963744008 0.1407413961395605 46.56016671438306
51 72 906.8796665712339 0.23118145362963105 26.70441422686855
51 73 880.3360679206637 0.3161432236302062 26.331500754300805
51 74 854.2166650626323 0.39400163210234496 25.85950798548265
51 75 828.6170519496984 0.46354003089589924 25.295891886428535
51 76 803.6248812897752 0.5239800624038935 24.648887628416503
51 77 779.3192766928654 0.5749716484109513 23.927137976936706
51 78 755.7706053359018 0.6165512556518706 23.139355997210544
51 79 733.0405646984443 0.6490791045918058 22.29404132221532
51 80 711.1825226914711 0.6731661026257143 21.399259559504287
51 81 690.2420455794357 0.6895996965837412 20.462486088936373
51 82 670.2575505135984 0.6992753898406363 19.49050937890547
51 83 651.2610268216248 0.7031380702371735 18.489385193081148
51 84 633.2787801274361 0.702135018583931 17.464431384353702
51 85 616.3321640529174 0.6971807408280029 16.42025286820018
51 86 600.4382743910357 0.6891326298824083 15.360787286317532
51 87 585.6105894802823 0.6787758423207038 14.289363336459132
51 88 571.8595477181175 0.6668155478755011 13.20876539681143
51 89 559.1930586866595 0.6538747474012325 12.121299675295745
51 90 547.616948367526 0.6404960471278969 11.028858531035098
51 91 537.1353416245893 0.6271460401939066 9.932980788291388
51 92 527.7509867909432 0.6142212242107234 8.834906784202076
51 93 519.4655280561851 0.6020546421720496 7.735627581647407
51 94 512.2797316276484 0.5909226563164225 6.635928272564513
51 95 506.1936715110561 0.5810514447698267 5.536425634009447
51 96 501.2068803596295 0.5726229499079807 4.437600616469467
51 97 497.31847027811716 0.5657801099652318 3.3398262738302265
51 98 494.52722781196906 0.560631277506161 2.243391813752339
51 99 492.8316866506125 0.5572537761854903 1.246848724729972
51 100 492.0335303625091

52 0 -505.9142998201498
52 1 -506.75661124856975 -1.1047640787702164 1.5740474754221623
52 2 -509.0623947709941 -1.111176779479905 2.881360988272064
52 3 -512.5193332251139 -1.1206641281382304 4.031769271893921
52 4 -517.125933314782 -1.133064853593396 5.180526897220318
52 5 -522.8803870195545 -1.1481565294666325 6.327280415880921
52 6 -529.7804941465438 -1.1656486682056197 7.471585925552404
52 7 -537.8235588706593 -1.1851741580804855 8.612881063069892
52 8 -547.0062562726836 -1.2062791679662155 9.750452618242548
52 9 -557.3244641071444 -1.2284117497451348 10.88339902392994
52 10 -568.7730543205435 -1.25090952388706 12.010587075276362
52 11 -581.3456382576971 -1.2729870525567435 13.130602405909485
52 12 -595.0342591323624 -1.2937237978779876 14.241693535261334
52 13 -609.8290253282198 -1.3120539382557581 15.341709740157853
52 14 -625.7176786126781 -1.3267597717274384 16.428033642494768
52 15 -642.6850926132093 -1.3364709551335068 17.49751029195363
52 16 -660.7126991965854 -1.3396723689229475 18.54637570048243
52 17 -679.7778440141742 -1.3347238799602792 19.570189274890083
52 18 -699.8530777463656 -1.319895570347171 20.563776373533415
52 19 -720.905396761241 -1.2934219242774816 21.521189187125117
52 20 -742.8954561206158 -1.25357778027103 22.435696105543457
52 21 -765.776788972328 -1.1987772993695671 23.299811327357816
52 22 -789.4950787753314 -1.1276945414894612 24.105377171211842
52 23 -813.9875433147516 -1.039400390222056 24.843710679160665
52 24 -839.1825001336528 -0.9335057105816418 25.505822917555633
52 25 -864.9991891498629 -0.8102953900470311 26.082713264166557
52 26 -891.3479266619859 -0.6708334580913515 26.565731734746862
52 27 -918.1306526193566 -0.5170174221175898 26.946990661146458
52 28 -945.2419079842788 -0.3515620285978116 27.219794496734437
52 29 -972.5702416128255 -0.17790003076225958 27.37904600786061
52 30 -1000 0.0 -31.78906336703477
52 31 -908.992114878756 -0.23864843753693776 -71.20759952692367
52 32 -857.5848009461527 -0.35391574602033415 -51.30760449132583
52 33 -806.3769058961043 -0.4578257145178668 -51.08418651412137
52 34 -755.4164279179099 -0.5472828411562887 -50.81649920074511
52 35 -704.7439074946141 -0.6200033232537976 -50.51249934387528
52 36 -654.3914292301594 -0.6745543541102847 -50.180921570995
52 37 -604.3820643526241 -0.7103175638046082 -49.83085464662912
52 38 -554.7297199369011 -0.7273954592295695 -49.47136535442644
52 39 -505.4393336437712 -0.7264833315459782 -49.11119046346914
52 40 -456.50733900996283 -0.7087279495862617 -48.75850470309217
52 41 -407.92232423758685 -0.6755901948232577 -48.420762591488085
52 42 -359.66581382698666 -0.6287234186042383 -48.10460519811349
52 43 -311.71311384135987 -0.569874085036588 -47.81581934167721
52 44 -264.03417514363224 -0.5008069946176192 -47.55933568466341
52 45 -216.59444247203305 -0.42325435096279307 -47.33925286757932
52 46 -169.3556694084736 -0.33888608069518966 -47.15887648301454
52 47 -122.27668950600398 -0.249297911867572 -47.02076374669997
52 48 -75.31414191507366 -0.1560134713136847 -46.92676680131562
52 49 -28.423155903372734 -0.06049680681563174 -46.87806948079641
52 50 18.441997046519162 0.03582794106202236 -46.87521398891942
52 51 65.32727207446611 0.13155265708493857 -46.918115313425126
52 52 112.27822767336941 0.22525984911956698 -47.00606236619149
52 53 159.3393968068491 0.3154983079242868 -47.137705899879016
52 54 206.55363947312745 0.4007624661015541 -47.31103430232575
52 55 253.9614654115006 0.47947829604476055 -47.52333951078741
52 56 301.60031849470226 0.5499988876754855 -47.77117660416077
52 57 349.50381861982214 0.6106131547169582 -48.05032217856126
52 58 397.7009628518248 0.6595712919899768 -48.35573839491093
52 59 446.215295409644 0.6951304490284826 -48.681551530730246
52 60 495.0640659132853 0.7156233497966582 -49.0210557796409
52 61 544.2574069689258 0.7195510026313627 -49.36675457614854
52 62 593.7975750655824 0.7056979726612553 -49.71045236127782
52 63 643.6783116914814 0.6732648340918104 -50.04340877181403
52 64 693.8843926092104 0.6220075679094066 -50.35656399102555
52 65 744.3914396735325 0.5523684446458788 -50.64083782655399
52 66 795.1660682623184 0.4655784871544597 -50.88749579646128
52 67 846.1664312664551 0.36370956208065763 -51.088563720530715
52 68 897.3431957033798 0.24965622964646172 -51.237259740966635
52 69 948.6409507483884 0.12703486184329904 -51.32840214831009
52 70 1000 0.0 7.555604107274235
52 71 933.5297425338399 0.29221060713410907 46.732092798441215
52 72 906.5358144031176 0.4605236898480598 26.82905858699428
52 73 879.8716253598514 0.617853973502065 26.4469135425864
52 74 853.6419873179448 0.7612840984878062 25.963738011344503
52 75 827.9441493371623 0.8887033365590469 25.387597629461766
52 76 802.8667920590212 0.9988449731350784 24.727344106892133
52 77 778.4894611233781 1.0912475382818343 23.99219359313338
52 78 754.8824048727545 1.1661586515920135 23.191353447524193
52 79 732.1067542283297 1.2244038525723226 22.333718116504656
52 80 710.2149686397452 1.2672416322384379 21.42764228439205
52 81 689.2514696595456 1.296221712899012 20.480789432603046
52 82 669.2533897745391 1.3130582435811675 19.500047227842288
52 83 650.251375203861 1.319524359282525 18.49149763571745
52 84 632.2703945031042 1.3173702871773116 17.46042867198082
52 85 615.3305178598994 1.3082641621634252 16.411375442515066
52 86 599.447643618074 1.293752887573703 15.348179832761843
52 87 584.6341581943757 1.2752395180434064 14.274060306472336
52 88 570.8995230051294 1.2539734707103207 13.19168537376811
52 89 558.2507874468395 1.231050128742595 12.103246167328166
52 90 546.693030670473 1.2074168820844875 11.010525124105698
52 91 536.2297371986281 1.1838832095496628 9.914958989732554
52 92 526.8631126910079 1.1611329530805392 8.817695270811498
52 93 518.5943466570051 1.1397374196324677 7.719641904937816
52 94 511.4238288811323 1.1201683479176268 6.621510353507091
52 95 505.3513259499909 1.1028100932601035 5.523852599100479
52 96 500.37612368293134 1.0879706211574387 4.427092691343262
52 97 496.49714056730437 1.0758910704052198 3.331553568135547
52 98 493.71301654666024 1.0667537626386547 2.2374799105849945
52 99 492.0221807461344 1.0606886089857426 1.2433258919752745
52 100 491.2263647627097

53 0 -504.54684271856235
53 1 -505.3854431879781 -1.6358539669328707 1.5683020717891338
53 2 -507.6834468621406 -1.6450579584032141 2.8717155128227887
53 3 -511.1288742136237 -1.6586810354822887 4.018489774112652
53 4 -515.7204264103659 -1.6764988188182315 5.163844821037287
53 5 -521.4565638556983 -1.698201252521244 6.3075054196371525
53 6 -528.3354372496402 -1.7233824632344295 7.449115423160038
53 7 -536.3547947020184 -1.7515281113854826 8.588211759923809
53 8 -545.5118607694878 -1.7820003606603905 9.724193842233149
53 9 -555.8031823864847 -1.814020728507444 10.856287496194113
53 10 -567.2244357618761 -1.8466512904827823 11.983502539393612
53 11 -579.7701874652719 -1.8787750147808993 13.104583222562951
53 12 -593.433602207002 -1.9090764211119904 14.217950938789272
53 13 -608.2060893428504 -1.936024307750074 15.321638937800117
53 14 -624.0768800826022 -1.957858979986156 16.41321932470339
53 15 -641.0325279922572 -1.972587230376746 17.489723445921413
53 16 -659.056326974445 -1.9779892192049147 18.547557950566897
53 17 -678.127643893391 -1.9716422810649874 19.582420438398458
53 18 -698.221167851242 -1.9509673617833982 20.589220711763687
53 19 -719.3060853169184 -1.9133039925523008 21.562016215991434
53 20 -741.3452002832248 -1.8560190530889713 22.493973131900134
53 21 -764.2940315807186 -1.7766525977129959 23.377367428136097
53 22 -788.099935139497 -1.673100246666877 24.203642370496198
53 23 -812.701316321711 -1.5438257611925224 24.96353958736887
53 24 -838.0270143142347 -1.38808950886704 25.647318606458896
53 25 -863.9959535346288 -1.206169386833949 26.245073555514523
53 26 -890.5171614252638 -0.9995421989665374 26.74714459183008
53 27 -917.490242718289 -0.7709882999621414 27.14460576900069
53 28 -944.8063729632652 -0.5245838987269167 27.429792393930825
53 29 -972.3498275061506 -0.26555650485880733 27.596813518367412
53 30 -1000 0.0 -31.83019628135679
53 31 -908.689434943437 -0.37143946828575736 -71.42998853004417
53 32 -857.1400229399117 -0.5426704969835896 -51.442548565411414
53 33 -805.8043378126142 -0.6962092786978928 -51.202921117865
53 34 -754.7341807041817 -0.8274706559931246 -50.91573494573146
53 35 -703.9728679211513 -0.9331663782324426 -50.58999499613873
53 36 -653.5541907119042 -1.0113431053571844 -50.23547826820379
53 37 -603.5019113847437 -1.0612991953384494 -49.86222701801415
53 38 -553.8297366758759 -1.0834154172645754 -49.48011670657604
53 39 -504.54167797159164 -1.0789385563260794 -49.09852019701373
53 40 -455.63269628184844 -1.0497527121474377 -48.72607221809449
53 41 -407.08953353540267 -0.998164551396286 -48.37052551527006
53 42 -358.8916452513083 -0.9267191073092533 -48.03868288251499
53 43 -311.0121677703727 -0.8380540948211319 -47.736386568558885
53 44 -263.41887211419055 -0.7347941688771584 -47.468547009655495
53 45 -216.0750737510617 -0.619482279936193 -47.23919510508449
53 46 -168.94048190402157 -0.4945429635093319 -47.05154525921222
53 47 -121.97198323263726 -0.36227152840470467 -46.90805946353687
53 48 -75.12436297694782 -0.22484315908295116 -46.810505399324605
53 49 -28.350972433988048 -0.08433648289079265 -46.76000375470796
53 50 18.395644532468094 0.05723315237690052 -46.75706166714237
53 51 65.1631509002967 0.19787481015322328 -46.801590504606615
53 52 111.99882554168133 0.33558118389311176 -46.89290720945803
53 53 158.94896531921276 0.46828940234156846 -47.029719286037505
53 54 206.05826411375634 0.5938470269675094 -47.210094359240884
53 55 253.36915403769453 0.7099872183240308 -47.431416206110455
53 56 300.92109652597725 0.8143176183981495 -47.69033039763197
53 57 348.74981483295846 0.9043281421081701 -47.9826842959707
53 58 396.88646511791865 0.9774233929391016 -48.303468205715774
53 59 445.35675124439 1.0309855200478353 -48.64676697164822
53 60 494.1799990612151 1.0624726195077585 -49.00573411317242
53 61 543.3682194707349 1.0695557734971999 -49.372603346868914
53 62 592.9252057549529 1.0502940383212263 -49.73875445853753
53 63 642.8457283878099 1.0033408100608767 -50.094851014232745
53 64 693.1149077834184 0.9281670947650582 -50.43106514902274
53 65 743.7078586858554 0.8252780865204272 -50.737398390772114
53 66 794.5897045649626 0.6963909030256445 -51.00409629756126
53 67 845.7160512809779 0.5445361635695463 -51.222138788639086
53 68 897.0339821422408 0.37404769022157325 -51.38376935874851
53 69 948.4835899984749 0.19041571731406748 -51.4830089288796
53 70 1000 0.0 7.661557419171174
53 71 933.1604751601326 0.45095259936681487 47.02069040423112
53 72 905.9586191915378 0.7006983466173438 27.030057593236506
53 73 879.1003599736596 0.9332795716717328 26.63226116294055
53 74 852.6940968656567 1.1443648738072625 26.130357348539633
53 75 826.8396452765803 1.330912889402157 25.533452761075807
53 76 801.627191343505 1.4912076792198832 24.85143183013929
53 77 777.1367816163017 1.6247724754998671 24.09445165539364
53 78 753.4382880327178 1.7321968001514847 23.272512311501032
53 79 730.5917569932997 1.8149157801902902 22.395124302861745
53 80 708.6480394269943 1.8749763123145158 21.471077419830976
53 81 687.6496021536377 1.9148161783729165 20.508302700279103
53 82 667.6314340264361 1.9370725360623737 19.513812025288985
53 83 648.6219781030597 1.9444275786126468 18.493697236677292
53 84 630.6440395530815 1.9394926154285486 17.453171187234602
53 85 613.7156357285905 1.9247275623788482 16.39663546859657
53 86 597.8507686158883 1.9023905414674687 15.327762642197513
53 87 583.0601104441955 1.8745114727363443 14.24958391959575
53 88 569.3516007766968 1.842883686172172 13.164576007510618
53 89 556.7309584291743 1.8090682646384266 12.074743086669912
53 90 545.202114603357 1.774406742893234 10.981691611842166
53 91 534.76757520549 1.7400387336637664 9.88669685928744
53 92 525.4287208847821 1.7069219165612708 8.79076099428488
53 93 517.1860532169202 1.6758525569285894 7.694662976484494
53 94 510.03939493181315 1.6474853056524807 6.599000946192149
53 95 503.9880513245359 1.6223514755796202 5.504227907249259
53 96 499.03093911731463 1.6008753140202998 4.410681593614584
53 97 495.1666881373067 1.5833880159001694 3.3186094153114425
53 98 492.39372028669175 1.5701393698336688 2.228189352332862
53 99 490.710309432641 1.5613070186369669 1.2377592835007931
53 100 489.91820171969016

54 0 -502.6514403206815
54 1 -503.484903314704 -2.1628063202724093 1.5604192667530867
54 2 -505.7722788541877 -2.1749332887218884 2.858533919722646
54 3 -509.2019711541493 -2.1928960832962616 4.000328411478904
54 4 -513.7729356771455 -2.2164149970288918 5.141006680181363
54 5 -519.483984514512 -2.245102735502371 6.280396771464723
54 6 -526.3337292200749 -2.278451001650126 7.418259066688165
54 7 -534.3205026478884 -2.315813641522425 8.554263165643931
54 8 -543.4422555513628 -2.356386422999833 9.687960001120587
54 9 -553.6964226501295 -2.3991836698312454 10.818748094107548
54 10 -565.0797517395779 -2.443012217241403 11.945832789002907
54 11 -577.5880882281353 -2.4864435227032686 13.068177275280277
54 12 -591.2161062901384 -2.5277852900401854 14.184444242292159
54 13 -605.9569767127197 -2.565054680869139 15.292927181283687
54 14 -621.8019606527058 -2.5959561217945293 16.391470719868096
54 15 -638.7399181524559 -2.6178678766922303 17.477380052734873
54 16 -656.7567207581756 -2.627842909410674 18.547320649794187
54 17 -675.8345594520442 -2.6226310128723753 19.5972111323116
54 18 -695.9511430227988 -2.598730517683748 20.6221146620461
54 19 -717.0787887761364 -2.552478756757921 21.616137495819544
54 20 -739.1834180144378 -2.4801903026339005 22.57234750038276
54 21 -762.223483776902 -2.3783500671440834 23.48273013377991
54 22 -786.1488782819977 -2.243863789161253 24.338204007732315
54 23 -810.8998917923666 -2.074360439789359 25.128721416960502
54 24 -836.4063211159187 -1.868529309165524 25.843479291914207
54 25 -862.586850376195 -1.6264597062242956 26.47126057406706
54 26 -889.3488422640528 -1.3499356976749937 27.00091282161867
54 27 -916.5886760194323 -1.042626631799351 27.42194896138608
54 28 -944.192740186825 -0.7101125286567367 27.72522629183777
54 29 -972.0391286031079 -0.35969782665722505 27.903629906587526
54 30 -1000 0.0 -31.89494633046172
54 31 -908.2492359421844 -0.5160120613349477 -71.75027002390726
54 32 -856.4994599521855 -0.7488214092198859 -51.63237430173797
54 33 -804.9844873387085 -0.9564972009089843 -51.368986673130905
54 34 -753.7614866059237 -1.1327866493294323 -51.05345630027966
54 35 -702.8775747381492 -1.2733604633253321 -50.69637179323934
54 36 -652.368743019445 -1.3758287024846254 -50.309054388101
54 37 -602.2594659619472 -1.43957583910327 -49.90292695853651
54 38 -552.562889102372 -1.4654768834862466 -49.48900471541407
54 39 -503.28145653111903 -1.4555580052917776 -49.077527758352005
54 40 -454.40783358566796 -1.4126542942813671 -48.67773069816238
54 41 -405.9259951347943 -1.3401011431751613 -48.2977289866499
54 42 -357.81237561236816 -1.241479606754865 -47.944494741538335
54 43 -310.0370056517176 -1.1204230263803083 -47.62389440324512
54 44 -262.5645868058779 -0.980483213307366 -47.34076386977847
54 45 -215.35547791216067 -0.8250492825272886 -47.09900166221149
54 46 -168.36658348145494 -0.6573099589230651 -46.90166573148305
54 47 -121.55214644919457 -0.48024986005573567 -46.75106394227359
54 48 -74.86445559690776 -0.29667104436073544 -46.64883175580171
54 49 -28.25448293759115 -0.10923236368870981 -46.59599316933656
54 50 18.32753074176536 0.07949955183966573 -46.593002695875406
54 51 64.93152245415966 0.2669927809780006 -46.63976728190892
54 52 111.60706530558319 0.45069047164749065 -46.73564777400315
54 53 158.40281800216596 0.6279532041689748 -46.87944005680462
54 54 205.36594541919243 0.7960076651234402 -47.06933648634329
54 55 252.54149097485254 0.9519065442332959 -47.30286891935677
54 56 299.97168325790597 1.0925055294171386 -47.57683568037663
54 57 347.6951623356058 1.2144644591223823 -47.88721640402031
54 58 395.7461160659466 1.3142808559611296 -48.229081016971264
54 59 444.15332436954833 1.3883648250942713 -48.59650230416159
54 60 492.93912067426976 1.4331640847273377 -48.98248552619154
54 61 542.1182954219314 1.4453459451314075 -49.37893315733507
54 62 591.6969869889399 1.422038486059762 -49.77666732471414
54 63 641.6716300713597 1.3611251971088336 -50.1655357153702
54 64 692.0280584196803 1.2615756000305964 -50.534626714566
54 65 742.7408835004917 1.123779564077381 -50.872614018293405
54 66 793.7732864562671 0.9498375479450942 -51.16823771941216
54 67 845.077358939316 0.7437473489996478 -51.410906933334786
54 68 896.5951003229367 0.5114263014538665 -51.591380187222114
54 69 948.2601193137602 0.2605222924717623 -51.70244983853166
54 70 1000 0.0 7.816140989326982
54 71 932.6278373351063 0.6212385058189511 47.43279114505856
54 72 905.1344177098829 0.9577948575710025 27.311385559299197
54 73 878.0050662165079 1.2699022315173352 26.89058006977632
54 74 851.3532575703302 1.5516392264885326 26.361371329074927
54 75 825.282323558358 1.7989995685787221 25.734440434874386
54 76 799.8843767005815 2.0099047704504756 25.021203692989843
54 77 775.2399161723783 2.184035456392394 24.23318271406498
54 78 751.4180112724515 2.322543037191963 23.381496752214616
54 79 728.4769226679491 2.427704983628473 22.476497628667687
54 80 706.4650160151161 2.5025761457511635 21.527542682574676
54 81 685.4218373027998 2.5506723903382635 20.542885656350904
54 82 665.3792447024143 2.5757066848251498 19.529658628082018
54 83 646.3625200466357 2.5813846763322204 18.493917715083626
54 84 628.3914092722471 2.571257809025724 17.440728655747023
54 85 611.4810627351417 2.5486268230493465 16.374273368553986
54 86 595.6428625351391 2.516486229858458 15.29796374311934
54 87 580.885135248903 2.4775000941558574 14.21455345117704
54 88 567.213755632785 2.434000336468216 13.126242165670192
54 89 554.6326509175626 2.3880001861343203 12.034769224049228
54 90 543.1442171846866 2.341216960056329 10.941495593131037
54 91 532.7496597313005 2.295099787630363 9.847474163400591
54 92 523.4492688578854 2.2508591371995976 8.753509094076321
54 93 515.2426415431479 2.209495990879134 7.660205294029026
54 94 508.12885826982733 2.1718292724056028 6.568009272158122
54 95 502.10662299883165 2.138520687106535 5.477242607468298
54 96 497.17437305489074 2.110096521303575 4.388129231663811
54 97 493.33036453550403 2.0869662068526793 3.300817623948916
54 98 490.5727378069929 2.0694376170108626 2.215398913321792
54 99 488.89956670886045 2.0577291487209095 1.2300779192865434
54 100 488.1125819684198

55 0 -500.233005727058
55 1 -501.0598305474333 -2.6841792246226532 1.550287278819411
55 2 -503.33358028469684 -2.6993932323249794 2.8416257497989363
55 3 -506.7430820470312 -2.721950289068957 3.9770080658056486
55 4 -511.28759641630813 -2.7515255800246905 5.111638168831178
55 5 -516.9663583846935 -2.7876682919017526 6.2454694150159185
55 6 -523.77853524634 -2.8297849400889845 7.378404517139984
55 7 -531.7231674189735 -2.8771182451461073 8.510276338574101
55 8 -540.7990879234882 -2.928721508065564 9.640823813924328
55 9 -551.0048150468222 -2.9834285726226426 10.769661701952543
55 10 -562.3384113273933 -3.0398197107355145 11.896242686521589
55 11 -574.7973004198653 -3.096184163977341 13.019810149764169
55 12 -588.3780316269216 -3.150480671377636 14.139339780623402
55 13 -603.0759799811121 -3.200298168013205 15.253468106045773
55 14 -618.8849678390131 -3.242820009820207 16.3604061288803
55 15 -635.7967922388727 -3.2747966156275083 17.45783665830527
55 16 -653.8006411556237 -3.292533331060156 18.542794814386752
55 17 -672.8823818676462 -3.291902550255827 19.611532830125384
55 18 -693.0237068158744 -3.2683914868484294 20.65937296787814
55 19 -714.2011278034025 -3.217199058935364 21.680556431041282
55 20 -736.384819677957 -3.1333964324230124 22.66810182151397
55 21 -759.5373314464305 -3.012164761910867 23.613693941608744
55 22 -783.6122075611745 -2.849119110286665 24.507631997850922
55 23 -808.5525954421323 -2.6407177602407046 25.3388740673646
55 24 -834.2899556959037 -2.3847398178694448 26.09521934002396
55 25 -860.7430341221802 -2.080791094448898 26.763667167005053
55 26 -887.8172900299138 -1.730771325096498 27.330977666255023
55 27 -915.4049894546903 -1.3392114178422503 27.784428938018948
55 28 -943.3861479059517 -0.9133784625036583 28.11272119907295
55 29 -971.6304318528362 -0.4630613998999138 28.30692604702415
55 30 -1000 0.0 -31.986510516034514
55 31 -907.6574108207672 -0.6774964048233869 -72.17880993926406
55 32 -855.6423801214719 -0.9797069512376311 -51.88303370498545
55 33 -803.8913434107963 -1.2476720709114488 -51.58688635797455
55 34 -752.4686074055228 -1.473235554926191 -51.232598208147806
55 35 -701.4261469945006 -1.6510129645834013 -50.83303704929392
55 36 -650.802533306935 -1.7783434741675137 -50.40169364398173
55 37 -600.6227597065372 -1.8549814750532505 -49.951875199015774
55 38 -550.8987829089034 -1.882634849133467 -49.49609887276455
55 39 -501.6305619610081 -1.8644501443577894 -49.04569760780885
55 40 -452.8073876932857 -1.8045204851975996 -48.61061535597787
55 41 -404.40933124905234 -1.7074628761295685 -48.19935082774356
55 42 -356.4086860377986 -1.5780859440119173 -47.81900476572014
55 43 -308.77132171761207 -1.4211506594513992 -47.475390175111386
55 44 -261.4579056875758 -1.2412154053541542 -47.173173265802475
55 45 -214.42497518600712 -1.0425514951066788 -46.91602185070019
55 46 -167.62586198617544 -0.8291139998191852 -46.706745836740666
55 47 -121.01148351252579 -0.6045538314161831 -46.54742054897454
55 48 -74.53102088822635 -0.3722591821379808 -46.43948790295758
55 49 -28.132507706610628 -0.1354168120246193 -46.38383315850756
55 50 18.236645428788762 0.10291418112014306 -46.38083652247566
55 51 64.6291653383407 0.33972183157501945 -46.43039958479879
55 52 111.09744459838635 0.5719587060272886 -46.531946786267056
55 53 157.6930589108748 0.7964615434287907 -46.684402092561555
55 54 204.46624878350946 1.0098777151715694 -46.88614101917656
55 55 251.46534094922794 1.2086039930620132 -47.13491834181676
55 56 298.73608546714297 1.3887446041075293 -47.42777248274288
55 57 346.3208859147137 1.5460975125272398 -47.76090896942671
55 58 394.2579034059964 1.6761800632928043 -48.129567839743885
55 59 442.58002159420147 1.7743071076885144 -48.52788374288201
55 60 491.3136708917604 1.8357357735191897 -48.94875299313529
55 61 540.477527580472 1.8558900315501887 -49.38372894553649
55 62 590.0811287828334 1.830673665529389 -49.8229752065601
55 63 640.1234779935922 1.75687051066825 -50.25531390026191
55 64 690.5917565833572 1.632614545039587 -50.668410782054195
55 65 741.4602995577006 1.4578895413849864 -51.049136442857616
55 66 792.6900294690724 1.2349910993135609 -51.384128512638995
55 67 844.2285565829786 0.9688595529133295 -51.66055003513031
55 68 896.0111295393331 0.6671813213443443 -51.866994415276395
55 69 947.9625454135314 0.34017146865102177 -51.994435230333465
55 70 1000 0.0 8.022273632518363
55 71 931.9179981484947 0.8081203703549136 47.97848526180212
55 72 904.0430294763958 1.2389953110605347 27.67872131893489
55 73 876.5605555106249 1.6364707425876759 27.22610553185808
55 74 849.5908184126796 1.9928019203253484 26.65945468560102
55 75 823.2416461394229 2.3030063823632645 25.99171830503775
55 76 797.6073818026041 2.5648121797735257 25.236467717952962
55 77 772.768710703517 2.7783452238938366 24.40708992213513
55 78 748.7932019583338 2.945662443112383 23.51618183873711
55 79 725.7363470260427 3.07023075448825 22.575157411420946
55 80 703.642887135492 3.1564274417931983 21.594044826540767
55 81 682.5482573729612 3.2091083379880274 20.58143323935309
55 82 662.4800206567858 3.2332645737674284 19.54452431128294
55 83 643.4592087503953 3.233770121156965 18.489248360877866
55 84 625.50152393503 3.215211164517541 17.42041333395173
55 85 608.6183820824918 3.1817830500762625 16.341863889429305
55 86 592.8177961561714 3.13723932542041 15.256635913304024
55 87 578.1051102558838 3.0848785029306214 14.167098026205508
55 88 564.4836001037604 3.0275564197185076 13.075076099489081
55 89 551.9549580569056 2.967714616035437 11.981959710258025
55 90 540.5196806832444 2.907417560811041 10.888791213338209
55 91 530.1773756302292 2.84839360610772 9.796339036430709
55 92 520.9270026103829 2.7920761900631987 8.705157197533651
55 93 512.7670612351619 2.739643049431834 7.615633111690499
55 94 505.69573638700194 2.6920521038711627 6.52802564241955
55 95 499.7110099503228 2.6500733010072395 5.442495156147231
55 96 494.8107460747075 2.614316127402134 4.359127113360728
55 97 490.99275572360136 2.5852527501901648 3.27795051101873
55 98 488.25484505267 2.563236901063533 2.198952294201092
55 99 486.5948511351992 2.5485186820808394 1.2201904410961504
55 100 485.8144641704777

56 0 -497.2979474938074
56 1 -498.1165448654587 -3.1984448441468203 1.5377724478651658
56 2 -500.3734923895377 -3.2169355072168173 2.8207628552763424
56 3 -503.7580705760114 -3.2443816252976774 3.948196063779193
56 4 -508.2698845170961 -3.2804258799580452 5.075288677348567
56 5 -513.9086479307085 -3.324570962974576 6.202137411400429
56 6 -520.674159339897 -3.3761597666585317 7.3288091134438105
56 7 -528.5662661575961 -3.434350051789579 8.455326597667352
56 8 -537.5848125352317 -3.498083343248254 9.581649673644051
56 9 -547.7295655048842 -3.5660478988220348 10.707649891437597
56 10 -559.0001123181069 -3.636635806962886 11.833077197648208
56 11 -571.3957199001807 -3.70789464598829 12.957516314638156
56 12 -584.9151449473832 -3.7774747487277978 14.080330238256295
56 13 -599.5563803766933 -3.842574049864197 15.200587842841117
56 14 -615.3163206330654 -3.8998838519818833 16.316972272253793
56 15 -632.1903249212008 -3.945540742329797 17.427666731494924
56 16 -650.1716540960552 -3.9750924230415876 18.53021471516587
56 17 -669.2507543515326 -3.9834884218007574 19.621352976523326
56 18 -689.4143600491019 -3.9651104290988997 20.696818153366564
56 19 -710.6443906582657 -3.913861001722978 21.75113255024496
56 20 -732.9166251495918 -3.8233327821873218 22.77738179740726
56 21 -756.1991542530802 -3.687081769013332 23.767007455916257
56 22 -780.4506400614243 -3.4990252807122033 24.709651009402478
56 23 -805.6184562718852 -3.253975057505386 25.593100709377723
56 24 -831.6368414801798 -2.948295149159094 26.403405957706013
56 25 -858.4252681872972 -2.5806406667919077 27.125229066840006
56 26 -885.8872996138598 -2.152688565790811 27.742492498225317
56 27 -913.9102531837478 -1.6697237503405518 28.23934182397892
56 28 -942.3659832618176 -1.140910794933916 28.601376309780107
56 29 -971.113005803308 -0.5790890580907444 28.817008369091184
56 30 -1000 0.0 -32.109381335385194
56 31 -906.8942431325377 -0.8622228871399216 -72.7299769751449
56 32 -854.5400460497102 -1.2443226235602083 -52.20254996782603
56 33 -802.4891431968856 -1.5806067663361887 -51.862515276819465
56 34 -750.8150154960713 -1.860724939573629 -51.456797193951616
56 35 -699.5755488089824 -2.0782877526195307 -51.00147971248066
56 36 -648.81205607111 -2.2306725993126406 -50.51302289857085
56 37 -598.5495030118407 -2.318465109551937 -50.007218333502465
56 38 -548.797619404105 -2.3447196016803105 -49.49847338471861
56 39 -499.55255624240345 -2.3141932448749003 -48.99941339441614
56 40 -450.79879261527276 -2.232657696757599 -48.52074342993416
56 41 -402.51106938253514 -2.1063414713146074 -48.07129444546422
56 42 -354.6562037243443 -1.941517664373066 -47.658182524860166
56 43 -307.1947043328148 -1.7442274973466283 -47.287023864587354
56 44 -260.0821559951696 -1.5201182233107886 -46.96216470543375
56 45 -213.2703749219473 -1.2743704941305367 -46.68690025667652
56 46 -166.70835548181657 -1.0116917631585665 -46.463668067792554
56 47 -120.3430387863622 -0.7363560529592519 -46.294209124592385
56 48 -74.1199372326318 -0.45227476843493974 -46.17969473641014
56 49 -27.98364931354191 -0.16308725163476367 -46.12081980607844
56 50 18.121702379525075 0.12773697802481188 -46.11786405227576
56 51 64.25207879100962 0.4167900245092042 -46.17072275700177
56 52 110.46314789352861 0.7006157851391919 -46.27890806214938
56 53 156.80989491530838 0.9756023228463988 -46.44152104766034
56 54 203.3461899888493 1.2378806574838137 -46.65719403671007
56 55 250.1242829887285 1.483235451164731 -46.92400203042081
56 56 297.1941940496909 1.707035197049379 -47.239342160911406
56 57 344.6029673105513 1.9041924961410928 -47.59978094483503
56 58 392.393755939361 2.0691686685850357 -48.00087142180999
56 59 440.6047101541713 2.196040894258232 -48.436946593935204
56 60 489.2676491272314 2.2786534865333294 -48.900902602329865
56 61 538.406515358831 2.3108763127535212 -49.38399526532487
56 62 588.0356396578811 2.286990520882398 -49.87568684559608
56 63 638.1578890500232 2.202211577606988 -50.36359483586
56 64 688.7628293296011 2.053338875777854 -50.833607683849266
56 65 739.8251044177217 1.8394876498556414 -51.27023746401943
56 66 791.30330425764 1.5628140819075043 -51.65726770788382
56 67 843.1396398334894 1.2290966608155713 -51.978716711304
56 68 895.260737680248 0.8480039161838704 -52.22006827148442
56 69 947.5797763764582 0.43288616969766736 -52.36963115987601
56 70 1000 0.0 8.284089891030874
56 71 931.0115965943965 1.0178479213846003 48.671786456119094
56 72 902.6564270877618 1.5531339714241312 28.13973593153196
56 73 874.7321247313325 2.0436167617972387 27.644386679041133
56 74 847.3676537296795 2.4794401987927586 27.027906968850516
56 75 820.6763107936315 2.8546990058135293 26.306450694322564
56 76 794.7547523410344 3.167240697535874 25.496542534520415
56 77 769.6832257245907 3.4181024761824688 24.614032977403838
56 78 745.5266863862267 3.61076613553422 23.67338228280903
56 79 722.3364611589726 3.7503854121850395 22.687262627348503
56 80 700.1521611315297 3.8430892677788506 21.666420266074454
56 81 679.0036206268237 3.895414052684373 20.619722788325134
56 82 658.9127155548795 3.9138788385333214 19.554320411250956
56 83 639.8949798043218 3.9046939966437435 18.47586430583374
56 84 621.960986943212 3.8735811358889123 17.38874158466632
56 85 605.1174966349892 3.8256790259947024 16.296301529456855
56 86 589.3683838842983 3.7655115801388774 15.201059195973698
56 87 574.7153782430418 3.6969977254101423 14.104870545475137
56 88 561.158642793348 3.6234873867952047 13.009078278775007
56 89 548.6972216854917 3.5478119456129775 11.914630365141761
56 90 537.3293820630645 3.4723410107864083 10.82217458320332
56 91 527.0528725190851 3.399040063411462 9.732132792652749
56 92 517.865116477759 3.329525555917712 8.644758537400435
56 93 509.76335544428423 3.265115482455883 7.56018120783699
56 94 502.744754062085 3.2068744147064194 6.4784395237335275
56 95 496.8064763968172 3.1556526330590486 5.399506630999269
56 96 491.94574080008647 3.1121193725697367 4.323308680846736
56 97 488.1598590351237 3.076790420212774 3.249738397610315
56 98 485.44626400486584 3.0500503996233306 2.1786648452124666
56 99 483.80252934469877 3.0321701011755238 1.2079891220781178
56 100 483.0302857607096

57 0 -493.8542593666675
57 1 -494.66294085913967 -3.7039761108351 1.5227249517978407
57 2 -496.8997092702632 -3.7259502271339215 2.7956889686480793
57 3 -500.2543187964358 -3.758607766165568 3.9135176930644207
57 4 -504.72674465639204 -3.801573758925599 5.031448831154279
57 5 -510.3172164587444 -3.8543246001973728 6.149735528315432
57 6 -517.0262157130229 -3.9161653795657685 7.268625428324981
57 7 -524.8544673153943 -3.986200602756867 8.388352761984379
57 8 -533.8029212369917 -4.063297776810373 9.509125966891872
57 9 -543.8727192491781 -4.146043346855322 10.631109238237912
57 10 -555.0651397134675 -4.23269059365191 11.754395939355334
57 11 -567.3815111278888 -4.321099388689731 12.878971207999257
57 12 -580.823082129466 -4.408668242392878 14.004660376747495
57 13 -595.3908318813837 -4.492259988857597 15.131059002791687
57 14 -611.0852001350494 -4.568123884715078 16.2574394364147
57 15 -627.9057107542131 -4.631819057649523 17.382628087245564
57 16 -645.8504563095405 -4.678147347836955 18.504847134915792
57 17 -664.9154050240447 -4.7011078596992775 19.621514824068072
57 18 -685.0934859576766 -4.693891102816565 20.72900038795592
57 19 -706.3734057999566 -4.648937310251256 21.82233407795286
57 20 -728.7381541135824 -4.558090702820266 22.894881054223617
57 21 -752.1631679084038 -4.412887495308382 23.938001443083863
57 22 -776.6141569997501 -4.205017245983868 24.940738709358868
57 23 -802.0446453271215 -3.9269898172375406 25.88960419891771
57 24 -828.3933653975855 -3.57301712689258 26.768553730737437
57 25 -855.5817527885964 -3.140073227099492 27.559273750373336
57 26 -883.5119128983322 -2.629025004047378 28.24189458270638
57 27 -912.0655419540092 -2.045636581384315 28.796206708875843
57 28 -941.1043263160839 -1.4011699051905566 29.203355891322758
57 29 -970.4722537366547 -0.7122806846288654 29.447836841958065
57 30 -1000 0.0 -32.26964434508369
57 31 -905.9329650464873 -1.078314964978972 -73.42313256282426
57 32 -853.1537348743515 -1.5541040497503218 -52.60141758418172
57 33 -800.7301298781239 -1.9689018375725027 -52.20328867398797
57 34 -748.7471575263755 -2.3098380332585293 -51.73027919443115
57 35 -697.2695714892616 -2.5697147174074075 -51.20298470903293
57 36 -646.3411881083097 -2.746506479248467 -50.641871000914136
57 37 -595.9858294874333 -2.8423687288005226 -50.065922201383444
57 38 -546.2093437055428 -2.8624660254933474 -49.49182700808751
57 39 -497.0021754712583 -2.813851843171591 -48.933635702886136
57 40 -448.3420722997705 -2.7045309962408055 -48.40276358241758
57 41 -400.1966483064231 -2.5427526831793443 -47.908210795359025
57 42 -352.52565070905246 -2.3365278976097557 -47.45689079175216
57 43 -305.2828667229188 -2.093337349587955 -47.05399073404911
57 44 -258.41766924095424 -1.8199871596604282 -46.703316262586384
57 45 -211.87623419774604 -1.5225715128724033 -46.40759539054797
57 46 -165.6024784598583 -1.206508294384463 -46.16873139556938
57 47 -119.53877140660728 -0.8766218314958323 -45.988003554250916
57 48 -73.62647135135647 -0.5372543435725774 -45.86621910163309
57 49 -27.8063332033411 -0.19239377369715882 -45.8038214120478
57 50 17.98117147273914 0.15418982447730656 -45.80095924633169
57 51 63.79558528932229 0.4988041413327764 -45.857520777684414
57 52 109.69621302810796 0.8376937686687853 -45.97313448792986
57 53 155.741854265182 1.1669011364590176 -46.14713722021693
57 54 201.99048746854183 1.482132205318635 -46.37850789085823
57 55 248.49887004689847 1.77863149818387 -46.66576380225119
57 56 295.3220150730442 2.051073866399406 -47.00681543776652
57 57 342.5125009224315 2.293484526581125 -47.39877549789105
57 58 390.1195660688263 2.4992044330666374 -47.837719441626746
57 59 438.187939805685 2.66092478467786 -48.31839892493372
57 60 486.75636391869375 2.770821699098036 -48.83391757464
57 61 535.855774954965 2.8208281823000334 -49.37539191118742
57 62 585.5071477410686 2.803082394869989 -49.931639941706635
57 63 635.7190548383783 2.7105839504191636 -50.488965545366455
57 64 686.4850788318015 2.5380669576135233 -51.03113470980554
57 65 737.7813242579894 2.2830529401549597 -51.539661236727966
57 66 789.5644013052574 1.946975596125128 -51.994519501679065
57 67 841.7703632613475 1.536180226188094 -52.37536020085395
57 68 894.3151217069653 1.0625201362641405 -52.6632049063943
57 69 947.0967730741361 0.5432490836857937 -52.842439146517336
57 70 1000 0.0 8.607235384205296
57 71 929.8823023057255 1.258461067695464 49.53161923322625
57 72 900.9367615335475 1.9114797144035265 28.70449015934753
57 73 872.4733219870304 2.5046912408369053 28.15241175922671
57 74 844.6319380150941 3.0258053026813627 27.47053692961731
57 75 817.5322481277958 3.46819355181168 26.679518803780866
57 76 791.2729004075323 3.8303859866283574 25.7998711883219
57 77 765.932505751152 4.1150746813301 24.850615360133474
57 78 741.5716696872654 4.327936413211546 23.848464774739682
57 79 718.2355762016726 4.476505300225313 22.807480543665577
57 80 695.9567085999342 4.569226362864811 21.7390734670401
57 81 674.7574292675924 4.61473762939454 20.65222281010756
57 82 654.6522629797191 4.621374148062955 19.553804255242312
57 83 635.6498207571078 4.596859595939122 18.448950658233457
57 84 617.7543616632522 4.548142217548332 17.341398363302687
57 85 600.9670240305024 4.481333672381254 16.23379433367927
57 86 585.2867729958937 4.401716132355034 15.127954612719464
57 87 570.7111148050635 4.313791018929976 14.025073832861835
57 88 557.23662533017 4.22135022708369 12.925890319691916
57 89 544.8593341656797 4.127556798353112 11.830813334249228
57 90 533.5749986616715 4.0350266494782545 10.740019331136693
57 91 523.3792955034063 3.9459062988859728 9.653523581562013
57 92 514.2679514985475 3.861943820600345 8.571232616578072
57 93 506.23683027025015 3.7845517560683106 7.492981970479207
57 94 499.2819875575891 3.714861652137671 6.418562793022716
57 95 493.3997046842047 3.6537704423586774 5.3477401140105485
57 96 488.586507329568 3.6019791775078716 4.280264900514453
57 97 484.8391748831758 3.5600247308687756 3.215881538072324
57 98 482.15474425342336 3.528305116811623 2.154331975163842
57 99 480.53051093284813 3.5070990091977308 1.1933548671519247
57 100 479.7680345191195

58 0 -489.91162063573785
58 1 -490.7085926437885 -4.199037697165977 1.504985649766013
58 2 -492.9215919352699 -4.224709436179239 2.7661311999458746
58 3 -496.24085504368026 -4.262913371907729 3.8725725319875153
58 4 -500.6667369992449 -4.31327373562317 4.979571843316762
58 5 -506.1999987303138 -4.375263708536409 6.0875457907602595
58 6 -512.8418285807654 -4.448180377988308 7.196933110884316
58 7 -520.5938649520824 -4.531112052526794 8.308194200422747
58 8 -529.4582169816109 -4.622897065917584 9.421806929545596
58 9 -539.4374788111736 -4.722073093268136 10.53825707459606
58 10 -550.534731130803 -4.826815975755835 11.658021155813799
58 11 -562.7535211228012 -4.934867163938861 12.781538665897187
58 12 -576.0978084625974 -5.043449237389893 13.909169638088429
58 13 -590.5718603989781 -5.149169683236153 15.041132200518916
58 14 -606.1800728636352 -5.247914427565092 16.177413203461867
58 15 -622.9266868059018 -5.334734806359961 17.317643268373047
58 16 -640.8153594003813 -5.403735129187567 18.460925913116114
58 17 -659.848538632134 -5.447973209671886 19.605609221543716
58 18 -680.0265778434688 -5.459393716991599 20.748988702814586
58 19 -701.3465160377632 -5.428824301514737 21.88693295024126
58 20 -723.8004437439513 -5.34607701812763 23.013431612350132
58 21 -747.3733792624635 -5.200211306752124 24.120080912752655
58 22 -772.0406055694566 -4.980026208563402 25.19554868747332
58 23 -797.7644766374101 -4.674851648659967 26.22510082846901
58 24 -824.4908072263946 -4.2756900483513505 27.19032254784406
58 25 -852.1451217330982 -3.7767048885932013 28.06922118968521
58 26 -880.629249605765 -3.176947675486815 28.836929143940495
58 27 -909.8189800209792 -2.482057691762691 29.46719692283574
58 28 -939.5636434514365 -1.7054920479168345 29.934732206535557
58 29 -969.6884444340503 -0.8687323222987402 30.21817827428174
58 30 -1000 0.0 -32.4754156157353
58 31 -904.7376132025797 -1.3365723706390895 -74.28408102489522
58 32 -851.4318379502096 -1.9240682876614414 -53.09313684041956
58 33 -798.5513395217406 -2.430061115858223 -52.61824926032767
58 34 -746.1953394295542 -2.8388629658332434 -52.05761007378652
58 35 -694.4361193741676 -3.142969441305752 -51.4381481584706
58 36 -643.319043112613 -3.3419437998711032 -50.78567690996397
58 37 -592.8647655542396 -3.4406808951842436 -50.123177879747345
58 38 -543.0726873531183 -3.4475725806460105 -49.469956499089676
58 39 -493.9248525560603 -3.3729023869623234 -48.841478365163596
58 40 -445.38973062279115 -3.2276111910027794 -48.24964426994191
58 41 -397.42556401617645 -3.022447468573432 -47.70329134683317
58 42 -349.9831479291248 -2.767448423426572 -47.20876719126878
58 43 -303.0080296336389 -2.4716751142281055 -46.77048312663803
58 44 -256.44218167584876 -2.1431267796757396 -46.3913988687182
58 45 -210.2252318962025 -1.7887727474243462 -46.07342139140056
58 46 -164.29533889304764 -1.414656141917746 -45.81771838641598
58 47 -118.58979512337054 -1.0260379481953805 -45.6249551737805
58 48 -73.04542854548664 -0.6275613655547758 -45.49546667861147
58 49 -27.598861766147593 -0.2234246793129131 -45.42937563802855
58 50 17.813322730570462 0.1824434738491565 -45.42666613724583
58 51 63.25447050834407 0.586209018060579 -45.48721881281029
58 52 108.78776035619104 0.9839581708828007 -45.610811067023135
58 53 154.47609264239034 1.3715240312477732 -45.79708261101049
58 54 200.38192557821202 1.744314649903842 -46.045463674985214
58 55 246.56701999236077 2.0971450676010903 -46.35506036934004
58 56 293.0920463168921 2.4240791686554815 -46.72448913251415
58 57 340.01599825738907 2.718292444690263 -47.1516503781678
58 58 387.3953470732277 2.9719743371386187 -47.633431163713254
58 59 435.2828605848156 3.1762990478245 -48.165329327903805
58 60 483.7260057290353 3.321506404285401 -48.74099920470769
58 61 532.764858994231 3.397148221292923 -49.35173456955292
58 62 582.4294748681411 3.3925671236206085 -49.98593107747695
58 63 632.7367211491849 3.2976770366721553 -50.628610273116465
58 64 683.6866954143741 3.10409606199039 -51.26113869411347
58 65 735.2589985374118 2.8066278884068083 -51.861328825507826
58 66 787.4093530653897 2.404982803983046 -52.404140421850684
58 67 840.0672793811132 1.9054724124691802 -52.86317217116499
58 68 893.1356974077197 1.3222354132545888 -53.21299941398672
58 69 946.4932782090866 0.6774406987556176 -53.43215129614015
58 70 1000 0.0 8.999301875040544
58 71 928.4946744590055 1.5406728228938391 50.58326617052262
58 72 898.8334676589548 2.328876917173261 29.3859661046734
58 73 869.7227422496587 3.0369394920531363 28.75871226731897
58 74 841.3160431243168 3.649841019664393 27.99140927982529
58 75 813.7399236900081 4.160735336132689 27.11103137826956
58 76 787.0939803677777 4.569830388793605 26.143423664038835
58 77 761.4530763619305 4.882647896988885 25.111583403987026
58 78 736.8708135598037 5.108183220971171 24.034812901704242
58 79 713.383450558522 5.257292917971029 22.928552577001767
58 80 691.0137084058001 5.341451386037306 21.80465259524368
58 81 669.7741453680346 5.371889841453765 20.67187057352328
58 82 649.6699672587536 5.359063506220593 19.536442377795538
58 83 630.7012606124435 5.312369615373655 18.402632375319115
58 84 612.8647025081153 5.240040818983061 17.273215661108452
58 85 596.1548292902266 5.149151615263122 16.149875444263557
58 86 580.5649516195882 5.045691151947494 15.03351654252242
58 87 566.0877962051818 4.934669948849205 13.924504640203793
58 88 552.7159423391806 4.820239360172593 12.822844058198143
58 89 540.4421080887855 4.70581081536767 11.728306787536326
58 90 529.259328764108 4.594167524561897 10.640524083736182
58 91 519.1610599213132 4.487565022376202 9.55904996377484
58 92 510.1412288365583 4.387819215099455 8.483403994582773
58 93 502.1942519321476 4.296381938847503 7.413099039374316
58 94 495.31503075780967 4.214404759667218 6.347658210023894
58 95 489.4989355120998 4.14279207989523 5.28662415636947
58 96 484.7417824450707 4.082244711917781 4.229562969356834
58 97 481.03980957338615 4.033295040163097 3.1760643369140666
58 98 478.3896537712426 3.99633477692862 2.125739123541422
58 99 476.7883313263033 3.971636165108009 1.1761631236329038
58 100 476.0373275239768

59 0 -485.4815025167686
59 1 -486.2648654648077 -4.681782014897777 1.4843939405680544
59 2 -488.4502903979047 -4.711361857024002 2.7318132939063275
59 3 -491.72849205262037 -4.755442845694205 3.82495339362049
59 4 -496.1001971851457 -4.813666863608972 4.919098494525599
59 5 -501.56668904167157 -4.885529350396013 6.014828885950294
59 6 -508.1298549570463 -4.970352615720259 7.112777084334596
59 7 -515.7922432103408 -5.0672506333928595 8.213636074055103
59 8 -524.5571271051565 -5.175084060257461 9.31816492615053
59 9 -534.4285730626418 -5.292403958752061 10.42719032839966
59 10 -545.4115077619558 -5.4173824672756155 11.541601868684609
59 11 -557.511776800011 -5.54772850769308 12.662337946365199
59 12 -570.7361836546862 -5.6805866330929575 13.790357857450203
59 13 -585.0924925149114 -5.812417450906537 14.926593812616488
59 14 -600.5893712799192 -5.938858949616872 16.07187431329089
59 15 -617.2362411414932 -6.0545698911128625 17.22680738562309
59 16 -635.0429860511654 -6.153059773914038 18.391608731603867
59 17 -654.019458604701 -6.2265155321122165 19.56585623626404
59 18 -674.1746985236935 -6.265644170586427 20.74814929611307
59 19 -695.5157571969271 -6.259564167100962 21.93565077681683
59 20 -718.0460000773271 -6.195797731842049 23.12349404898623
59 21 -741.7627452948996 -6.060440934431199 24.30405225264809
59 22 -766.6541045826233 -5.838616685069667 25.466098367451025
59 23 -792.6949420298016 -5.515338647033104 26.59394035912976
59 24 -819.8419853008828 -5.076915476700549 27.666700490804203
59 25 -848.02834301141 -4.512975634122256 28.65801612323787
59 26 -877.1580175473586 -3.8190553384260397 29.53654177953689
59 27 -907.1014265704838 -2.9994353152509916 30.267662336445824
59 28 -937.6933422202502 -2.069553495049945 30.81668126078671
59 29 -968.7347890920572 -1.056990225766242 31.1533288898749
59 30 -1000 0.0 -32.73748439342404
59 31 -903.2598203052091 -1.6518419769122943 -75.3472008504857
59 32 -849.3055982990286 -2.3745365777072607 -53.69490632940085
59 33 -795.8700076464074 -2.987185659859506 -53.11808335215977
59 34 -743.069431594709 -3.4711811644061754 -52.44318751987868
59 35 -690.9836326066501 -3.819829765501254 -51.70606554307079
59 36 -639.6573005085675 -4.036017986187744 -50.93958245479263
59 37 -589.1044676970648 -4.129211097675693 -50.17155098215835
59 38 -539.3141985442508 -4.112628711603634 -49.42404849986559
59 39 -490.25637069733364 -4.001013380362565 -48.713674313242905
59 40 -441.88684991776495 -3.8090864218988827 -48.052308664028686
59 41 -394.15175336927626 -3.5506094006203455 -47.44804802778282
59 42 -346.9907538621993 -3.2379060146508323 -46.90611843740683
59 43 -300.3395164944626 -2.881699286462748 -46.429669090298276
59 44 -254.13141568160276 -2.491146124906379 -46.020413895782625
59 45 -208.29868870289735 -2.073984226001386 -45.679124752789974
59 46 -162.7731661760228 -1.63673522681529 -45.405996596340415
59 47 -117.48669551021652 -1.184930078337871 -45.200908777887946
59 48 -72.37134862024692 -0.7233379925763828 -45.063605832750625
59 49 -27.359483844715275 -0.25619039690479006 -44.99381657264387
59 50 17.616284525040825 0.2126024318154549 -44.9913255489582
59 51 62.62316725320113 0.679240773590184 -45.05600608065077
59 52 107.72829668634236 1.1398278170020362 -45.18781947474267
59 53 152.99880620268647 1.5901613494525009 -45.38678074119589
59 54 198.50185816873415 2.025521798155026 -45.652886854504914
59 55 244.3045799116963 2.4404555032473354 -45.98599928349955
59 56 290.47385673573325 2.828555635269339 -46.38566806067735
59 57 337.075916033051 3.1822490776881693 -46.850880329407914
59 58 384.1756173945491 3.492606889867261 -47.37971283849251
59 59 431.835341710036 3.7492098382493566 -47.968866857786935
59 60 480.11335111012295 3.9401199559203235 -48.613068401171574
59 61 529.0614785123792 4.052034187354025 -49.304331191852214
59 62 578.7220134938274 4.070724292723526 -50.0311111263274
59 63 629.123700765034 3.981890384562348 -50.77743660699667
59 64 680.2768867078207 3.772556871310144 -51.52218385807089
59 65 732.1680684811757 3.4330905025470884 -52.23877449473531
59 66 784.7544356972913 2.959782630997836 -52.89567497761669
59 67 837.9594184364091 2.3576810136206063 -53.458107591582404
59 68 891.6706508804562 1.6429981826434528 -53.89123662010786
59 69 945.7418916766248 0.8440930509698319 -54.164674559771925
59 70 1000 0.0 9.470467508343518
59 71 926.8009566599378 1.8792399372625255 51.86049615039951
59 72 896.279007699201 2.8254679965081095 30.200756828506826
59 73 866.3994430029242 3.663195026689891 29.47337586171784
59 74 837.3322559757653 4.374572092134713 28.594332773696863
59 75 809.2107774555304 4.953655516717447 27.599508172910078
59 76 782.1332396299451 5.404069397210037 26.5217837491781
59 77 756.1672099571742 5.736000923908989 25.38896819231104
59 78 731.3553032453231 5.963370953443075 24.223109795721825
59 79 707.7209903657306 6.101595824348124 23.040748708731712
59 80 685.2738058278596 6.166034355207273 21.853670390522836
59 81 664.0136495846849 6.171038139983182 20.669834930290847
59 82 643.9341359672779 6.129459473482655 19.494284029162202
59 83 625.0250815263605 6.052471251136467 18.329927970995925
59 84 607.2742800252861 5.94958020099773 17.178180363192155
59 85 590.6687207999762 5.828747530506462 16.039444666643703
59 86 575.1953906919987 5.696559825171278 14.913472946305546
59 87 560.8417749073651 5.558414877457153 13.799622041086934
59 88 547.5961466098248 5.418702288377403 12.697031186210381
59 89 535.4477125349443 5.280968534005467 11.604741498638532
59 90 524.3866636125477 5.148062223720274 10.521773538145226
59 91 514.4041654586539 5.022258752732 9.447175272099571
59 92 505.4923130683486 4.905365397647927 8.380049533049373
59 93 497.64406639255515 4.7988087586768415 7.31956751504697
59 94 490.85317803825467 4.703706731531554 6.2649729340704425
59 95 485.11412052441426 4.620927156329003 5.215580066261111
59 96 480.42201790573245 4.551135096434166 4.17076786078232
59 97 476.7725848028496 4.494830437744753 3.1299716030831632
59 98 474.1620746995661 4.452377217934014 2.0926731001087546
59 99 472.5872386026321 4.424025820578066 1.1562905784621478
59 100 471.8494935426418

60 0 -480.57727529886364
60 1 -481.34502861399295 -5.150250890802056 1.4607964611791147
60 2 -483.49886822122187 -5.1839335970304035 2.692470369149447
60 3 -486.72996935229185 -5.2341994548608 3.770267525402545
60 4 -491.03940327202696 -5.300727482695777 4.849485338614954
60 5 -496.42894002952175 -5.383062493853515 5.930860038648973
60 6 -502.9011233493249 -5.480587766362589 7.0152118278874696
60 7 -510.4593636852967 -5.592488588712456 8.103462755885545
60 8 -519.108048861096 -5.71770503556769 9.196653604186395
60 9 -528.8526708936695 -5.854871878717063 10.295958667577906
60 10 -539.6999661962518 -6.002243045921432 11.40269660687278
60 11 -551.658064107415 -6.157597528747942 12.518334500079845
60 12 -564.7366351964115 -6.318123170628553 13.644480694874972
60 13 -578.947025497165 -6.480274462475791 14.782859883995002
60 14 -594.3023549644015 -6.639600568027674 15.935260763255542
60 15 -610.8175470236761 -6.790540706497268 17.10344244407588
60 16 -628.5092398525533 -6.926186431040151 18.28898027211676
60 17 -647.3955075679096 -7.038015377414013 19.493024824871327
60 18 -667.4952895022959 -7.115610425342652 20.71594006782584
60 19 -688.8273877035613 -7.146394333487024 21.956779388985638
60 20 -711.4088482802672 -7.115435818240428 23.212554845019895
60 21 -735.2524973936011 -7.005421738407733 24.477261959525038
60 22 -760.3633721993173 -6.796942509914629 25.740650974871414
60 23 -786.7337993433439 -6.469298776868868 26.986802036838128
60 24 -814.3369762729935 -6.002087272028916 28.19268556075491
60 25 -843.1191704648537 -5.37781820905991 29.327081327959718
60 26 -872.991138928913 -4.585677207907963 30.35046946281176
60 27 -903.8201093904772 -3.6261704220389106 31.216698766211834
60 28 -935.4245364613366 -2.5157221812096395 31.877177296020307
60 29 -967.5744639825178 -1.2894645314447075 32.287731769331685
60 30 -1000 0.0 -33.07026736688135
60 31 -901.4339292487551 -2.045231380938617 -76.65861760260248
60 32 -846.682764794795 -2.933818322204047 -54.42848052336677
60 33 -792.5769682020216 -3.6714620019048425 -53.71489384702659
60 34 -739.2529771007419 -4.237140622732284 -52.89025417942827
60 35 -686.796459843165 -4.627307201074643 -52.002984980252165
60 36 -635.2470071402375 -4.8511689189298295 -51.09505824213841
60 37 -584.6063433588882 -4.925579719902885 -50.199788605163235
60 38 -534.8474299299111 -4.8708111230368445 -49.34175878177655
60 39 -485.92282579533514 -4.707601472273666 -48.537936075458845
60 40 -437.7715577789934 -4.455384058933106 -47.79924029019969
60 41 -390.32434521493576 -4.131405373145526 -47.13211093958512
60 42 -343.50733589982315 -3.750432955915471 -46.53985707711118
60 43 -297.2446310607134 -3.324812573924504 -46.023723236893574
60 44 -251.459889426036 -2.8647079767681163 -45.583683808256836
60 45 -206.07726344419973 -2.3784187715386196 -45.21901049330947
60 46 -161.02186843941706 -1.8727169433112607 -44.92866423875247
60 47 -116.2199349666948 -1.3531720688806814 -44.71155793954159
60 48 -71.59875256033388 -0.8244533163199605 -44.56672699717839
60 49 -27.086480972338013 -0.29060670752866535 -44.493435213636715
60 50 17.388117866939552 0.24468825533820038 -44.49123496675086
60 51 61.8959889611637 0.7778756789725811 -44.55999342762371
60 52 106.50810472218697 1.3052859489577315 -44.699890491160815
60 53 151.29576994348534 1.8228956036595605 -44.9113886298575
60 54 196.33088198190197 2.326076560742024 -45.19516952119038
60 55 241.6861089858661 2.8093283126470396 -45.552026532225725
60 56 287.4349350463534 3.2659896890025664 -45.98269555807332
60 57 333.65150010201273 3.6879323417591934 -46.48759912356988
60 58 380.4101332934932 4.065247928140735 -47.06647040315207
60 59 427.78444090831687 4.385957460606619 -47.71781626185074
60 60 475.84576581719466 4.6357975055972815 -48.43817485560302
60 61 524.6607906195229 4.798176840739757 -49.221130232749715
60 62 574.2880262826941 4.854449816419844 -50.056074880268625
60 63 624.7729403800602 4.784713687870294 -50.92677769452985
60 64 676.1415816717538 4.569387162573662 -51.80993857612873
60 65 728.3928175323176 4.191821864124961 -52.674103065820134
60 66 781.489787803394 3.6420591367364636 -53.479549910777166
60 67 835.351917353872 2.921470429584417 -54.17995661951937
60 68 889.8497010424328 2.0473504461443213 -54.7265873766375
60 69 944.805092107147 1.0557027656701052 -55.0751494787836
60 70 1000 0.0 10.034448761333238
60 71 924.7361945844805 2.29517619529247 53.40873416703073
60 72 893.1825316659385 3.4293773010913355 31.169921194100766
60 73 862.3963521962789 4.414368101641344 30.307816362945573
60 74 832.5668989400474 5.229978245403515 29.281869769852847
60 75 803.8326126565732 5.873503672622007 28.140528683344883
60 76 776.2858415733576 6.354984824595704 26.925769071230377
60 77 749.9810745141125 6.69209685121848 25.670884960220064
60 78 724.9440716529175 6.9059162654660895 24.400407802143377
60 79 701.1802589098257 7.017964037998183 23.131215978765965
60 80 678.6816396953856 7.048425421494414 21.87409491087874
60 81 657.4320690880683 7.0152575345261425 20.63529569179866
60 82 637.4110483117882 6.933883794304336 19.417875488948823
60 83 618.5963181101706 6.817234349519822 18.22275310283419
60 84 600.9655421061199 6.675964996460493 17.049491940478447
60 85 584.4973342292137 6.518749111411978 15.896855068437105
60 86 569.1718319692457 6.35258187033412 14.763183889473112
60 87 554.9709664502675 6.183065247503805 13.646647103409919
60 88 541.8785377624258 6.014659979343776 12.545397714746457
60 89 529.8801710207746 5.850900656107967 11.457666722879196
60 90 518.9632043166674 5.694575267933146 10.381814302462715
60 91 509.11654241584915 5.5478728652208815 9.316353137702492
60 92 500.33049804126244 5.412503756041161 8.259954000527614
60 93 492.5966344147939 5.28979661421522 7.211440373257943
60 94 485.90761729474656 5.180776447240305 6.169776607676056
60 95 480.2570811994418 5.086226811863185 5.134052521272082
60 96 475.6395122522024 5.006739089234429 4.103466250772584
60 97 472.05014869789665 4.942751097588712 3.077306458413915
60 98 469.48489933537456 4.894576848892001 2.0549345063747353
60 99 467.9402796851472 4.862428848897565 1.1336224664066208
60 100 467.2176544025613

61 0 -475.21431045375493
61 1 -475.9643636832036 -5.60238342950629 1.4340563750444915
61 2 -478.0824232038439 -5.640335428195812 2.6478647298475835
61 3 -481.26009314289877 -5.697051602707376 3.7081595079551164
61 4 -485.49874221975415 -5.772267879048599 4.770235455532884
61 5 -490.80056405396454 -5.865606188770471 5.834968602283482
61 6 -497.1686794243211 -5.976547754743734 6.903350989475655
61 7 -504.60726603291585 -6.104397051317278 7.976518804850002
61 8 -513.1217170340211 -6.248234453281611 9.055781636145923
61 9 -522.7188293052077 -6.406854950185107 10.142652318045918
61 10 -533.407021670113 -6.578689527479469 11.23887621865373
61 11 -545.1965817425151 -6.761704887171277 12.346457821658078
61 12 -558.0999373134291 -6.953276103229257 13.467680923722355
61 13 -572.1319435899599 -7.150025634581311 14.605116415217367
61 14 -587.3101701438638 -7.347621003275833 15.761608069269414
61 15 -603.6551597284987 -7.540522726982715 16.940221522610614
61 16 -621.1906131890851 -7.721674453155799 18.144134060687122
61 17 -639.9434278498729 -7.8821299443405906 19.37643224196154
61 18 -659.9434776730081 -8.01061884178921 20.63977034004006
61 19 -681.222968529953 -8.093068691974622 21.935825383919052
61 20 -703.8151284408463 -8.112130273536366 23.26446664406552
61 21 -727.7519018180841 -8.046804717330474 24.62254556097389
61 22 -753.060219562794 -7.872353160688078 26.00222132898989
61 23 -779.7563444760639 -7.560787792271242 27.388795597015474
61 24 -807.837810756825 -7.0823861131552235 28.75818105861316
61 25 -837.2727065932902 -6.408786470977134 30.074426187358824
61 26 -867.9866631315426 -5.518183239183202 31.28818956655789
61 27 -899.849085726406 -4.402708534913074 32.33761736314415
61 28 -932.6618978578309 -3.076973102365173 33.15338715138091
61 29 -966.1558600291678 -1.5848777391747717 33.66905107108454
61 30 -1000 0.0 -33.49325124291795
61 31 -899.1693575433319 -2.5478343832918995 -78.28101917268975
61 32 -843.4379616546205 -3.6425210416808227 -55.32113695036708
61 33 -788.5270836425977 -4.525862808246245 -54.42140565268801
61 34 -734.5951503492445 -5.176540197169345 -53.39903271904848
61 35 -681.7290182045008 -5.598870687289093 -52.32009383926834
61 36 -629.9549626707078 -5.813481933219975 -51.23785497362087
61 37 -579.253308257259 -5.84883572128922 -50.191193186265366
61 38 -529.5725762981771 -5.735195659078784 -49.20607025223637
61 39 -480.8411677527863 -5.501057757196634 -48.298247249139166
61 40 -432.97608179989874 -5.171440144879597 -47.476112564900546
61 41 -385.8889426229852 -4.767358802450701 -46.74309692476518
61 42 -339.48988795036837 -4.305961627317004 -46.09952563818581
61 43 -293.6898913466136 -3.8009722001164334 -45.54394411115092
61 44 -248.40199972806653 -3.2632390288712827 -45.07402009339674
61 45 -203.5418511598201 -2.7012836899055515 -44.68713371933312
61 46 -159.0277322894003 -2.1218004995562154 -44.38074989368248
61 47 -114.78035137245516 -1.530093324819525 -44.152645150896646
61 48 -70.722441987607 -0.9304520235844365 -44.00104047139861
61 49 -26.778270429657944 -0.32647879389450196 -43.924675000985715
61 50 17.126908014364425 0.2786222384465731 -43.92284316245696
61 51 61.06741589525597 0.8817780312394738 -43.99540838703123
61 52 105.1177247884269 1.479788095157403 -44.142799550055685
61 53 149.35301499536735 2.0690605094969357 -44.3659901294116
61 54 193.8497050472501 2.645328831998768 -44.666454145517434
61 55 238.68592328640221 3.2033367431673554 -45.04608615523901
61 56 283.9418773577281 3.736478634227126 -45.50706403156519
61 57 329.7000513495326 4.236387866994875 -46.051622090269746
61 58 376.0451215382676 4.692472359242515 -46.68168771964508
61 59 423.06342678882277 5.0914132124345315 -47.39831728033039
61 60 470.8417560989284 5.416672040202599 -48.20084902103844
61 61 519.4651248308996 5.648104400397358 -49.08567888102965
61 62 569.0131138609877 5.761859183102558 -50.044574279196866
61 63 619.5542733892934 5.730862040257421 -51.062499260842856
61 64 671.1381123826734 5.526323951291488 -52.11507568181622
61 65 723.7844247529258 5.120832229190796 -53.16610252057251
61 66 777.4703174238184 4.493541560401184 -54.16602641215724
61 67 832.1164775772403 3.6375512870233138 -55.05281628217455
61 68 887.5759499881675 2.5684412829755843 -55.75700428402217
61 69 943.6304861452846 1.3310784075235915 -56.212025005916246
61 70 1000 0.0 10.709940937965882
61 71 922.2106042693529 2.81947732362579 55.28987345149085
61 72 889.4202530970183 4.181020901080899 32.3199487348557
61 73 857.5707067996415 5.333147006539434 31.27397680603002
61 74 826.8722994849583 6.255480032479397 30.053468344677526
61 75 797.4637701102864 6.95327394729668 28.724514752102266
61 76 769.4232699807537 7.44808684443052 27.34037692777457
61 77 742.7830162547373 7.769304258876389 25.939899633181426
61 78 717.5434707143909 7.9481038082890905 24.54897698250153
61 79 693.6850622897342 8.013880416100221 23.183257864760037
61 80 671.1769549848708 7.992528496530269 21.850963887050796
61 81 649.9831345156326 7.905907929405714 20.55529330310077
61 82 630.0663683786693 7.771965828406053 19.29626084415588
61 83 611.3906128273209 7.605164898991291 18.072009173152082
61 84 593.9223500323651 7.417013341874338 16.87969512508431
61 85 577.6312225771522 7.216588632975913 15.71606154051733
61 86 562.4902269513304 7.011006419190835 14.577789082397373
61 87 548.4756444123575 6.805818367874565 13.46170015009659
61 88 535.5668266511373 6.605339219114057 12.364866594814544
61 89 523.7459112227284 6.412910484937356 11.284656787227902
61 90 512.9975130766815 6.231110549429047 10.21874574725814
61 91 503.30841972821213 6.061920855046765 9.165103760207586
61 92 494.6673055562663 5.906856780911227 8.121973282043712
61 93 487.0644731641247 5.76707042999584 7.087840206246113
61 94 480.49162514377406 5.643431175451013 6.061403131718407
61 95 474.9416669006879 5.536588607394094 5.0415427082552355
61 96 470.4085397272636 5.447021507972977 4.027292146507847
61 97 466.8870826076722 5.375075656682299 3.017809362740735
61 98 464.3729210017821 5.320992604054567 2.012350851417608
61 99 462.862380904837 5.284931019486976 1.108060255722421
61 100 462.1568004903373

62 0 -469.4100715274811
62 1 -470.1402617549804 -6.036030377606409 1.4040629186745832
62 2 -472.21819736483025 -6.078377063528677 2.5978021959483613
62 3 -475.3358661468771 -6.141746852094684 3.638335074549758
62 4 -479.49486751392976 -6.225951724491722 4.680930752551859
62 5 -484.6977276519808 -6.3307178306162655 5.726580162953837
62 6 -490.94802783983744 -6.45566086350135 6.776420965340662
62 7 -498.25056958266214 -6.600252435778458 7.831776057347668
62 8 -506.6115799545328 -6.763775246785684 8.894195705318566
62 9 -516.0389609932993 -6.945264026645418 9.965503593380049
62 10 -526.5425871412929 -7.143428203024257 11.04784666988661
62 11 -538.1346543330725 -7.356550885643458 12.143747924330057
62 12 -550.830082989953 -7.582357025546457 13.256159947464937
62 13 -564.6469742280024 -7.8178414137187815 14.388514983948426
62 14 -579.6071129578498 -8.05904451921748 15.544763670854138
62 15 -595.7365015697106 -8.30076114560569 16.729388994195915
62 16 -613.0658909462417 -8.536163922303274 17.947373054758884
62 17 -631.6312476792284 -8.756321783226554 19.204080436237916
62 18 -651.4740518187175 -8.94959506440614 20.50500132019181
62 19 -672.641250319612 -9.100898124817945 21.855267957238482
62 20 -695.1845877331945 -9.190845668574127 23.258818819664043
62 21 -719.1588879589401 -9.194854245525335 24.717039072373325
62 22 -744.6186658779411 -9.082377322284458 26.226667899930646
62 23 -771.6122237588014 -8.816638589655724 27.776769084370983
62 24 -800.1722040466831 -8.355515714261003 29.344686882049018
62 25 -830.3015975228994 -7.654593908121569 30.89128420193174
62 26 -861.9547724505466 -6.673704570480027 32.35654739887582
62 27 -895.0146923206511 -5.388066900295371 33.65790890302986
62 28 -929.2705902566063 -3.8036560869082905 34.69500809175861
62 29 -964.4047085041683 -1.9727286593408735 35.36470487169686
62 30 -1000 0.0 -34.03322401099848
62 31 -896.3382604821713 -3.2072952921403157 -80.3011386442833
62 32 -839.3977227114334 -4.560677880431285 -56.40650894832112
62 33 -783.5252425855291 -5.610665402202812 -55.24891300251511
62 34 -728.8998967064032 -6.341768229323634 -53.963262058471116
62 35 -675.5987184685869 -6.775486675915374 -52.639926716302796
62 36 -623.6200432737976 -6.952330824836565 -51.345023276138534
62 37 -572.9086719163098 -6.91838688874833 -50.12150233102204
62 38 -523.3770386117535 -6.717464995727141 -48.99398081768396
62 39 -474.9207102809419 -6.387515976377244 -47.97418056125966
62 40 -427.4286774892342 -5.959656118546235 -47.06554133545376
62 41 -380.78962761003436 -5.458527977700413 -46.266632422022525
62 42 -334.89541264518914 -4.903209022936267 -45.57347047477691
62 43 -289.64268666048054 -4.30824589817496 -44.98100063844785
62 44 -244.93341136829343 -3.684619427782252 -44.483995298045954
62 45 -200.67469606438863 -3.0405701197627195 -44.0775719639944
62 46 -156.77826744030463 -2.382275152569278 -43.75747387366644
62 47 -113.15974831705574 -1.7143941024243432 -43.52020946356981
62 48 -69.737848513165 -1.0405093864541612 -43.36311246625337
62 49 -26.43352338454901 -0.3634882342357244 -43.284360951605706
62 50 16.830873390046406 0.31420904584675924 -43.28297814161688
62 51 60.132432898684755 0.9902522530175624 -43.35882757091288
62 52 103.54852853187217 1.6621755846631743 -43.51260801290336
62 53 147.15764892449147 2.327103562613601 -43.74584789301613
62 54 191.04022431790443 2.9814489143336402 -44.06089328751996
62 55 235.2794354995314 3.6205616041933126 -44.460876729997366
62 56 279.96197777789916 4.23830669072089 -44.9496444342458
62 57 325.178724368023 4.826547908870509 -45.53160539855449
62 58 371.02518857500814 5.374516171801133 -46.21144505771241
62 59 417.6016144834478 5.868052070554938 -46.99361658089066
62 60 465.01242173678946 6.288737179257055 -47.8814836676402
62 61 513.3645818187282 6.612984603568577 -48.875943089849756
62 62 562.764307916489 6.8112663474951205 -49.97331724040856
62 63 613.3112162995453 6.847841460069162 -51.16231292634092
62 64 665.0889337691708 6.681636453773763 -52.419968387195354
62 65 718.151153073936 6.269296506840874 -53.70688545671044
62 66 772.5027046825917 5.571721601420791 -54.96283085294465
62 67 828.0768147798253 4.565204239846878 -56.10505689694497
62 68 884.7128184764816 3.2567914619421003 -57.03306025613722
62 69 942.1429352920998 1.6998024075625722 -57.643590761759185
62 70 1000 0.0 11.522847677435436
62 71 919.0972399372289 3.499683931096854 57.58975506811163
62 72 884.8204898637767 5.1402334348983345 33.68359087701441
62 73 851.7300581832001 6.479517394497577 32.38227549434407
62 74 820.0559388750886 7.503079871996704 30.901996710610092
62 75 789.9260647619799 8.233448910690583 29.333135495296006
62 76 761.3896678844966 8.712161810840257 27.741799382810086
62 77 734.4424659963597 8.986333081036321 26.170901924078635
62 78 709.0478640363393 9.100800219333735 24.64498395936721
62 79 685.1524980776253 9.094535818142162 23.175640667007144
62 80 662.696582702325 8.99966562131084 21.766122424184232
62 81 641.6202532292568 8.841820806077408 20.414733023674444
62 82 621.8671166549761 8.641036028258043 19.1171324585344
62 83 603.385988312188 8.412770436539688 17.867800616302475
62 84 586.1315154223712 8.168855932997815 16.66091567446307
62 85 570.0641569632619 7.918301301158124 15.490848145753603
62 86 555.149819130864 7.66794172523106 14.352413624371763
62 87 541.3593297145184 7.4229490692725335 13.240979903333141
62 88 528.6678593241977 7.187226438132257 12.152489831809248
62 89 517.0543500508999 6.9637106243972084 11.083438053194186
62 90 506.50098321780933 6.754602995117978 10.030824672572123
62 91 496.9927007057556 6.5615455346316764 8.992099369184672
62 92 488.51678447944 6.385755137522381 7.9651035754766895
62 93 481.06249355480224 6.2281261865005035 6.94801476779773
62 94 474.62075494384453 6.089309006215842 5.93929478507431
62 95 469.1839039846536 5.9697698905631 4.9376428537940455
62 96 464.74546923625644 5.8698369580187375 3.9419533000607885
62 97 461.29999738453205 5.789734997955861 2.9512775544955048
62 98 458.84291412726543 5.7296116454336925 1.9647898691794126
62 99 457.3704176461732 5.689556593786705 1.0795294189921663
62 100 456.6838552892811

63 0 -463.1841874836783
63 1 -463.8923029279908 -6.448975049802328 1.370740796554145
63 2 -465.92566907678656 -6.495788588862098 2.542148255359308
63 3 -468.9765994387094 -6.565934026192139 3.5605848469920716
63 4 -473.0468387707707 -6.659316880027802 4.5812644770113025
63 5 -478.139128392732 -6.7757924877491575 5.605259463273853
63 6 -484.2573576973184 -6.915145066475787 6.633816384313462
63 7 -491.40676116135893 -7.077058732070498 7.668404421565668
63 8 -499.59416654044975 -7.261078217934028 8.710770045278963
63 9 -508.82830125191686 -7.466556129485923 9.762999361807346
63 10 -519.1201652640644 -7.692582336307737 10.82758935965569
63 11 -530.4834799712282 -7.937889409521347 11.907528999135877
63 12 -542.9352232623362 -8.200725681117376 13.006390395647031
63 13 -556.4962607625223 -8.478684308394804 14.128428921546345
63 14 -571.1920811054289 -8.768472399433278 15.278688337382505
63 15 -587.0536374372873 -9.065598516805778 16.46310211952482
63 16 -604.1182853444785 -9.363949557268768 17.68857342306626
63 17 -622.4307842834198 -9.655219330249167 18.963001099858673
63 18 -642.0442875441959 -9.928142388949539 20.295193998448667
63 19 -663.0211722803172 -10.167481443013003 21.694574779751065
63 20 -685.433437103698 -10.35272363984609 23.170510523358132
63 21 -709.3621933270334 -10.456478523207352 24.73101390726356
63 22 -734.8954649182251 -10.44267425629755 26.3804369848595
63 23 -762.1230672967524 -10.264881113570652 28.11565720503893
63 24 -791.126779328303 -9.865544835733147 29.920225740147316
63 25 -821.963518777047 -9.177681236452258 31.7562373311398
63 26 -854.6392539905826 -8.131636675413233 33.55471657438409
63 27 -889.0729519258152 -6.670359620248462 35.207665846715884
63 28 -925.0545856840143 -4.775656972586376 36.56872539233541
63 29 -962.210402710486 -2.501930186266293 37.47270715799283
63 30 -1000 0.0 -34.72781787571739
63 31 -892.7547669590513 -4.09999885968881 -82.84169705312104
63 32 -834.3166058937579 -5.779861263366456 -57.72450706042957
63 33 -777.3057528381921 -7.011556797071421 -56.20249600158036
63 34 -721.9116138905972 -7.801313230665528 -54.56385399276104
63 35 -668.17804485267 -8.20577414761783 -52.93065643478127
63 36 -616.0503010210347 -8.29874111433071 -51.380755186453825
63 37 -565.4165344797624 -8.151753202591635 -49.95632735715594
63 38 -516.1376463067228 -7.825729786455952 -48.67519933986529
63 39 -468.0661358000318 -7.369035197744381 -47.54043837195826
63 40 -421.05676956280627 -6.818510168656957 -46.547124566223715
63 41 -374.9718866675844 -6.20150535135906 -45.686649829155215
63 42 -329.68346990449584 -5.5379861297392665 -44.949243558660356
63 43 -285.0733995502637 -4.842351680606555 -44.32535451599691
63 44 -241.03276087250202 -4.124885523386496 -43.8063443149845
63 45 -197.46071092029467 -3.3928670335613873 -43.384789444120145
63 46 -154.26318198426173 -2.6514082038191304 -43.0545738763441
63 47 -111.35156316760647 -1.9040820924529385 -42.81087938478153
63 48 -68.64142321469868 -1.1534002830681942 -42.65013460320999
63 49 -26.051293961186495 -0.40118557045818726 -42.56995656868479
63 50 16.498489922670906 0.35112346807732564 -42.569102675203666
63 51 59.086911389220845 1.1022062942200606 -42.647441848214825
63 52 101.79337361910055 1.8506070994688244 -42.80594824045965
63 53 144.69880787014014 2.5944704414559254 -43.046716799741134
63 54 187.88680721858282 3.331241037424846 -43.37299610393772
63 55 231.4448000780156 4.057299670272812 -43.78922837885176
63 56 275.46526397628634 4.7675016189040775 -44.301077726887996
63 57 320.0469555317916 5.454576622735971 -44.9154126091895
63 58 365.29608919466534 6.108341539127849 -45.640183557960654
63 59 411.3273226477129 6.714672295378222 -46.48409627287447
63 60 458.2642817404143 7.254189184929913 -47.4559164880248
63 61 506.2391556237625 7.700647436236778 -48.563149712791585
63 62 555.3905811659974 8.019129005477794 -49.80971742269628
63 63 605.858590469155 8.164364080925395 -51.19212915456421
63 64 657.7748394751259 8.079964323154911 -52.69362063504451
63 65 711.2458317392441 7.700118347712305 -54.27601737292548
63 66 766.3268742209768 6.956352544705624 -55.87011867915123
63 67 822.9860690975465 5.792800099588419 -57.36774642165324
63 68 881.0623670642833 4.192449225393375 -58.62240611630648
63 69 940.2308813301595 2.2108650287202636 -59.468816467858346
63 70 1000 0.0 12.509822461500164
63 71 915.2112364071592 4.412068142771716 60.43010688638918
63 72 879.1397862272216 6.398379816851673 35.29978219825642
63 73 844.6116720106463 7.938868138136854 33.63682324312839
63 74 811.8661397409649 9.04087624985931 31.807399860870532
63 75 780.9968722889053 9.762160072751954 29.93359669094582
63 76 751.9989463590732 10.177642349991004 28.09326109812031
63 77 724.8103500926646 10.359995792399332 26.328538041674904
63 78 699.3418702757234 10.371284031230516 24.65717971960737
63 79 675.4959906534499 10.261021618844097 23.082123266737142
63 80 653.1776237422491 10.067199425575154 21.59824887498604
63 81 632.2994929034778 9.81831110179968 20.19666371004797
63 82 612.7842963221532 9.535449559533731 18.86721047461816
63 83 594.5650719542415 9.234115801844212 17.599829077891854
63 84 577.5846381663695 8.925656459028687 16.385225989702747
63 85 561.794619974836 8.618358382409951 15.215147332750576
63 86 547.1543435008683 8.31826314528928 14.082436850511783
63 87 533.6297462738124 8.029766024835112 12.980984862997786
63 88 521.1923737748727 7.7560543143480345 11.905628149939218
63 89 509.818489973934 7.499427849956447 10.852033344213623
63 90 499.4883070864455 7.261533882382025 9.816580657492608
63 91 490.1853286589488 7.0435398184039855 8.796255902611989
63 92 481.8957952812215 6.8462608457425915 7.788553933912539
63 93 474.6082207911237 6.670254674427156 6.791394074939575
63 94 468.3130071313424 6.51589217315086 5.803046835781004
63 95 463.0021271195617 6.383410201779782 4.822070660058131
63 96 458.6688658112261 6.272951168271618 3.847257253900608
63 97 455.3076126117605 6.184592566616516 2.87758405015569
63 98 452.91369771091473 6.1183688345576 1.9121724472484516
63 99 451.4832677172636 6.074287200026845 1.0479869438687501
63 100 450.81772382317723

64 0 -456.558502288806
64 1 -457.2423116553757 -6.8389605717028985 1.3340589491500339
64 2 -459.22662018710605 -6.890248877412375 2.480843219558551
64 3 -462.2039980944928 -6.967193342466146 3.4748067833840537
64 4 -466.17623375387416 -7.069807731765991 4.47107229099484
64 5 -471.1461426764825 -7.198097798251126 5.470751976505852
64 6 -477.11773770688586 -7.352045622607903 6.475154721019322
64 7 -484.09645211852114 -7.531587545716775 7.485842905889427
64 8 -492.0894235186647 -7.736583620022458 8.50469830790314
64 9 -501.1058487343274 -7.966775595238232 9.53399947500634
64 10 -511.1574224686774 -8.22172915923295 10.576513389851186
64 11 -522.2588755140298 -8.500754293615955 11.635604579520418
64 12 -534.4286316277182 -8.802794907313569 12.71536504859148
64 13 -547.6896056112128 -9.126274989400258 13.820768265632523
64 14 -562.0701681589833 -9.46888281251978 14.957849462443164
64 15 -577.6053045360991 -9.827266434589774 16.133911836360426
64 16 -594.3379918317041 -10.19660184856292 17.357752241315495
64 17 -612.3208090187301 -10.569978388156187 18.639887604557146
64 18 -631.6177670408184 -10.937523347457386 19.992739207427974
64 19 -652.306287433586 -11.285159415163378 21.43068670634193
64 20 -674.4791404535023 -11.592858784217071 22.969821739469694
64 21 -698.2459309125254 -11.832241829257384 24.627088455921864
64 22 -723.733317365346 -11.963406448992203 26.418265309567346
64 23 -751.0824615316601 -11.931060063623818 28.353898504935387
64 24 -780.4411143752168 -11.66055159984171 30.431886759167412
64 25 -811.9462350499949 -11.05560152896021 32.62519236225165
64 26 -845.6914990997201 -10.001835005932605 34.863869015079615
64 27 -881.6739730801542 -8.383700764440277 37.01388860585672
64 28 -919.7192763114335 -6.125105247857675 38.86343752574078
64 29 -959.4008481316357 -3.258731612362908 40.140361844283234
64 30 -1000 0.0 -35.631292684421
64 31 -888.1382627627937 -5.355134563019135 -86.08099990764975
64 32 -827.8380001847005 -7.444209135250162 -59.31806688570373
64 33 -769.5021289913863 -8.850907985438937 -57.27036496981418
64 34 -713.2972702450721 -9.642407417360857 -55.157479409017526
64 35 -659.1871701733512 -9.943711480117429 -53.13735459996798
64 36 -607.0225610451362 -9.881293035111582 -51.29100233111234
64 37 -556.6051655111265 -9.560466937627723 -49.648491003147285
64 38 -507.7255790388416 -9.061170573382839 -48.21126281283671
64 39 -460.1826398854531 -8.441130628008011 -46.96696094346066
64 40 -413.7916571519203 -7.740864507569768 -45.89801148906844
64 41 -368.38661690731624 -6.988315983428322 -44.986108383104835
64 42 -323.8194403857106 -6.202512097021071 -44.214316804024406
64 43 -279.9579832992674 -5.396248937401708 -43.56790003209508
64 44 -236.68364032152044 -4.577997642193395 -43.03451065100079
64 45 -193.88896199726585 -3.753237192148049 -42.604094644427036
64 46 -151.47545103266637 -2.9253841864011747 -42.26868893255799
64 47 -109.35158413214987 -2.0964464542524155 -42.02220154281888
64 48 -67.43104794702862 -1.2674911421330393 -41.86021594425861
64 49 -25.631152243632634 -0.43899131873853037 -41.779837200460186
64 50 16.128626453891755 0.3889029830436046 -41.77958627693863
64 51 57.928020310244634 1.2161348478362726 -41.85934393952138
64 52 99.84731433293452 2.0425235941919624 -42.02034386566749
64 53 141.96870804157962 2.8675350208608563 -42.26521395506011
64 54 184.37774224305474 3.6900112903158515 -42.59806405870307
64 55 227.16483615898576 4.507827466210955 -43.024616148518135
64 56 270.426974540091 5.3174317277928935 -43.55236748178264
64 57 314.26957112255104 6.1132108529694165 -44.19076547833072
64 58 358.80850549675245 6.886600826248582 -44.95134938507016
64 59 404.17226989269136 7.62483472230889 -45.847768935088595
64 60 450.50404336692964 8.309190754712802 -46.89550852678164
64 61 497.96328694625464 8.912587774632783 -48.111003269301875
64 62 546.7260499055334 9.39641398544427 -49.509600595719945
64 63 596.9824881376945 9.706660706416244 -51.1014776086638
64 64 648.929005122861 9.769958346195438 -52.884214120408444
64 65 702.7509163785114 9.49131206644364 -54.830497235159726
64 66 758.5899995931804 8.757640429137325 -56.870149101068534
64 67 816.4912145806485 7.454695670906119 -58.86896021625722
64 68 876.3279200256949 5.50768826145503 -60.614995327005374
64 69 937.7212052346592 2.9505788240496145 -61.83603998715256
64 70 1000 0.0 13.724050791486889
64 71 910.2731036516855 5.685689920746142 63.9881348849633
64 72 872.0237302300734 8.099376756223876 37.21039087237955
64 73 835.8523219069264 9.833266504813423 35.02477192735171
64 74 801.97418637537 10.955712580480792 32.72528864522519
64 75 770.401744616476 11.592902625475688 30.4699015954277
64 76 741.0343831845146 11.872519538054235 28.339635102457464
64 77 713.722474411561 11.901117599748147 26.364543605318147
64 78 688.3052959738783 11.759898693704656 24.546009785811975
64 79 664.6304548399371 11.50787302471582 22.871556061351782
64 80 642.5621838511747 11.186854757279207 21.323411907139814
64 81 621.9836310256575 10.826092325370325 19.88298315763302
64 82 602.7962175359087 10.44591990018614 18.53293715857893
64 83 584.9177567084996 10.060436828073477 17.25800751579743
64 84 568.2802025043138 9.679405474454313 16.04515825502881
64 85 552.827440198442 9.309572992676976 14.883454832014195
64 86 538.5132928402854 8.955585919951261 13.763821266796924
64 87 525.2997976648481 8.620622790797768 12.678771072391896
64 88 513.1557506955016 8.306833159097494 11.622151656930583
64 89 502.055494350987 8.0156439615198 10.588917621228177
64 90 491.9779154530453 7.747974768997807 9.574936641019661
64 91 482.90562106894765 7.504390154767435 8.576826332545238
64 92 474.8242627879548 7.285208375618311 7.59181843149986
64 93 467.72198420594793 7.0905794670923115 6.617646095205998
64 94 461.5889705975428 6.920541738229076 5.652450312426936
64 95 456.41708358109406 6.775062863985852 4.694701848914804
64 96 452.1995668997132 6.654069874470423 3.7431356648975225
64 97 448.930812251299 6.557471036367389 2.796695220781487
64 98 446.60617645815023 6.485171717763336 1.8544845025897416
64 99 445.22184324611953 6.437085692006264 1.0134281992474428
64 100 444.57932005965534

65 0 -449.5570949642891
65 1 -450.214381784585 -7.203722847989269 1.2940381788363595
65 2 -452.1451713219618 -7.259420426735147 2.4139154845960604
65 3 -455.0422127537771 -7.343074083522225 3.381025992638456
65 4 -458.9072233072387 -7.454816684880768 4.350360021226322
65 5 -463.74293279622975 -7.594820282926975 5.323021572431941
65 6 -469.5532664521026 -7.763287161907527 6.300326636847814
65 7 -476.3435860699254 -7.960436766534741 7.283866424151114
65 8 -484.12099930040483 -8.186486882683255 8.275581995757506
65 9 -492.8947500614404 -8.441626650550745 9.277853822596853
65 10 -502.67670694559854 -8.725977818777807 10.293610661277967
65 11 -513.4819713839963 -9.039538888788712 11.326463251055259
65 12 -525.329633447709 -9.382104129302206 12.380869699862728
65 13 -538.2437107837218 -9.753145354536741 13.462341016340133
65 14 -552.2543154803893 -10.151638055814487 14.57769689219299
65 15 -567.3991045681078 -10.575803692667819 15.735383083481679
65 16 -583.7250816473527 -11.022724709350086 16.945861469499846
65 17 -601.2908275071075 -11.487765107436815 18.222079600964207
65 18 -620.1692408492811 -11.963692686370564 19.580012971441477
65 19 -640.4508534499904 -12.439343267254117 21.03923934299138
65 20 -662.2477195352639 -12.89758564204061 22.623428109264125
65 21 -685.6977096685187 -13.312236144431495 24.360466242488428
65 22 -710.9686520202407 -13.643450839567379 26.281618750493067
65 23 -738.2609471695048 -13.831070838750577 28.41851205418942
65 24 -767.8056761286196 -13.78565709690207 30.795684274810924
65 25 -799.8523157191266 -13.378152144079763 33.414953925048906
65 26 -834.6355839787174 -12.432601139240603 36.22661733890402
65 27 -872.3055503969347 -10.734378460806113 39.084395604790814
65 28 -912.804375188299 -8.08020543113554 41.69369454441278
65 29 -955.6929394857602 -4.407054245940969 43.597812405850505
65 30 -1000 0.0 -36.82422082637362
65 31 -882.044497833013 -7.205722479509745 -90.2859061883712
65 32 -819.4281876232576 -9.787067973577905 -61.220280482849375
65 33 -759.6039368673142 -11.301093097974501 -58.40069428369105
65 34 -702.6267990558755 -11.969109923527014 -55.65665748743953
65 35 -648.2906218924352 -12.040764865874507 -53.169542052531995
65 36 -596.2877149508115 -11.71776582120242 -50.99751064396412
65 37 -546.295600604507 -11.143376868996768 -49.1362048954272
65 38 -498.0153051599571 -10.413354838961112 -47.555863030245575
65 39 -451.1838745440158 -9.589765956169288 -46.22013230614519
65 40 -405.57504054766673 -8.712154447769421 -45.094309921644026
65 41 -360.99525470072774 -7.80539093012726 -44.14829741860652
65 42 -317.2784457104537 -6.88487218232126 -43.35717651263374
65 43 -274.28090167546026 -5.959881211357981 -42.70084006116923
65 44 -231.87676558811523 -5.0357414189498115 -42.16333256973084
65 45 -189.95423653599858 -4.115200014432432 -41.732175988327924
65 46 -148.41241361145939 -3.1993236286882194 -41.39778313844847
65 47 -107.15867025910164 -2.288086231863332 -41.152986340513394
65 48 -66.1064409304326 -1.3807636502352096 -40.99267946769611
65 49 -25.173311323709434 -0.476208057583861 -40.91356244350815
65 50 15.720683956583697 0.4269490432381806 -40.91397650862886
65 51 56.6546416935483 1.330131332292968 -40.99382123706646
65 52 97.70832643071662 2.2346632011349783 -41.154548067435066
65 53 138.96373782841843 3.141602194526655 -41.399229103617245
65 54 180.5067846379511 4.05153208366859 -41.732703658587624
65 55 222.42914514559368 4.964283167577321 -42.16180794137472
65 56 264.83040052070055 5.878532896261419 -42.695694340129535
65 57 307.82053382585275 6.791217324206883 -43.346243510733814
65 58 351.5228875421682 7.696647961555641 -44.12855968862118
65 59 396.0776532030951 8.585173339576272 -45.06150634441025
65 60 441.6459002309887 9.441143443593376 -46.168163435700905
65 61 488.4139800744969 10.239825663179118 -47.47592648206012
65 62 536.5977531951089 10.942800332813533 -49.01564449091282
65 63 586.4452690563226 11.49131176053612 -50.818584793813045
65 64 638.234922782735 11.797311723380574 -52.908969275017114
65 65 692.2632076063568 11.733133336304945 -55.28833528998359
65 66 748.8115933627022 11.124226756822054 -57.906735074688754
65 67 808.0766777557343 9.757397780063684 -60.61769858933553
65 68 870.0469905413732 7.430820803225686 -63.126522963162984
65 69 934.3297236820603 4.082896223685452 -64.97650472931338
65 70 1000 0.0 15.244933558196692
65 71 903.8398565656669 7.553403415977016 68.52948364261306
65 72 862.9410327147739 10.47632581314491 39.447358782323704
65 73 824.9451390010195 12.334779396613499 36.49315906738531
65 74 789.9547145800033 13.35126945754132 33.5670359815328
65 75 757.8110670379539 13.776675366927748 30.85040364851926
65 76 728.2539072829647 13.813999181151416 28.401476072392768
65 77 701.0081148931683 13.607852906611015 26.215917197325325
65 78 675.8220728883141 13.255382720666034 24.263935144575044
65 79 652.4802446040183 12.82007614034137 22.509079330311693
65 80 630.8039142276907 12.342924899891386 20.916468175640546
65 81 610.6473082527372 11.850270253346878 19.455728852954906
65 82 591.8924565217809 11.35900099100138 18.101554977321314
65 83 574.4441982980945 10.879911964298742 16.833314652160027
65 84 558.2258272174608 10.419856000215418 15.634362154306245
65 85 543.175473989482 9.983123467999803 14.491327778247523
65 86 529.2431716609658 9.57233146417343 13.393486648632575
65 87 516.3885006922169 9.189001455399648 12.332232102144019
65 88 504.57870745667776 8.833937935125107 11.30064932066125
65 89 493.7872020508944 8.507478980065827 10.293174954113937
65 90 483.9923575484499 8.209663586177811 9.305326850740244
65 91 475.1765483494139 7.940344420316535 8.333489509232493
65 92 467.3253785299849 7.699264424681104 7.374743246237415
65 93 460.4270618569391 7.4861092573182475 6.4267274375503405
65 94 454.4719236548842 7.3005434307989105 5.487530232674544
65 95 449.45200139159 7.142235353693678 4.555598796299478
65 96 445.36072606228527 7.010874748295834 3.629665426282145
65 97 442.1926705390257 6.906184778226219 2.708685893448603
65 98 439.94335427538806 6.827930460344675 1.7917871028873265
65 99 438.60909633325105 6.775924422696022 0.9758927552516354
65 100 437.9915687648848

66 0 -442.20626510272683
66 1 -442.8348659593972 -7.5410283003180325 1.250757115454462
66 2 -444.70777933363576 -7.600989637445565 2.3414919840255948
66 3 -447.51784992744837 -7.691138798237034 3.2794105252384327
66 4 -451.2666003841126 -7.811733799976025 4.219326091590091
66 5 -455.95650211062855 -7.963122097857962 5.162281499479093
66 6 -461.5911633830708 -8.14573942740492 6.109538237411556
66 7 -468.17557858545166 -8.360107362128872 7.0626431851137
66 8 -475.7164497532982 -8.606828649606285 8.023508423887137
66 9 -484.22259543322593 -8.886578852940943 8.994508538911788
66 10 -493.7054668311218 -9.200091982981974 9.97860115161322
66 11 -504.1797977364524 -9.548136472793544 10.979478268996019
66 12 -515.6644233691138 -9.931475711785453 12.00175858284345
66 13 -528.1833149021393 -10.35080390837851 13.051234339120242
66 14 -541.7668920473543 -10.806642417902083 14.135191124312087
66 15 -556.4536971507634 -11.299172370702252 15.262825182824827
66 16 -572.292542413004 -11.82796389938568 16.4457908265465
66 17 -589.3452788038564 -12.391536036984462 17.698919627536668
66 18 -607.6903816680773 -12.986636684712835 19.04116104761067
66 19 -627.4276008990778 -13.607055543054287 20.496793750671884
66 20 -648.6839691694211 -14.241652038468658 22.096928862292316
66 21 -671.6214586236624 -14.871059404428934 23.881223258395096
66 22 -696.4464156862113 -15.462166693218705 25.899430615248264
66 23 -723.420319854159 -15.958944739565027 28.211692247600695
66 24 -752.8698001814126 -16.267551436310555 30.884805453838226
66 25 -785.1899307618354 -16.233498844948883 33.97824831991312
66 26 -820.8262968212389 -15.611120361447263 37.507642698353266
66 27 -860.2052161585419 -14.036814412782121 41.366284313961785
66 28 -903.5588654491625 -11.051319491486481 45.19076174060592
66 29 -950.5867396397538 -6.288059894751029 48.22056727541877
66 30 -1000 0.0 -38.429960917989774
66 31 -873.7268178037742 -10.10613505774353 -95.86806788122766
66 32 -808.2638642375447 -13.192178482968188 -63.413437504168485
66 33 -746.8999427954373 -14.591764535686877 -59.45240691976329
66 34 -689.3590503980181 -14.886553438848352 -55.89715117691753
66 35 -635.1056404416022 -14.526973222851439 -52.88601049764338
66 36 -583.5870294027313 -13.80038364474234 -50.3936143342346
66 37 -534.318411773133 -12.877006583830791 -48.34408002090598
66 38 -486.8988693609194 -11.854568519607795 -46.65765190000923
66 39 -441.00310797311454 -10.78828677499547 -45.26576055226897
66 40 -396.36734825638143 -9.7088722114662 -44.11363646302641
66 41 -352.7758350470617 -8.63291556605688 -43.15882611765667
66 42 -310.0496960210681 -7.568819285860741 -42.36880708525513
66 43 -268.03822087655146 -6.5201969320644935 -41.718769268723634
66 44 -226.61215748362082 -5.487839679303562 -41.18982945407524
66 45 -185.658561968401 -4.470866970060044 -40.767676854165444
66 46 -145.07680377528993 -3.4674076015945587 -40.44157514998889
66 47 -104.7754116684232 -2.4750074870206404 -40.20364156436587
66 48 -64.6695206465582 -1.4908771169895978 -40.04833776997914
66 49 -24.678736128464912 -0.5120453457641361 -39.972124506986795
66 50 15.274728367415394 0.4645397611315385 -39.973246887061805
66 51 55.2677576456587 1.441936395889062 -40.051629781624584
66 52 95.37798793066456 2.4231411038246904 -40.20887300343381
66 53 135.6855036525263 3.411009763992908 -40.4483450725265
66 54 176.27467807571756 4.408147339028403 -40.77538308565241
66 55 217.23626982383112 5.416738967452616 -41.197615335925306
66 56 258.6699087475682 6.438280667905559 -41.72543332515308
66 57 300.6871364741373 7.473142472279051 -42.372650413036496
66 58 343.41520957364116 8.519852632078198 -43.15739336970077
66 59 387.0019232135388 9.573915381515377 -44.10327345305086
66 60 431.6217564797429 10.625844151672794 -45.240856203178794
66 61 477.4836356198964 11.657871530914036 -46.60934638008172
66 62 524.8404492399063 12.63843824165707 -48.25811449836294
66 63 573.9998646166223 13.513028182373148 -50.24696621809676
66 64 625.3343816760998 14.189286705709378 -52.64239254463962
66 65 679.2846497059015 14.514207360564228 -55.503582201718245
66 66 736.3415460795363 14.243628043891817 -58.845884657309796
66 67 796.9764190205211 13.01551137260509 -62.56236616985359
66 68 861.4662784192435 10.372244428656813 -66.2894968833836
66 69 929.5554127872883 5.948931824431725 -69.26686079037825
66 70 1000 0.0 17.194557983778452
66 71 895.1662968197314 10.469328715768825 74.46446069810821
66 72 851.0710786037836 13.912681273950739 41.99176685301603
66 73 811.1827631136994 15.672756830907133 37.89971557174812
66 74 775.2716474602873 16.332328577098735 34.16718461553944
66 75 742.8483938826205 16.343082789730317 30.932631319037796
66 76 713.4063848222117 15.993762809047553 28.17081264214073
66 77 686.506768598339 15.456057508413323 25.805927144832765
66 78 661.7945305325462 14.829215506007358 23.75823301954233
66 79 638.9903025592544 14.170017543671747 21.959098240577134
66 80 617.876334051392 13.510774555900639 20.35360602014532
66 81 598.2830905189637 12.869714457436487 18.899059248743015
66 82 580.0782155539059 12.256916992556455 17.562578869530796
66 83 563.1579327799021 11.677717315804102 16.31886252501147
66 84 547.440490503883 11.134677019430171 15.14836975872987
66 85 532.8611932624424 10.628739107750334 14.035930295972207
66 86 519.3686299119386 10.159912669097338 12.969699254196769
66 87 506.92179475404885 9.727682827892437 11.940377543343573
66 88 495.4878748252514 9.331258045842702 10.940629181596762
66 89 485.0405363908553 8.969719925449908 9.964643272280881
66 90 475.55858828068966 8.642113951532139 9.00780208127037
66 91 467.0249322283146 8.347504161731308 8.066427171048531
66 92 459.4257339385926 8.085005672861001 7.137583268501572
66 93 452.74976569131144 7.853803592847726 6.218925101323805
66 94 446.987883735945 7.653163591017687 5.308576408802367
66 95 442.1326128737067 7.4824374101394255 4.405033166411727
66 96 438.17781740312154 7.3410653756933755 3.5070850894300634
66 97 435.1184426948466 7.228577193049546 2.613750932830328
66 98 432.9503155374609 7.144591843293483 1.7242241470595445
66 99 431.6699944007275 7.0888170852116446 0.9354687677480911
66 100 431.0793780019647

67 0 -434.53447995479263
67 1 -435.1323251839489 -7.848715066018542 1.2043560461390257
67 2 -436.9431920470707 -7.912711134261713 2.2638049866770587
67 3 -439.65993515730304 -8.009012500174379 3.170281830107996
67 4 -443.2837557072867 -8.13800286754082 4.0783767216053946
67 5 -447.8166886005138 -8.300206325836342 4.989015945003047
67 6 -453.26178759729277 -8.496294578274814 5.903341372576904
67 7 -459.62337134566764 -8.727096064340373 6.822777201949748
67 8 -466.90734200119226 -8.993606923350086 7.749110504945435
67 9 -475.1215923555585 -9.297003578868612 8.684590489221165
67 10 -484.2765229796346 -9.638656399355085 9.632053041425365
67 11 -494.38569843840924 -10.020143290446896 10.59507952225178
67 12 -505.46668202413815 -10.4432609905827 11.578202264277763
67 13 -517.5421029669648 -10.910029901782195 12.587174310223503
67 14 -530.6410306445852 -11.422684815384969 13.629328429869247
67 15 -544.8007598267033 -11.983637641989901 14.714061601998083
67 16 -560.0691538485813 -12.595386887366544 15.853497803217635
67 17 -576.5077554331385 -13.260327665382533 17.06340681563705
67 18 -594.1959674798554 -13.980376821058371 18.364493465371652
67 19 -613.2367423638818 -14.756253090192672 19.784223989235556
67 20 -633.7644154583265 -15.586107802310835 21.35942424788948
67 21 -655.9555908596608 -16.46291835973466 23.13995158773838
67 22 -680.0443186338033 -17.36949694718345 25.193733415356974
67 23 -706.3430576903747 -18.268866789659967 27.61312731109757
67 24 -735.2705732559984 -19.08566382708034 30.521130169427067
67 25 -767.3853180292289 -19.67058442319717 34.0713849999122
67 26 -803.4133432558228 -19.73514081691428 38.42330177107078
67 27 -844.2319215713704 -18.744684118584132 43.644196474751595
67 28 -890.701736205326 -15.7958833185113 49.44244906244387
67 29 -943.1168196962582 -9.691951382073626 54.649131897336986
67 30 -1000 0.0 -40.64229598936612
67 31 -861.8322277175259 -15.029160458315744 -103.47808467133939
67 32 -793.0438306573212 -18.276960207398645 -65.70590996079272
67 33 -730.4204077959405 -18.98021142379696 -60.09506923957122
67 34 -672.8536921781788 -18.451501530221776 -55.59186617460409
67 35 -619.2366754467323 -17.37367748935293 -52.08337225842598
67 36 -568.6869476613268 -16.07371833267291 -49.34754400494347
67 37 -520.5415874368454 -14.704109549622643 -47.190389770292654
67 38 -474.3061681207415 -13.334534960104975 -45.467143221410254
67 39 -429.60730099402485 -11.995347313184197 -44.074435998003594
67 40 -386.15729612473433 -10.698031573011491 -42.938938712705436
67 41 -343.729423568614 -9.444964137405663 -42.00824449300106
67 42 -302.1408071387322 -8.23415299143224 -41.244457878641356
67 43 -261.24050781133127 -7.061576038849836 -40.61986045461205
67 44 -220.9010862295081 -5.922342396694972 -40.11400260772639
67 45 -181.0125025958785 -4.811263753276066 -39.71174391061892
67 46 -141.47759840827027 -3.7231245441077903 -39.401923655409064
67 47 -102.20865528506036 -2.652796452510316 -39.17645585590843
67 48 -63.1246866964534 -1.595272150946176 -39.029717326439595
67 49 -24.149220632181162 -0.5456576227230912 -38.958145565387014
67 50 14.79160443432062 0.5008557583346391 -38.95999476697567
67 51 53.770768901770175 1.5490273532796088 -39.03521989437331
67 52 92.86204422306724 2.60360367306523 -39.18547469933122
67 53 132.14171830043261 3.6693480336083297 -39.41422286841353
67 54 171.6904899598943 4.751054444220074 -39.726974455127916
67 55 211.59566721068845 5.853531283952648 -40.13167461249756
67 56 251.95383918488943 6.981529379098788 -40.6392908353031
67 57 292.87424888129465 8.139568360130397 -41.264671546561175
67 58 334.4831822780118 9.331576064006697 -42.027786779384854
67 59 376.92982244006436 10.560181159403697 -42.95551482481565
67 60 420.3942119276431 11.825354814330751 -44.084207286302245
67 61 465.09823701266885 13.121814078633122 -45.46333239207584
67 62 511.32087671179477 14.434040175335838 -47.16048783945371
67 63 559.4192126915763 15.726665442534284 -49.26773632976074
67 64 609.8563493713162 16.925889695605804 -51.907790096826034
67 65 663.2347928852283 17.88395246928252 -55.23399395180115
67 66 720.3243372749185 18.31393363248594 -59.40543106264789
67 67 782.0456550105241 17.682857529386524 -64.48908220457054
67 68 849.3025016840596 15.089291393534722 -70.19310251133635
67 69 922.4318600331968 9.338631220918614 -75.34874915797019
67 70 1000 0.0 19.765330449533792
67 71 882.9011991341292 15.405778308878268 82.4421649165638
67 72 835.1156701668724 19.025514935222816 44.65078689746201
67 73 793.5996253392052 20.104222335715804 38.9128063705333
67 74 757.2900574258058 19.955364779981664 34.23736194035598
67 75 725.1249014584932 19.263089345667026 30.51183788046808
67 76 696.2663816648696 18.35588762632659 27.514450791075774
67 77 670.0959998763417 17.38785760866125 25.05136989428513
67 78 646.1636418762994 16.430350365082177 22.977895179833467
67 79 624.1402095166748 15.515427434027117 21.190638380204973
67 80 603.7823651158894 14.656324677490318 19.616165089405285
67 81 584.9078793378642 13.857217962519712 18.20187128961072
67 82 567.378622536668 13.117972484270751 16.90955783568893
67 83 551.0887636664863 12.4364917904403 15.711074679033743
67 84 535.9564731786005 11.809890937004468 14.585383946252477
67 85 521.9179957739814 11.235080854545231 13.51656342791469
67 86 508.9233463227711 10.70905277903421 12.492430368774677
67 87 496.933135036432 10.229008364512708 11.503577478889383
67 88 485.91619136499236 9.792410433012321 10.542686418218722
67 89 475.8477621999946 9.396993567540306 9.604030859803373
67 90 466.7081296453856 9.040755258026621 8.683111087021643
67 91 458.4815400259513 8.721938560162698 7.7763812305613556
67 92 451.1553671842629 8.439012013730974 6.8810426773538325
67 93 444.7194546712436 8.190649754823596 5.9948853557070265
67 94 439.16559647284885 7.975713236684186 5.116164049966244
67 95 434.48712657131114 7.793235159395209 4.243500580975166
67 96 430.6785953108985 7.642405782436214 3.375805209192265
67 97 427.7355161529266 7.522561582823471 2.512212361048711
67 98 425.6541705888011 7.4331761290866325 1.6520269950494253
67 99 424.43146216282776 7.3738530141805825 0.8922955849542973
67 100 423.8695794188925

68 0 -426.572280610256
68 1 -427.1374358273601 -8.124736040987727 1.1550382274281787
68 2 -428.88235706511233 -8.19245435495398 2.1811945498697582
68 3 -431.4998249270996 -8.294434842434612 3.0541187919593256
68 4 -434.990594649031 -8.431181553535225 3.9281322659281273
68 5 -439.35608945895586 -8.603387980847486 4.803989788745099
68 6 -444.5985742265212 -8.811952644752608 5.682648498907525
68 7 -450.7213864567709 -9.05799982735769 6.565330840038428
68 8 -457.72923590659803 -9.342906375228011 7.453600909358897
68 9 -465.6285882754887 -9.668335761198136 8.349459062906789
68 10 -474.4281540324116 -10.036280906145635 9.255461440034935
68 11 -484.1395111555586 -10.4491176038822 10.174873677768403
68 12 -494.7779013879484 -10.909670731806415 11.111871971508151
68 13 -506.3632550985749 -11.421295675335955 12.071810514317974
68 14 -518.9215224165844 -11.987977330024762 13.061583384104381
68 15 -532.4864218667836 -12.614448186755737 14.090123110843251
68 16 -547.1017686382709 -13.30632427773611 15.169100803153867
68 17 -562.8246234730914 -14.070250780157494 16.31392969384484
68 18 -579.7296280259606 -14.914032491861349 17.545235622800533
68 19 -597.9150947186924 -15.84668598666974 18.89106276941942
68 20 -617.5117535647994 -16.878261436399953 20.39026359275033
68 21 -638.6956219041931 -18.0190742191744 22.09783411352248
68 22 -661.7074217918444 -19.277490438484733 24.093482185322955
68 23 -686.882586274839 -20.654200587035064 26.495525367703806
68 24 -714.698472527252 -22.127907192720727 29.483087820301023
68 25 -745.8487619154411 -23.619811974196352 33.32877133007918
68 26 -781.3560151874103 -24.905739464531337 38.4335430029663
68 27 -822.7158479213737 -25.402819105688536 45.305541812364766
68 28 -871.9670988121399 -23.688959147449452 54.24349447711643
68 29 -931.2028368756065 -16.680522127346137 64.01645059393007
68 30 -1000 0.0 -43.76716999423189
68 31 -843.6684968871427 -24.295847978226675 -114.1450280886263
68 32 -771.7099438227474 -25.89704800585787 -67.3644884696497
68 33 -708.9395199478433 -24.591719179665915 -59.62694824258642
68 34 -652.4560473375745 -22.557274656990216 -54.2906172424735
68 35 -600.3582854628963 -20.43490929810605 -50.50822730009452
68 36 -551.4395927373855 -18.409777309056665 -47.72404639450431
68 37 -504.9101926738877 -16.524912225358975 -45.60489664833804
68 38 -460.2297994407094 -14.778478195658181 -43.94888966357078
68 39 -417.01241334674614 -13.15550030113127 -42.62925716517549
68 40 -374.97128511035845 -11.638481010818452 -41.563253287247875
68 41 -333.8859067722504 -10.210845595421716 -40.69494753607742
68 42 -293.5813900382036 -8.85787267976579 -39.9854189866993
68 43 -253.9150687988518 -7.566746460900262 -39.40695867398637
68 44 -214.76747269023087 -6.3263256220928525 -38.93951716850147
68 45 -176.03603446184886 -5.126846640422997 -38.56845900157826
68 46 -137.63055468707435 -3.9596375760408904 -38.28310784922314
68 47 -99.46981876340257 -2.8168644377247247 -38.07578917120425
68 48 -61.478976344665845 -1.6913119076270426 -37.941198940191924
68 49 -23.58742088301873 -0.5761930628940615 -37.87599659770598
68 50 14.273016850746115 0.5350193102784102 -37.87856191105911
68 51 52.16970293909948 1.6487473772992303 -37.94888186689399
68 52 90.1707805845341 2.7714560056584787 -38.088552323105084
68 53 128.34680758530965 3.909800070831807 -38.300894301371656
68 54 166.7725691872774 5.07077690391489 -38.59119983530809
68 55 205.52920725592583 6.261887923944144 -38.96714040104659
68 56 244.7068499893706 7.491310215126731 -39.43939624897533
68 57 284.4079997538765 8.768071385218832 -40.02260372812859
68 58 324.75205744562777 10.102204106824388 -40.73678057042747
68 59 365.8815608947314 11.504818059014326 -41.609494702726806
68 60 407.9710468510814 12.987937955750112 -42.67922328394937
68 61 451.24000746263016 14.563748353897324 -44.00066101907663
68 62 495.97236888923464 16.24238997258314 -45.65326313446178
68 63 542.5465337315537 18.02624279823914 -47.75511669782679
68 64 591.4826022848882 19.89562436769728 -50.485105517891384
68 65 643.5167447673365 21.773295783870424 -54.11553826483811
68 66 699.7136788145644 23.436631726400663 -59.04697959720579
68 67 761.6107039617481 24.30442654516446 -65.78700840880481
68 68 831.2876956321741 22.956680901377638 -74.63372319185152
68 69 910.8781503454511 16.312905489349646 -84.35615218391297
68 70 1000 0.0 23.261705071738106
68 71 864.3547402019749 24.682696634325907 93.48997563333103
68 72 813.020048733338 26.67009607620645 46.690210879853566
68 73 770.9743184422678 25.75433747589193 38.829565416506966
68 74 735.360917900324 24.11353706810951 33.32605162549066
68 75 704.3222151912864 22.390439031063238 29.333154165382723
68 76 676.6946095695586 20.771949490494535 26.295580905134955
68 77 651.7310533810165 19.302903539839747 23.88038988358835
68 78 628.9338298023819 17.983289500264334 21.8858028449082
68 79 607.9594476912001 16.799984722825855 20.185072552985275
68 80 588.5636846964113 15.73738566276512 18.695396548637916
68 81 570.5686545939243 14.780868930609813 17.36070705552345
68 82 553.8422705853644 13.917738339893049 16.141852697451384
68 83 538.2849491990215 13.137294682310369 15.010780977745185
68 84 523.820708629874 12.430623850900304 13.946958822834802
68 85 510.3910315533519 11.790321739184208 12.935092138001949
68 86 497.95052435387015 11.210232838034955 11.963626764164246
68 87 486.46377802502343 10.685225587797078 11.023735197321685
68 88 475.9030539592268 10.211007405873346 10.10861438462436
68 89 466.2465492557747 9.78397539105589 9.212988097295181
68 90 457.4770777646364 9.401096941564617 8.332747073892762
68 91 449.5810551079892 9.059814678928461 7.464683926752883
68 92 442.54770991113065 8.757970843273483 6.60629446316247
68 93 436.36846618166425 8.493747206994612 5.755626324277017
68 94 431.0364572625766 8.265617358879581 4.91116181337398
68 95 426.5461425549163 8.072308887852216 4.0717257121637545
68 96 422.8930058382491 7.91277354442056 3.236411512858325
68 97 420.07331952919964 7.786163896035731 2.404521279480747
68 98 418.0839632792876 7.691815341088841 1.5755155784166561
68 99 416.9222883723663 7.629232625068312 0.8465643163329446
68 100 416.3908346466217

69 0 -418.3521464583546
69 1 -418.88285310197347 -8.367201924228937 1.103068439404069
69 2 -420.5582833371627 -8.438250347345843 2.0941061852301743
69 3 -423.0710654724338 -8.545312861001008 2.931554631526751
69 4 -426.4213926002162 -8.689002700546439 3.76942358319252
69 5 -430.60991263881886 -8.870167100872294 4.6082448537856635
69 6 -435.63788230778755 -9.089910541211196 5.4487295260667
69 7 -441.50737169095225 -9.349626157923979 6.291823471474345
69 8 -448.22152925073624 -9.65103718018841 7.138774571104989
69 9 -455.78492083316223 -9.996250948040341 7.991215958303542
69 10 -464.2039611673433 -10.387829026429188 8.851271198741301
69 11 -473.48746323064483 -10.828878247579553 9.721689696591
69 12 -483.6473405605253 -11.323169367552907 10.606024192824009
69 13 -494.69951161629285 -11.875292668400448 11.508867712005156
69 14 -506.66507598453563 -12.49086366541681 12.436175918449464
69 15 -519.5718634531918 -13.176797686741736 13.395714654286735
69 16 -533.4565052931091 -13.941680388524219 14.397695209815879
69 17 -548.3672538728235 -14.796273607275339 15.455698601511813
69 18 -564.3679024961327 -15.754214230648529 16.588058258859405
69 19 -581.5433703905423 -16.832990203919394 17.819995044696952
69 20 -600.0078925855266 -18.055313236121435 19.18703601538482
69 21 -619.917442421312 -19.45104448408705 20.7407225856536
69 22 -641.4893377568338 -21.059823297038804 22.55860704749631
69 23 -665.0346565163046 -22.93431473349773 24.762710556861578
69 24 -691.014758870557 -25.142804405764025 27.55551878226578
69 25 -720.1456940808362 -27.76490697576486 31.293552728101588
69 26 -753.6018643267602 -30.854187124064367 36.6402946395786
69 27 -793.4262833599934 -34.26040158780154 44.86097679183348
69 28 -843.3238179104271 -36.86588098518001 58.16474604078627
69 29 -909.7557754415659 -33.33444222283492 78.33809104478644
69 30 -1000 0.0 -48.25762184024666
69 31 -813.2405317610726 -44.14027281544202 -129.37513267719726
69 32 -741.2497346456055 -36.41113128227613 -66.00178116223196
69 33 -681.2369694366087 -30.921311922511904 -56.755295890703565
69 34 -627.7391428641984 -26.741199776197504 -51.43505629304423
69 35 -578.3668568505202 -23.390219037988402 -47.93587491049243
69 36 -531.8673930432135 -20.597824620919994 -45.4375469321964
69 37 -487.4917629861274 -18.20037986131078 -43.55909065689417
69 38 -444.74921172942516 -16.092822804310373 -42.09773129718255
69 39 -403.2963003917623 -14.20425192234319 -40.934438813163865
69 40 -362.8803341030974 -12.484754878108134 -39.99428400699588
69 41 -323.30773237777055 -10.897885282568353 -39.227636161948396
69 42 -284.42506177920063 -9.41614801854837 -38.6003587441199
69 43 -246.10701488953075 -8.018170931231197 -38.088313396939114
69 44 -208.2484349853224 -6.686864093740596 -37.674102787249126
69 45 -170.7588093150325 -5.408179282934256 -37.34505586456696
69 46 -133.5583232561885 -4.170245511603937 -37.09194145271079
69 47 -96.57492640961091 -2.9627456448243876 -36.908130187494585
69 48 -59.74206288119932 -1.7764496017624403 -36.789045951608934
69 49 -22.99683450639304 -0.6028489882167722 -36.73181434748156
69 50 13.7215658137638 0.5661446968399995 -36.735054326782375
69 51 50.473274147171715 1.738466059694776 -36.79878319899324
69 52 87.31913221175029 2.922148352641038 -36.92442200579865
69 53 124.322118158769 4.125582762461079 -37.11490197015712
69 54 161.54893615206453 5.357805284982973 -37.37488660201558
69 55 199.07189136280016 6.628835451483155 -37.71114130128572
69 56 236.97121875463597 7.950097950599286 -38.13310737402841
69 57 275.338106110857 9.334969446886504 -38.65377765486352
69 58 314.278774064363 10.79951038449974 -39.29104010558936
69 59 353.9201863220357 12.363467394004232 -40.06978097588993
69 60 394.41833601614286 14.051666868823474 -41.02527699141925
69 61 435.9707403048742 15.895956537273491 -42.20888037524281
69 62 478.8360967666285 17.937845193188025 -43.697993395111894
69 63 523.366727095098 20.231755883079614 -45.6145019346466
69 64 570.0651006359217 22.847620385820164 -48.16073711119475
69 65 619.6882013174875 25.86658179344022 -51.69298659309777
69 66 673.4510738221172 29.34361353490084 -56.874300301353856
69 67 733.4368019201952 33.12981848959407 -64.96903302959356
69 68 803.3891398813043 36.10919332066817 -78.18462356715116
69 69 889.8060490544975 32.94948310793103 -98.30543005934783
69 70 1000 0.0 28.135121594510053
69 71 833.5358058654774 44.53111273617344 109.11226099277025
69 72 781.7754780144595 37.205227251392216 45.722427739028035
69 73 742.0909503874213 32.11842491434504 36.35624736243636
69 74 709.0629832895868 28.34422813945895 30.87346349552729
69 75 680.3440233963668 25.404502253486385 27.170250302853105
69 76 654.7224826838806 23.03084535969191 24.426915299852283
69 77 631.4901927966622 21.061637325812455 22.26270990405493
69 78 610.1970628757707 19.39379064431114 20.474976362819575
69 79 590.540240071023 17.95838471809128 18.94473454270576
69 80 572.3075937903592 16.70752741737948 17.597049297189244
69 81 555.3461414766446 15.606857815290596 16.38222396673865
69 82 539.5431458568819 14.631055130505445 15.265983587389485
69 83 524.8141743018656 13.76103424743468 14.223960190040998
69 84 511.0952254767999 12.98213080502299 13.238411003126316
69 85 498.33735229561296 12.282890007252348 12.296172415049341
69 86 486.5028806467012 11.654236543759254 11.387334217387547
69 87 475.56268386083786 11.088892417785047 10.504352046727774
69 88 465.49417655324567 10.580960365745085 9.641436221477534
69 89 456.2798114178828 10.125620522367399 8.794120395494645
69 90 447.9059357622564 9.718906184020227 7.958950374894215
69 91 440.36191066809437 9.35753588194541 7.133255132270222
69 92 433.63942549771593 9.038786245890037 6.314975205419984
69 93 427.7319602572544 8.760394896847316 5.502531871313124
69 94 422.6343617550897 8.520485788344615 4.694725730823848
69 95 418.3425087956067 8.317511584060611 3.8906567665161447
69 96 414.8530482220574 8.150209165812015 3.08966021737578
69 97 412.16318836085514 8.01756543202157 2.291254157716992
69 98 410.2705399066234 7.918791316185491 1.495095724082006
69 99 409.17299691269113 7.853302522413571 0.7985162188999197
69 100 408.6735074688236

70 0 -409.90831892649925
70 1 -410.4030319789022 -8.574422309342367 1.0487687219606983
70 2 -412.00585637042064 -8.648336560886065 2.0030836130976866
70 3 -414.4091992050976 -8.759771652339793 2.8033664387587294
70 4 -417.6125892479381 -8.909433523434984 3.6032780260568416
70 5 -421.6157552572113 -9.09829976706402 4.403081948080342
70 6 -426.4187531440988 -9.327649199055287 5.203189441855841
70 7 -432.02213414092296 -9.599102077669784 6.0042042010612136
70 8 -438.4271615462212 -9.914673590284025 6.806976119242535
70 9 -445.636086379408 -10.276844284741628 7.612667216666011
70 10 -453.65249597955324 -10.688652605389677 8.422834140495723
70 11 -462.4817546603995 -11.153816817444067 9.239533336644683
70 12 -472.1315626528426 -11.676896712959802 10.065457550687256
70 13 -482.612669761774 -12.263510144861812 10.90411621645407
70 14 -493.93979508575075 -12.920626556277398 11.760078365763093
70 15 -506.1328264933002 -13.656970833842934 12.639306387735843
70 16 -519.2184078612224 -14.48358877293387 13.549624882620265
70 17 -533.2320762585407 -15.414655191959753 14.501395851720531
70 18 -548.2211995646635 -16.46865664376304 15.508519026156478
70 19 -564.2491143108537 -17.670171071194886 16.589963763946514
70 20 -581.4011270925565 -19.05263416972548 17.772209312582675
70 21 -599.793532936019 -20.662807628944392 19.093324052605112
70 22 -619.5877751977667 -22.568333206686987 20.610211935912275
70 23 -641.0139568078436 -24.871222293976018 22.412544258978585
70 24 -664.4128637157239 -27.733587313358157 24.652495578033893
70 25 -690.3189479639113 -31.430769611473238 27.617388611778836
70 26 -719.6476409392816 -36.471761025764124 31.938048390929623
70 27 -754.1950447457706 -43.90258122387985 39.29384795124912
70 28 -798.2353368417798 -56.161665121265514 55.169453842083044
70 29 -864.5339524299367 -79.77516839541363 100.88233157911009
70 30 -1000 -134.7556470687257 -54.57300058683899
70 31 -755.3879512562587 -59.74210936672847 -150.55615937090244
70 32 -698.8876812581951 -44.67038940742651 -54.14552757671959
70 33 -647.0968961028195 -35.92829692900483 -49.957016736507796
70 34 -598.9736477851795 -30.084943850477714 -46.75952435795
70 35 -553.5778473869195 -25.777323958976638 -44.36485214481701
70 36 -510.2439434955455 -22.3824746386544 -42.53420721782669
70 37 -468.50943295126615 -19.5785090743274 -41.09989483172842
70 38 -428.0441538320887 -17.181604829818923 -39.95276172460319
70 39 -388.60390950205976 -15.078137836376754 -39.02118923897325
70 40 -350.0017753541422 -13.19332641542502 -38.25688664747304
70 41 -312.0901362071137 -11.475382945853426 -37.62634067651766
70 42 -274.74909400110687 -9.88687848368022 -37.105704635362144
70 43 -237.8787269363894 -8.399734105277744 -36.67767474917859
70 44 -201.39374450274968 -6.992158760705635 -36.32952552020453
70 45 -165.21967589598034 -5.646689642700281 -36.051840419441604
70 46 -129.29006366386648 -4.348884824070268 -35.837674211113274
70 47 -93.5443274737538 -3.086414900917447 -35.681993261362756
70 48 -57.926077141140965 -1.8484040325864228 -35.58130228358431
70 49 -22.381722906585185 -0.6249275036785917 -35.53340229910354
70 50 13.140727457066117 0.5933952626181043 -35.53724686314756
70 51 48.69277081970993 1.8157555812635806 -35.59287821109295
70 52 84.32648387925202 3.051492510957516 -35.701435620338785
70 53 120.09564206038749 4.310443158429521 -35.86523736902972
70 54 156.05695861731147 5.603339565588968 -36.08794714628601
70 55 192.27153635295952 6.942293302960735 -36.37484773543028
70 56 228.80665408817202 8.341424596736076 -36.73326225357198
70 57 265.7380608601035 9.817720996043434 -37.17319129422813
70 58 303.1530366766283 11.392260368475092 -37.70828262330974
70 59 341.15462610672296 13.092022553064709 -38.35733821840307
70 60 379.86771311343443 14.95268069445521 -39.14673414068011
70 61 419.4480943880832 17.02308796303896 -40.11448269471208
70 62 460.0966785028586 19.372843192806016 -41.31746378865566
70 63 502.0830219653945 22.105783036241036 -42.845341505194654
70 64 545.7873615132479 25.385701477970088 -44.85027960753078
70 65 591.783581180456 29.489437506696788 -47.61954511575743
70 66 641.0264517447628 34.92719151241698 -51.78374290105194
70 67 695.3510669825599 42.74562737850789 -59.02142862303748
70 68 759.0693089908377 55.3824828669421 -74.81405857351456
70 69 844.979184129589 79.3594492383661 -120.46534550458114
70 70 1000 134.67247152658268 34.84333469998052
70 71 775.292514729628 60.141893268674494 130.69520288472324
70 72 738.6095942305535 45.48566508644819 34.27752305802517
70 73 706.7374686135777 37.15694626284272 29.9685663045737
70 74 678.6724616214061 31.72937347876615 26.612128964632007
70 75 653.5132106843137 27.842876844446437 24.019771385615684
70 76 630.6329188501747 24.876856986244775 21.952715977461025
70 77 609.6077787293916 22.511573411428174 20.24333516820758
70 78 590.1462485137596 20.565278914601038 18.782550237187024
70 79 572.0426782550176 18.92642513390183 17.498809326053617
70 80 555.1486298616524 17.522349654223092 16.34386964583723
70 81 539.3549389633431 16.303459567323387 15.284234768649412
70 82 524.5801603243535 15.234624280265507 14.296029129595468
70 83 510.76288070415217 14.29019518285088 13.36185665226273
70 84 497.85644701982807 13.450974418617477 12.46881458265247
70 85 485.8252515388472 12.70229078272655 11.607197876738212
70 86 474.64205126635164 12.032734547685607 10.769629174696945
70 87 464.28599318945334 11.433300343889755 9.950459019307516
70 88 454.7411332277366 10.896791501529151 9.145342489206712
70 89 445.9953082110399 10.4173969566869 8.350933915570323
70 90 438.03926539659597 9.990385045538403 7.564662433470772
70 91 430.86598334409837 9.611878318789678 6.784563988622693
70 92 424.4701374193506 9.278685689373845 6.009153478064377
70 93 418.8476763879696 8.988175926166605 5.237325866731595
70 94 413.9954856858874 8.738181496256857 4.4682785005872745
70 95 409.91111938679506 8.526925066627854 3.7014490896311543
70 96 406.5925875066251 8.352963217127467 2.936465360819284
70 97 404.0381886651565 8.215143466623715 2.1731034298542227
70 98 402.24638064691663 8.112571809395888 1.4112526688086575
70 99 401.2156833275392 8.04458875082068 0.7484388947480625
70 100 400.7495028574205

71 0 -401.2765873446683
71 1 -401.73400848328873 -8.744942892626938 0.9925114353611377
71 2 -403.2616102153906 -8.821197428736582 1.9087568422327479
71 3 -405.55152216775423 -8.936200332084752 2.670457668977832
71 4 -408.60252555334625 -9.090729368554946 3.430895468468293
71 5 -412.4133131046908 -9.285862727809047 4.190029178165361
71 6 -416.982583909677 -9.523013064454972 4.947927215460936
71 7 -422.3091675356127 -9.803973885841174 5.704799080245607
71 8 -428.3921820701682 -10.130981384662334 6.461032364033144
71 9 -435.231232263679 -10.506796087464778 7.217236943197889
71 10 -442.82665595656397 -10.934810481608565 7.974298666038862
71 11 -451.1798295957567 -11.419191365817426 8.733445589020874
71 12 -460.2935471346057 -11.965069475852601 9.496330865406264
71 13 -470.17249132656923 -12.578794671036945 10.26513786868756
71 14 -480.82382287198084 -13.268283803730043 11.042715229468342
71 15 -492.2579217855059 -14.043502345290335 11.832752437630262
71 16 -504.48932774724136 -14.917143461970483 12.64001085169906
71 17 -517.537943488904 -15.905606004353473 13.470630730682643
71 18 -531.4305892086066 -17.030438058105915 14.332542379624272
71 19 -546.2030282481526 -18.320529479501374 15.236017518734513
71 20 -561.9026242460757 -19.815555137084687 16.194399457635313
71 21 -578.5918271634232 -21.57159908180944 17.225023548692093
71 22 -596.3526713434599 -23.670779598670777 18.350192382464684
71 23 -615.2922119283526 -26.23866571138666 19.597456450190407
71 24 -635.5475842438407 -29.47797282768738 20.99597146476856
71 25 -657.2841548578897 -33.73917400937739 22.55537901569562
71 26 -680.6583422752319 -39.6829653054935 24.168483027171987
71 27 -705.6211209122337 -48.69546569230482 25.17107269633209
71 28 -731.0004876678961 -64.07391292154898 22.29215886925249
71 29 -750.2054386507386 -94.80222830962208 -0.25589090267374104
71 30 -730.4887058625486 -168.8234175024869 -28.224562811561498
71 31 -693.7563130276156 -59.0167030146705 -39.289875015898076
71 32 -651.9089558307525 -46.583120742078165 -42.18796872450832
71 33 -609.380375578599 -38.022545525430985 -42.169850333754766
71 34 -567.5692551632429 -31.88106265812121 -41.284083323016034
71 35 -526.8122089325669 -27.241386446864908 -40.23340569866912
71 36 -487.1024437659047 -23.567278499483194 -39.23873204754716
71 37 -448.3347448374726 -20.541714609393807 -38.35822084805869
71 38 -410.3860020697873 -17.970040090561042 -37.5973600592319
71 39 -373.1400247190088 -15.727304494142857 -36.94616039876996
71 40 -336.4936812722474 -13.729732299238322 -36.391529116472555
71 41 -300.3569664860637 -11.918849159667701 -35.9211882302036
71 42 -264.6513048118402 -10.252314925847202 -35.52470990354422
71 43 -229.30754667897526 -8.69841659225851 -35.19359367396453
71 44 -194.26411746391113 -7.232629826936133 -34.92105832467166
71 45 -159.46543002963193 -5.835391196646128 -34.70178192793159
71 46 -124.86055360804795 -4.4906016584651525 -34.53166671092796
71 47 -90.40209660777602 -3.1845831829274758 -34.40764939601074
71 48 -56.04525481602647 -1.9053207612017253 -34.32755855437008
71 49 -21.746979499035856 -0.6418841660571335 -34.29001505227703
71 50 12.534775288527591 0.6160407205604805 -34.2943712418402
71 51 46.841762984644554 1.8785612731834647 -34.340685950653835
71 52 81.21614718983525 3.155968273836905 -34.4297344286327
71 53 115.70123184190996 4.459143785102967 -34.56305491552567
71 54 150.3422570208866 5.800026733728032 -34.743036457484365
71 55 185.1873047568787 7.192186299371215 -34.97305627013861
71 56 220.28836956116382 8.651573212381933 -35.257679680945714
71 57 255.70266411877012 10.197555021205673 -35.6029418831245
71 58 291.4942533274128 11.854405276474694 -36.016738548568085
71 59 327.7361412159063 13.653532379996648 -36.50936064990981
71 60 364.51297462723244 15.636951342998117 -37.094211581444995
71 61 401.9245643787963 17.862929416199705 -37.78871787689201
71 62 440.09041038101645 20.41562529302476 -38.61529832190982
71 63 479.1551610226159 23.42251053920137 -39.601643649482526
71 64 519.2936976799815 27.088055526581627 -40.777082640738996
71 65 560.7093263040939 31.76430242242685 -42.15149655865088
71 66 603.5966907972833 38.11322636196013 -43.61811042954275
71 67 647.9455471631794 47.52165707953071 -44.513741675068445
71 68 692.6241741474201 63.28617778767625 -41.57080170729296
71 69 731.0871505777653 94.38617517329152 -19.015441399707242
71 70 730.6550569468346 168.74748605138376 8.917565624818451
71 71 713.2520193281284 59.43676600801501 19.925454552635756
71 72 690.8041478415631 47.42156994622229 22.737480733196264
71 73 667.7770578617359 39.28025118277503 22.59995575475432
71 74 645.6042363320545 33.561514853778306 21.559394077131003
71 75 624.6582697074739 29.35049299365039 20.31773381033173
71 76 604.968768711391 26.11317457517748 19.09561186683402
71 77 586.4670459738059 23.53466521449036 17.951131832411193
71 78 569.0665050465686 21.422413837159354 16.88982808529323
71 79 552.6873898032194 19.653596351147485 15.901805282327814
71 80 537.262894481913 18.14662248670834 14.9740837306108
71 81 522.7392223419978 16.845292409245474 14.094498592781065
71 82 509.0738972963509 15.709658680193343 13.252719202916978
71 83 496.23378393616383 14.710549572534376 12.440310328392968
71 84 484.19327663956494 13.826164593523544 11.650506603001986
71 85 472.93277073015986 13.039886377141698 10.87793254411747
71 86 462.43741155133 12.338831760808517 10.118343778550752
71 87 452.69608317305835 11.712866636155667 9.368409000571319
71 88 443.70059355018736 11.15392033788396 8.62553283427468
71 89 435.445017504509 10.655498629689191 7.887713939503897
71 90 427.92516567117957 10.212331515746229 7.153431736996993
71 91 421.138154030515 9.82011457095166 6.421555776105663
71 92 415.08205411896824 9.475316425500182 5.69127281279691
71 93 409.7556084049212 9.17503390659175 4.9620276781961365
71 94 405.15799876257597 8.916882108549487 4.233474871285097
71 95 401.288658662351 8.698910495499462 3.505438487386755
71 96 398.14712178780246 8.519538739422586 2.777878617371641
71 97 395.7329014276077 8.377507793617582 2.050862749985413
71 98 394.04539628783164 8.27184297037681 1.3245410082789704
71 99 393.0838194110498 8.201826707948328 0.6966604430579935
71 100 392.65207540171565

72 0 -392.49404153512836
72 1 -392.91314619364834 -8.8775770367686 0.9347099889095603
72 2 -394.3634615129475 -8.955598722165774 1.8118261736398722
72 3 -396.5367985409281 -9.0732908326072 2.533834498940365
72 4 -399.4311305108282 -9.231478950235072 3.253615630332547
72 5 -403.0440298015932 -9.431307591683776 3.970798252180316
72 6 -407.37272701518884 -9.674276535439645 4.685078283823714
72 7 -412.4141863692406 -9.96229025648364 5.396235880853851
72 8 -418.16519877689655 -10.297723703063838 6.10415391761893
72 9 -424.62249420447847 -10.683508959578063 6.8088381197197805
72 10 -431.7828750163361 -11.123249166504365 7.510438862143076
72 11 -439.6433719287646 -11.621368675822453 8.209274342400647
72 12 -448.2014237011374 -12.183312217663769 8.905854245467737
72 13 -457.4550804197001 -12.815811491791806 9.60090188857663
72 14 -467.40322747829066 -13.527246132055268 10.295370691509703
72 15 -478.0458218027195 -14.32813917271477 10.990446729495403
72 16 -489.38412093728147 -15.231847932448119 11.687521223557127
72 17 -501.42086424983376 -16.25554473917944 12.388101255585099
72 18 -514.1603234484517 -17.42163716392389 13.093595551008576
72 19 -527.6080553518509 -18.759870590185272 13.804846684967742
72 20 -541.7700168183871 -20.31051632511992 14.52113971027461
72 21 -556.6503347724001 -22.129328787260533 15.238099591019022
72 22 -572.2462160004252 -24.295445826950413 15.943145306335055
72 23 -588.5366253850702 -26.924235035709216 16.60535102996198
72 24 -605.4569180603492 -30.188298550270872 17.15198728004316
72 25 -622.8405999451566 -34.35058953210722 17.41239613397272
72 26 -640.2817103282946 -39.80794751102684 16.981756708002195
72 27 -656.804113361161 -47.100116817645755 14.902900335193635
72 28 -670.0875109986819 -56.60567223622206 9.062691224765786
72 29 -674.9294958106925 -66.48859574084668 -3.8671730018278367
72 30 -662.3531649950262 -61.852431252840574 -18.787475291887404
72 31 -637.3545452269177 -53.01731046927631 -28.315862610493696
72 32 -605.7214397740388 -44.605945715480175 -33.151370087480075
72 33 -571.0518050519576 -37.68342809306051 -35.25495865255084
72 34 -535.2115224689371 -32.163144232340755 -35.97836527938392
72 35 -499.0950744931897 -27.729282889948877 -36.05106798617899
72 36 -463.10938649657913 -24.09428516376647 -35.83453538035559
72 37 -427.42600373247853 -21.042916828380214 -35.50265642280627
72 38 -392.1040736509666 -18.422412156785015 -35.13835160935224
72 39 -357.14930051377405 -16.125062085602394 -34.78088144765053
72 40 -322.54231075566554 -14.073998092248644 -34.44843131299788
72 41 -288.2524378877783 -12.213245676396696 -34.14892330312654
72 42 -254.24446414941247 -10.501075096646943 -33.885272067952954
72 43 -220.48189375187238 -8.905588855707876 -33.657989650267524
72 44 -186.92848484887742 -7.401765841413194 -33.466500124592145
72 45 -153.5488935026881 -5.969445547653763 -33.30981225097062
72 46 -120.30886034693617 -4.5919210501068335 -33.18686619739462
72 47 -87.17516110789884 -3.254928713859279 -33.09671236409933
72 48 -54.115435618737514 -1.9458970662569008 -33.03860326671396
72 49 -21.09795457447092 -0.6533631562180187 -33.01204081734134
72 50 11.908646015945155 0.6335073647558218 -33.016801423906955
72 51 44.935648273343 1.9253438407919319 -33.05295065781653
72 52 78.01454733157821 3.2329768068626237 -33.12085310841928
72 53 111.17735449018156 4.567863261738459 -33.221178909138594
72 54 144.4569051498554 5.942570638904982 -33.354904632017764
72 55 177.88716375421708 7.371368613676097 -33.52330125677638
72 56 211.50350766340816 8.870996144053024 -33.72789353173752
72 57 245.34295081769213 10.461702875099135 -33.97035923013537
72 58 279.4442261236789 12.168718008317171 -34.25230526451877
72 59 313.84756134672966 14.024391954853002 -34.57479215187965
72 60 348.5938104274382 16.07141574149105 -34.93733710447705
72 61 383.72223555568377 18.367802855577793 -35.33580874468544
72 62 419.2654279168091 20.99480816800829 -35.757882665653995
72 63 455.23800088699176 24.069786816581114 -36.17291127163779
72 64 491.61125046008465 27.76720522107712 -36.5084877243053
72 65 528.2549763356024 32.3517581435309 -36.59437428037893
72 66 564.7999990208425 38.22190823715772 -36.02638824394808
72 67 600.3077528234985 45.91896524329826 -33.84847719732136
72 68 632.4969534154852 55.82338698205302 -27.94954047975375
72 69 656.206833783006 66.10325150343539 -15.004037240873629
72 70 662.5050278972325 61.87744060552842 -0.10607446529598974
72 71 656.418982713598 53.458630017445216 9.369286779561776
72 72 643.7664543381089 45.466571098056704 14.121008232785186
72 73 628.1769662480276 38.96662183187419 16.108511212129713
72 74 611.5494319138495 33.873670442320304 16.682370775507366
72 75 594.8122246970129 29.873793322282268 16.57143110701486
72 76 578.4065696998198 26.681429986267517 16.136888198300994
72 77 562.5384483004109 24.083387559470793 15.552574430189452
72 78 547.3014208394409 21.92898244537173 14.901481373844149
72 79 532.7354855527226 20.11264535707909 14.223017975602602
72 80 518.8553848882357 18.559727443378733 13.53556570393522
72 81 505.66435414485215 17.216578285092567 12.847270962134417
72 82 493.16084296396684 16.043923480836185 12.16128629288437
72 83 481.3417815590834 15.012482353297798 11.478362565592931
72 84 470.204117832781 14.100047107711333 10.798151387259793
72 85 459.74547878456383 13.289508605543404 10.119865044023186
72 86 449.9643877447346 12.56749958215471 9.442609433710913
72 87 440.860259917142 11.923446038628128 8.765547596382959
72 88 432.4332925519687 11.348892856640731 8.087974482740236
72 89 424.68431095166153 10.837016807806492 7.4093450934325915
72 90 417.6146023651035 10.38226981550963 6.729278374733241
72 91 411.22575420219505 9.9801142592367 6.047548898376647
72 92 405.5195045683502 9.626824363784493 5.3640728137044675
72 93 400.4976085747861 9.319335771178572 4.6788915497809
72 94 396.1617214687884 9.055130775314097 3.992155089494986
72 95 392.51329839579614 8.832150354076987 3.3041057205042534
72 96 389.5535100277799 8.648726656336095 2.615062658937404
72 97 387.28317307792133 8.503531372046837 1.925407660808446
72 98 385.702694706163 8.395536679663337 1.2355715831394036
72 99 384.8120299116425 8.323986389162997 0.6435418544063793
72 100 384.41561099735026

73 0 -383.598797253275
73 1 -383.97885440975153 -8.97143023490213 0.875807758892023
73 2 -385.35041277105904 -9.050614012574584 1.713043046394148
73 3 -387.40494050253983 -9.170067529472647 2.3945774409085345
73 4 -390.1395676528761 -9.33063852979032 3.0728787093917163
73 5 -393.55069792132326 -9.53350128051926 3.7472315929607873
73 6 -397.6340308387977 -9.780192895906453 4.416944550661071
73 7 -402.3845870226454 -10.072662560103026 5.081351912621415
73 8 -407.7967346640405 -10.413336672613923 5.739813660938722
73 9 -413.86421434452285 -10.805204113466118 6.391711479757362
73 10 -420.58015762355524 -11.251927423898053 7.036438949794473
73 11 -427.9370922441118 -11.757987920346665 7.673382537861471
73 12 -435.9269226992782 -12.328875895142346 8.301888049436911
73 13 -444.5408683429856 -12.97134154013304 8.921203954296061
73 14 -453.7693306078703 -13.693728708632875 9.530387548545377
73 15 -463.6016434400764 -14.506423075169266 10.128150637237411
73 16 -474.0256318823451 -15.422460082504102 10.712605285234389
73 17 -485.02685401054515 -16.458358277443892 11.280841499206872
73 18 -496.58731488075887 -17.63527274254261 11.82821652861844
73 19 -508.68328706778203 -18.980603523274937 12.347138357538483
73 20 -521.2815915958358 -20.530243617463867 12.824941260560053
73 21 -534.3331695889021 -22.331692898669786 13.2400940468616
73 22 -547.761779689559 -24.448227412005565 13.555286134016
73 23 -561.4437418569341 -26.963957721618385 13.704603726869948
73 24 -575.1709871432989 -29.988182143743302 13.569616968370553
73 25 -588.5829757936752 -33.65269307809592 12.935730054939654
73 26 -601.0424472531782 -38.08132277814718 11.418955741633454
73 27 -611.4208872769422 -43.271442692142045 8.373347971136866
73 28 -617.789143195452 -48.736866583474466 2.903679946051568
73 29 -617.2282471690453 -52.67089043409709 -5.502649919292253
73 30 -606.7838433568675 -51.17871563554684 -14.753277539991132
73 31 -587.721692089063 -46.57560471453638 -22.043389478537676
73 32 -562.6970643997921 -41.12383508739276 -26.854086348292526
73 33 -534.013519392478 -35.92813116245307 -29.727048850615347
73 34 -503.2429666985614 -31.346663657876093 -31.329938119904398
73 35 -471.3536431526692 -27.407696885412662 -32.16454663009483
73 36 -438.91387343837175 -24.028338688073603 -32.5523659859785
73 37 -406.2489111807122 -21.10505231558946 -32.686347841077236
73 38 -373.5411777562173 -18.544413079864313 -32.67950531645408
73 39 -340.889900547804 -16.270200000345852 -32.59774633423359
73 40 -308.3456850877501 -14.222421165718998 -32.479712707266856
73 41 -275.9304751332703 -12.35426875063655 -32.3482652346019
73 42 -243.6491546185463 -10.629049481862609 -32.2170530828554
73 43 -211.4963689675595 -9.017647861218407 -32.09428441873078
73 44 -179.46058578108475 -7.4965702947069985 -31.98491501661755
73 45 -147.5265389343244 -6.04647321448482 -31.89193713662523
73 46 -115.67671150783428 -4.651057987742007 -31.817149877133474
73 47 -83.89223918005746 -3.2962315956666757 -31.761625412160807
73 48 -52.15346068351267 -1.969454299455176 -31.72599299672882
73 49 -20.44025318659982 -0.6592145649509487 -31.71061062126431
73 50 11.267760559015947 0.6454145274565235 -31.715664244830254
73 51 42.99107530306069 1.9551740336722858 -31.74121650854703
73 52 74.75019357611001 3.2810047410044447 -31.787215007686175
73 53 106.56550531843304 4.634450041552938 -31.85346108348331
73 54 138.45711574307663 6.0281089406510375 -31.939531105546727
73 55 170.4445675295265 7.47617861916406 -32.04463076499057
73 56 202.54637727305777 8.99513773730699 -32.167345419522675
73 57 234.77925836857185 10.604640393936577 -32.30522001886035
73 58 267.1568173107785 12.328718681559295 -32.45404946881422
73 59 299.6873573062003 14.197431183000305 -32.60666291673593
73 60 332.37014314425033 16.249143858484388 -32.750800680720204
73 61 365.1889586676407 18.533671210888315 -32.86532545037477
73 62 398.1007940449999 21.116468569002535 -32.9133143609065
73 63 431.0155873894537 24.08371093547413 -32.8292465964137
73 64 463.75928723782727 27.546667541217033 -32.49511131378921
73 65 496.0058100170321 31.639038276053697 -31.696793542570276
73 66 527.1528743229678 36.48655912351728 -30.050903329775394
73 67 556.1076166765829 42.08864412268542 -26.912262930173142
73 68 580.9774001833141 47.96163527206738 -21.38651544715583
73 69 598.8806475708946 52.30255741897554 -12.961387776231845
73 70 606.9001757357778 51.2220356132965 -3.7270558611717206
73 71 606.334759293238 47.03501146503805 3.51458504516404
73 72 599.8710056454497 42.00325310014483 8.24547254762524
73 73 589.8438141979875 37.231972629434495 11.007055099017919
73 74 577.8568954474139 33.08057132472345 12.466565567539078
73 75 564.9106830629094 29.578945401382498 13.125493354278944
73 76 551.605908738856 26.646039167272875 13.305206104022545
73 77 538.3002708548643 24.180269959730026 13.198684291515406
73 78 525.2085401558252 22.090255810647307 12.919085882901527
73 79 512.4620990890612 20.301905518506544 12.532550280334817
73 80 500.14343959515554 18.757455493376312 12.078016658624279
73 81 488.30606577181265 17.41244338250374 11.578694630238516
73 82 476.9860503346785 16.232662264618284 11.04862327112221
73 83 466.20881922956823 15.191652523230374 10.496433955268117
73 84 455.9931824241423 14.26878027324642 9.927532855247591
73 85 446.35375351907305 13.447806756458078 9.345385018560847
73 86 437.3024123870206 12.715833379349135 8.752281211635477
73 87 428.8491910958021 12.062523893968518 8.14980227505734
73 88 421.0028078369059 11.479528284826586 7.539103603453043
73 89 413.770983888896 10.960053104578947 6.921090898372796
73 90 407.1606260401603 10.498538516547029 6.2965291884272006
73 91 401.1779255120416 10.090413621606842 5.666110324380526
73 92 395.82840539139926 9.73190972332955 5.0304943247387826
73 93 391.11693686256405 9.419916903069918 4.390334089725741
73 94 387.0477372119478 9.151873325132868 3.7462894541835112
73 95 383.624357954197 8.925679572364288 3.099034368408752
73 96 380.8496684751303 8.739632378002284 2.449259635341491
73 97 378.72583868351404 8.592373616641396 1.7976727733126552
73 98 377.25432292850496 8.482851516858858 1.1449960253951303
73 99 376.4358466327238 8.410291879883346 0.5894680586876575
73 100 376.07538681112965

74 0 -374.62970179125614
74 1 -374.9702857238441 -9.025916436763225 0.8162658482710867
74 2 -376.2622334877983 -9.105642066565025 1.6131888790693552
74 3 -378.1966634819828 -9.225906299224107 2.253809981724629
74 4 -380.76985345124757 -9.387553304319539 2.890181879285933
74 5 -383.97702724055466 -9.591750522002371 3.521243886064184
74 6 -387.81234122337594 -9.840022822925732 4.145917004239948
74 7 -392.26886124903456 -10.134298471149236 4.763092104146381
74 8 -397.3385254316687 -10.47696941119267 5.371612364255839
74 9 -403.01208597754623 -10.870969300669827 5.9702473684356505
74 10 -409.27902016854 -11.319873883563105 6.557655055262529
74 11 -416.1273960880713 -11.828029844122455 7.132325871156354
74 12 -423.5436719108527 -12.400720320522822 7.692500625681362
74 13 -431.512397339434 -13.044377934155193 8.2360490750861
74 14 -440.0157700610249 -13.766859643101157 8.760289156473476
74 15 -449.03297565238097 -14.577802011102449 9.261715355624176
74 16 -458.53920077227326 -15.48908035530377 9.7355860212825
74 17 -468.50414769494597 -16.51539963459939 10.17528859554659
74 18 -478.88977796336644 -17.675045705103457 10.571350305177532
74 19 -489.64684830530103 -18.9908144005513 10.909875810046486
74 20 -500.7095295834594 -20.491092188204817 11.170050334879761
74 21 -511.98694897506056 -22.21093634213389 11.320115796477324
74 22 -523.3497611764141 -24.1926784158791 11.310880483386455
74 23 -534.6087099418335 -26.484788191673175 11.065396298224243
74 24 -545.4805537728625 -29.135918972998695 10.463251923565622
74 25 -555.5352137889647 -32.177127373367 9.31925549956884
74 26 -564.1190647720002 -35.57774866271944 7.363007093956071
74 27 -570.2612279768769 -39.150019081128164 4.247356529866352
74 28 -572.6137778317329 -42.38042796791683 -0.3367565171892579
74 29 -569.5877149424983 -44.260163665989694 -6.3090220539002075
74 30 -559.9957337239325 -43.59769983570345 -12.692189572326697
74 31 -544.2033357978449 -40.96589631827595 -18.26098206233962
74 32 -523.4737695992533 -37.37073099199762 -22.503896535396763
74 33 -499.1955427270514 -33.545337639449286 -25.47778722303417
74 34 -472.51819515318493 -29.875937450815513 -27.457931002343514
74 35 -444.2796807223644 -26.516104444658765 -28.732743016376503
74 36 -415.0527091204319 -23.497114852353207 -29.53189081053239
74 37 -385.2158991012996 -20.796395406440865 -30.018730814596978
74 38 -355.015247491238 -18.372793928271022 -30.303499294108633
74 39 -324.60890051308235 -16.182572620961963 -30.458889533505214
74 40 -294.09746842422754 -14.185678285876548 -30.53250006328858
74 41 -263.5439003865052 -12.347553312089076 -30.555551619270148
74 42 -232.98636518568725 -10.63908907311479 -30.54865117853481
74 43 -202.44659802943556 -9.035917268048038 -30.525510463111914
74 44 -171.93534425946342 -7.517551417199897 -30.495325477858557
74 45 -141.45594707371845 -6.066576473951926 -30.46429994400563
74 46 -111.00674437145216 -4.667946991923216 -30.436624578576478
74 47 -80.5826979165655 -3.308397806799121 -30.415108675812498
74 48 -50.17652701982716 -1.9759504278309947 -30.401586235998238
74 49 -19.77952544456902 -0.659492474206683 -30.397171990429634
74 50 10.617816961032108 0.6515927860397701 -30.402412825283726
74 51 41.02530020599843 1.9677685100205728 -30.41736044426861
74 52 71.45253784956932 3.2996786929017574 -30.441577100538627
74 53 101.90845440707568 4.658495623931941 -30.474074709492
74 54 132.40068726855333 6.056302327242037 -30.513176054406642
74 55 162.93480651588897 7.506534464671347 -30.556272460120425
74 56 193.51323218879418 9.02450970116709 -30.599431756965004
74 57 224.13367002981897 10.62807590479646 -30.636778285883068
74 58 254.7867887605603 12.33840954696305 -30.65951447545504
74 59 285.45269898072905 14.18098393749321 -30.654366974954556
74 60 316.0955227104694 16.18668284680254 -30.601097076589042
74 61 346.65489313390714 18.392909085916443 -30.46848403416729
74 62 377.032490778804 20.844213566103264 -30.20784294106818
74 63 407.0705790160435 23.591184354722145 -29.74271229942329
74 64 436.5179153776506 26.684520453237383 -28.95316038372573
74 65 464.97689978349496 30.157290503344484 -27.65448269807868
74 66 491.82688077380794 33.9808701732743 -25.57678239731635
74 67 516.1304645781277 37.96966860806407 -22.373401048771257
74 68 536.5736828713505 41.612636679818536 -17.735627183463635
74 69 551.6017189450549 43.90383826566779 -11.743636899644514
74 70 560.0609566706395 43.654692177838456 -5.373620419233475
74 71 562.3489597835219 41.439309266056284 0.15050426641010972
74 72 559.7599481378193 38.26441893775501 4.317969397181628
74 73 553.7130209891586 34.86411412698243 7.185829436708332
74 74 545.3882892644026 31.625914827011 9.029343547455369
74 75 535.6543338942479 28.70496645573138 10.136898949564284
74 76 525.114491365274 26.134305399979326 10.738212756648522
74 77 514.1779083809508 23.893252984900812 10.996791073563884
74 78 503.12090921814627 21.942660684124405 11.023116932620667
74 79 492.1316745157095 20.24089772949378 10.890217658331608
74 80 481.34047390148305 18.750127966482296 10.646103567932414
74 81 470.8394673798447 17.438135549611843 10.322477733376388
74 82 460.6955184347303 16.278299140908643 9.940495433611005
74 83 450.95847651262267 15.248909600913265 9.514480574221068
74 84 441.66655728628814 14.332343724769373 9.054305620487497
74 85 432.8498652716477 13.514292956625582 8.5669181501259
74 86 424.53272098603634 12.783109037888579 8.057326571221353
74 87 416.73521212920497 12.129272639532076 7.529242501860409
74 88 409.4742359823155 11.544970951823444 6.985503693350665
74 89 402.76420474250364 11.023765221952772 6.428355325153035
74 90 396.61752533200945 10.560330102855232 5.859638891761136
74 91 391.04492695898136 10.150249428650056 5.2809201051591685
74 92 386.0556851216911 9.789856046093831 4.693576095167543
74 93 381.6577747686463 9.476106021088668 4.0988551515842175
74 94 377.8579748185227 9.206479751792443 3.497917758789356
74 95 374.66193925106757 8.978904271293572 2.891864773373669
74 96 372.07424527177534 8.791692384324449 2.281756703214512
74 97 370.09842584463854 8.643495334098446 1.6686267996650201
74 98 368.7369916724453 8.533266508984411 1.0534898463813533
74 99 367.99144615187583 8.460234333771353 0.5348381265497153
74 100 367.66731541934587

75 0 -365.62602781698206
75 1 -365.9270215362251 -9.040765687558832 0.7565504104734657
75 2 -367.139128637929 -9.120414576608482 1.5130531839332662
75 3 -368.9531279040916 -9.240542336075265 2.1126662031540206
75 4 -371.36446104423703 -9.401965227785155 2.707034486613452
75 5 -374.3671968773185 -9.605809465468155 3.294762074354594
75 6 -377.9539851929462 -9.85354137558221 3.8743966015142064
75 7 -382.11599008034693 -10.147007558404823 4.444405324354477
75 8 -386.8427958416552 -10.488486868369677 5.003142831418131
75 9 -392.1222757431832 -10.880756584838196 5.548807007386927
75 10 -397.940409856429 -11.327175794518098 6.079378406341846
75 11 -404.2810325558669 -11.831789751131566 6.592536100901754
75 12 -411.12548205823254 -12.399459776548781 7.085539959404173
75 13 -418.45211247467523 -13.03602399912026 7.555064631717727
75 14 -426.235611321668 -13.748494596062102 7.9969634715981215
75 15 -434.4460394178715 -14.545296568269492 8.405929925034798
75 16 -443.0474711717376 -15.436550052331228 8.775007661737448
75 17 -451.99605474134637 -16.434389921673443 9.094876149407185
75 18 -461.23722347055195 -17.553297158537248 9.35280176266653
75 19 -470.70165826667943 -18.810374571445408 9.531091874437124
75 20 -480.2994072194262 -20.225411957991128 9.604819318977462
75 21 -489.91129690463436 -21.820408742816056 9.538507819187316
75 22 -499.37642285780083 -23.617875059456793 9.281434284476717
75 23 -508.4741654735878 -25.63658255729331 8.761363169750354
75 24 -516.8991491973015 -27.88231416372713 7.8772777866767285
75 25 -524.2287210469412 -30.32952905299993 6.493900365218906
75 26 -529.8869499277394 -32.88850231125508 4.44606403387229
75 27 -533.1208491146858 -35.35513185609773 1.570668665939479
75 28 -533.0282872596183 -37.358420439752564 -2.206464638809962
75 29 -528.7079198370659 -38.37521337492461 -6.719921787078874
75 30 -519.5884436854606 -37.97012766365239 -11.45901019227739
75 31 -505.7898994525111 -36.304649521827656 -15.816420634831843
75 32 -487.9556024157969 -33.83417553169076 -19.43352766946586
75 33 -466.9228441135794 -30.99414813817583 -22.232255309433242
75 34 -443.4910917969304 -28.084479544821903 -24.300704925113877
75 35 -418.32143426335165 -25.273661977186748 -25.785724031632526
75 36 -391.91964373366534 -22.638679493619776 -26.832656947760597
75 37 -364.65612036783045 -20.202654403247664 -27.562026916995052
75 38 -336.79558989967524 -17.96072281146823 -28.06568253097518
75 39 -308.5247553058801 -15.895370905513204 -28.410630691839117
75 40 -279.974328515997 -13.984684097947792 -28.64469339839397
75 41 -251.23536850909215 -12.206411513457255 -28.801676021840137
75 42 -222.37097647231673 -10.539746543236731 -28.905417038814363
75 43 -193.42453443146343 -8.965934132077479 -28.972746762815888
75 44 -164.42548294668495 -7.468311825282086 -29.015574222521437
75 45 -135.39338598642055 -6.032100608933774 -29.04233271134855
75 46 -106.34081752398785 -4.6441025513819625 -29.05897120998067
75 47 -77.27544356645922 -3.292378454112992 -29.069628848068586
75 48 -48.20155982785068 -1.9659357786435763 -29.077087664136382
75 49 -19.121268238186452 -0.6544356685926989 -29.083067407393543
75 50 9.964574986936407 0.6520825442361176 -29.088403260603
75 51 39.055538283019544 1.9634658917994692 -29.093130601685044
75 52 68.15083619030649 3.2897101748066007 -29.096487893774807
75 53 97.24851407056916 4.641229929618078 -29.09683744914303
75 54 126.34451108859255 6.029145678625987 -29.09149226480732
75 55 155.4314986001838 7.465597004920795 -29.076423391065518
75 56 184.4973578707236 8.964086409392962 -29.04580397939756
75 57 213.52310655897892 10.539850153193655 -28.991320173064395
75 58 242.47999821685238 12.210232602520549 -28.90114143611747
75 59 271.32538943121386 13.99499837026488 -28.758389616896437
75 60 299.99677745064525 15.916428873219303 -28.53887553229697
75 61 328.4031404958078 17.99887279398891 -28.207794731074046
75 62 356.41236691279335 20.267073008957396 -27.715039092100795
75 63 383.8332186800094 22.741943263031374 -26.988939709279578
75 64 410.3902463313525 25.431346575518972 -25.92900516516687
75 65 435.69122901034314 28.311795369415364 -24.40044382253336
75 66 459.1911339764192 31.29563681964217 -22.23852522505581
75 67 480.16827946045476 34.180915951783675 -19.280496423628904
75 68 497.75212682367703 36.59890625232737 -15.452345789552112
75 69 511.072971039559 38.02882151599459 -10.919332278211925
75 70 519.5907913801009 38.03750743746747 -6.191584860783223
75 71 523.4561407611254 36.788074799279144 -1.8756881949194053
75 72 523.3421677699397 34.737221697649545 1.6702774085513852
75 73 520.1155859440227 32.32168613075868 4.36855098827391
75 74 514.6050657933919 29.842812103402366 6.30741789628803
75 75 507.5007501514466 27.47068475586002 7.633883927247268
75 76 499.33729793889734 25.284024766113703 8.493492633191977
75 77 490.51376488506264 23.307813505804006 9.007039575660485
75 78 481.32321878757637 21.539155985898475 9.266730627494496
75 79 471.98030363007365 19.96261467680739 9.340017562692708
75 80 462.64318366219095 18.55846467819876 9.27525447874234
75 81 453.42979467258897 17.30677096678113 9.106865804664864
75 82 444.4294520528612 16.189187364247232 8.859397322423632
75 83 435.7110000277417 15.189587522425796 8.550478539128846
75 84 427.32849497460353 14.294135171728811 8.192916210959908
75 85 419.3251676058219 13.491110363457153 7.796150331680053
75 86 411.7361943112434 12.770649836842153 7.367260894541971
75 87 404.59064581673795 12.124476269035881 6.911664188992205
75 88 397.912865933259 11.545648694790373 6.433596185873739
75 89 391.72345344499047 11.028345479493709 5.936450049404584
75 90 386.03996583444984 10.567681437427836 5.423013395124485
75 91 380.8774266547415 10.159556489677982 4.895636267619125
75 92 376.2486932992116 9.800531793665868 4.356350917177394
75 93 372.1647248203867 9.487729090169097 3.8069577954243528
75 94 368.6347777083629 9.21874937381375 3.2490877043884154
75 95 365.6665494116099 8.991607544063413 2.6842470009407577
75 96 363.2662837064814 8.80468027094156 2.113850698146365
75 97 361.43884801531715 8.65666484373881 1.5392468979726175
75 98 360.18778991053614 8.546547238911188 0.9617350250680374
75 99 359.5153779651811 8.47357804414159 0.48005516858393094
75 100 359.2276795733683

76 0 -356.6271638118267
76 1 -356.8887543487264 -9.016023043817512 0.6971202613773357
76 2 -358.02140433458135 -9.094994234030281 1.4134122305529218
76 3 -359.71557880983227 -9.214066810470399 1.9722593305479563
76 4 -361.96592299567726 -9.374007475971382 2.5249147498930427
76 5 -364.76540830961835 -9.575870845433656 3.0696677382671282
76 6 -368.1052584722115 -9.821024241241815 3.60471891130328
76 7 -371.9748461322249 -10.1111802160043 4.128146611358915
76 8 -376.36155169492935 -10.44843783279623 4.637863337822466
76 9 -381.25057280786984 -10.83533392522429 5.131558442287229
76 10 -386.6246685795038 -11.274905689322395 5.606621888969158
76 11 -392.46381658580816 -11.770765943154458 6.060041889125671
76 12 -398.74475235775515 -12.327192069330266 6.488266377692668
76 13 -405.4403493411935 -12.949228735384736 6.88701425557278
76 14 -412.5187808689007 -13.642802426335408 7.251016587324244
76 15 -419.942382515842 -14.414841641068136 7.57365989935505
76 16 -427.6661006676108 -15.273388532556908 7.84649266787855
76 17 -435.6353678515991 -16.227672662938517 8.05854148934057
76 18 -443.78318364629195 -17.288089873084857 8.195365655405567
76 19 -452.0260991624102 -18.465979579990034 8.237761010592607
76 20 -460.25870566747716 -19.773006654212338 8.160016163509113
76 21 -468.34613148942844 -21.2198061952802 7.927652695011659
76 22 -476.1140110575005 -22.813312375677242 7.494706668909203
76 23 -483.33554482724685 -24.551849788062725 6.800957193953906
76 24 -489.7159254454083 -26.416676909919005 5.770305427859
76 25 -494.87615568296485 -28.358546203678827 4.313067352040889
76 26 -498.34206014949007 -30.27892954896282 2.3374042908582737
76 27 -499.5509642646814 -32.01001655872494 -0.22256159863113112
76 28 -497.8969369522278 -33.30874370555776 -3.3568380360161427
76 29 -492.8372881926491 -33.8978304951161 -6.920729277800035
76 30 -484.05547839662773 -33.58894535171197 -10.62162571922974
76 31 -471.59403675418963 -32.435055430842965 -14.125029930377991
76 32 -455.80541853587175 -30.65470607435327 -17.193395151744937
76 33 -437.20724645069976 -28.50111040836191 -19.728091236165312
76 34 -416.3492360635411 -26.183683012337582 -21.73744484135443
76 35 -393.7323567679909 -23.845876329547593 -23.286942965174376
76 36 -369.7753501331924 -21.572712674662 -24.460883236593304
76 37 -344.8105902948043 -19.40712565930602 -25.340774132445432
76 38 -319.0938018683015 -17.36520283637762 -25.996215796374173
76 39 -292.81815870205594 -15.447408871833801 -26.482850819984776
76 40 -266.12810022833196 -13.645908788902346 -26.84354067123263
76 41 -239.13107735959068 -11.948983947065244 -27.110614064559087
76 42 -211.90687209921379 -10.34352844137426 -27.308173797155035
76 43 -184.5147297652806 -8.816365019432467 -27.45407574515727
76 44 -156.99872060889925 -7.354869551411838 -27.561491954714853
76 45 -129.3917458558509 -5.947206096493439 -27.640090670105508
76 46 -101.71853926868823 -4.582350864718329 -27.696902423755695
76 47 -73.99794100833951 -3.250006645849382 -27.73694190307411
76 48 -46.24465546254001 -1.9404635359904425 -27.763643450477943
76 49 -18.470654107383623 -0.6444352420307986 -27.77915366754994
76 50 9.313651872559873 0.6471148173168713 -27.784511264891556
76 51 37.09836842239949 1.943151660013978 -27.779732813698125
76 52 64.87311749995612 3.2527493404741605 -27.76381306272002
76 53 92.62599454783953 4.585273613547159 -27.734639205672615
76 54 120.34239591130135 5.950565356453147 -27.688808979103925
76 55 148.00361250604738 7.359119755213541 -27.62133172935345
76 56 175.58505937000825 8.822248347706875 -27.525178608692144
76 57 203.05396972343166 10.352195898975253 -27.39063209275548
76 58 230.36632355551922 11.962156339215639 -27.204366258383814
76 59 257.4627022401993 13.666082226347498 -26.9481707042558
76 60 284.2626649640308 15.478094980689264 -26.597222652865014
76 61 310.6571475459293 17.411155307934536 -26.117839898429196
76 62 336.4983447608892 19.474416156587097 -25.464772472025714
76 63 361.58669248998075 21.668337962333368 -24.578438732861713
76 64 385.65522222661264 23.97625722097152 -23.38330827734174
76 65 408.35330904466423 26.350974070896 -21.790192453955484
76 66 429.2356071345236 28.696007205980237 -19.70766181494804
76 67 447.7686326745603 30.845618613745216 -17.07013161608606
76 68 463.3758703666957 32.558850680420335 -13.887721619252716
76 69 475.54407591306574 33.56052185298486 -10.305035714504413
76 70 483.98594179570455 33.66427575337491 -6.614367135948925
76 71 488.7728101849636 32.92479417256817 -3.1497814734078133
76 72 490.2855047425202 31.56215416122609 -0.14841927133883814
76 73 489.06964872764127 29.831056090103573 2.2914198424611527
76 74 485.70266505759787 27.942452310177686 4.178342172556711
76 75 480.71296438252784 26.041425244182108 5.57811161227562
76 76 474.54644183304663 24.214729907794577 6.575341506592508
76 77 467.5622813693428 22.507134531203093 7.251922293348656
76 78 460.0425972463493 20.93666184787301 7.677918103624052
76 79 452.2064451620947 19.505814620785713 7.909526350631893
76 80 444.22354454508553 18.208906031516364 7.990259857906153
76 81 436.2259254462824 17.036487540256758 7.95320041942486
76 82 428.3171437062358 15.977861665921637 7.8233119892556715
76 83 420.5793014677711 15.022418719431727 7.619428381702647
76 84 413.0782869428305 14.160286728037619 7.355828461518854
76 85 405.86764454473337 13.38259706744833 7.0434328152392425
76 86 398.99142131235203 12.681544828287343 6.690692476800081
76 87 392.4862595911332 12.050346453802263 6.304241359808628
76 88 386.3829385927348 11.483151666176354 5.889372903808493
76 89 380.7075137835162 10.974940340172225 5.450388067790499
76 90 375.4821624571538 10.521420047303764 4.99084990194541
76 91 370.7258139796254 10.11893170817524 4.5137704613972005
76 92 366.4546215343594 9.764366311353683 4.021748695658658
76 93 362.6823165883081 9.455093325825032 3.5170727317320996
76 94 359.4204760708952 9.188900297283652 3.001796212683672
76 95 356.67872416294074 8.963942633895925 2.4777956705014788
76 96 354.4648847298922 8.77870244940081 1.9468140028899086
76 97 352.7850961571609 8.631955370590276 1.410493767634648
76 98 351.6438971946229 8.522744339524706 0.8704030467841335
76 99 351.04429006359265 8.450359598992662 0.4255164732620358
76 100 350.79286424809885

77 0 -347.6723092890085
77 1 -347.89497544859006 -8.952039220457095 0.6384154404299522
77 2 -348.94914016986843 -9.029763721209292 1.315009417280379
77 3 -350.5249942831508 -9.146913155166345 1.8336529612129198
77 4 -352.61644609229427 -9.304186671318519 2.3452304516501954
77 5 -355.2154551864512 -9.502542319350312 2.8477453090841607
77 6 -358.3119367104626 -9.743215651406047 3.339087230943562
77 7 -361.89362964833833 -10.027743562764954 3.816991732800062
77 8 -365.9459201760627 -10.35799363305415 4.278989122198141
77 9 -370.4516078927346 -10.736199103640132 4.722339150860762
77 10 -375.39059847778424 -11.164999319646427 5.143946388411678
77 11 -380.73950066955797 -11.64748484731544 5.540249720893883
77 12 -386.471097919572 -12.187245332973276 5.907077167173895
77 13 -392.55365500390576 -12.7884161394731 6.239454274712585
77 14 -398.9500064689972 -13.45571628686676 6.531350565914721
77 15 -405.6163561357352 -14.194464267049227 6.7753438188132975
77 16 -412.50069410662377 -15.010548335956145 6.962176639867067
77 17 -419.54070941546934 -15.910311455869817 7.080174808879235
77 18 -426.66104372438224 -16.90028445599171 7.114494845615013
77 19 -433.76969910669936 -17.986658999945433 7.0461750933096425
77 20 -440.7533939110015 -19.174328342989526 6.850992703687297
77 21 -447.47168451407396 -20.46523396891928 6.498202097722412
77 22 -453.74979810644635 -21.855645330300945 5.949390691694191
77 23 -459.37046589746234 -23.331904723429318 5.157998635508591
77 24 -464.06579537746353 -24.8642039450051 4.0705813710606265
77 25 -467.5116286395836 -26.39839629689783 2.631647726175089
77 26 -469.3290908298137 -27.847206028919942 0.7945936788261747
77 27 -469.10081599723594 -29.085162229324254 -1.4591454906554588
77 28 -466.4107998485028 -29.956188704928678 -4.094278575201116
77 29 -460.9122588468337 -30.305784039200432 -7.000123433233085
77 30 -452.4105529820366 -30.040326772026987 -9.996235128004258
77 31 -440.9197885908252 -29.179936517072377 -12.882181357473144
77 32 -426.64619026709033 -27.837142429431566 -15.499582646984805
77 33 -409.9206232968556 -26.16132048742662 -17.761232247417553
77 34 -391.1237257722552 -24.29349214709805 -19.64547084629956
77 35 -370.62968160425646 -22.344497055685935 -21.174753693956944
77 36 -348.77421838434134 -20.39102896470729 -22.393906277519022
77 37 -325.8418690492184 -18.480576269064386 -23.35451707871067
77 38 -302.06518422692 -16.63894862166478 -24.105965743502964
77 39 -277.6299375622125 -14.877264521790039 -24.691336644363844
77 40 -252.6825109381923 -13.197353984648828 -25.146268473625412
77 41 -227.33740061496167 -11.595537035460708 -25.49929567431205
77 42 -201.6839195895682 -10.065096072392961 -25.772798111181586
77 43 -175.7918043925985 -8.59781092741379 -25.984087872853465
77 44 -149.71574384386128 -7.184864474513816 -26.146415299582408
77 45 -123.49897379343368 -5.817343508699523 -26.26981402465504
77 46 -97.1761157945512 -4.486487416877424 -26.361771759336612
77 47 -70.77543027476045 -3.183783557357309 -26.4277415193407
77 48 -44.320632755869795 -1.9009715337928768 -26.4715162603178
77 49 -17.832397754124855 -0.6299946042655193 -26.495489054086228
77 50 8.670345352302665 0.6370785283310152 -26.50081635855822
77 51 35.16923496299159 1.908147207577695 -26.487496078527755
77 52 61.64533750935817 3.1911779516298964 -26.454365940241626
77 53 88.07796684347484 4.494301067616817 -26.399021433164044
77 54 114.44338037568626 5.825895189487547 -26.31764612314094
77 55 140.71325908975672 7.194645444661816 -26.20474039981179
77 56 166.85286117530984 8.609551688601059 -26.05272783563585
77 57 192.81871476102842 10.079847204295945 -25.85141218155563
77 58 218.5556855384211 11.61476186962443 -25.587255108745225
77 59 243.99322497851887 13.223021929897925 -25.242450975422813
77 60 269.0405874892667 14.911914974558783 -24.793802450709933
77 61 293.58082987993873 16.685658872404957 -24.211473555176212
77 62 317.46353459961915 18.542702584630348 -23.457856437701963
77 63 340.49654275534266 20.471491559046427 -22.487098644895156
77 64 362.43773188940946 22.44426483043918 -21.246369056604237
77 65 382.98928086855113 24.408887252885336 -19.680693837524643
77 66 401.79911956445875 26.280077327635496 -17.743880682206594
77 67 418.4770422329643 27.93435315741374 -15.417652949188806
77 68 432.63442546283636 29.217619621689266 -12.737442550312466
77 69 443.95192733358925 29.977320753399255 -9.813907205257351
77 70 452.26223987335106 30.121692290366695 -6.827312541199916
77 71 457.6065524159891 29.672579040992474 -3.9778097870682245
77 72 460.2178594474875 28.744131476546045 -1.4234606739132118
77 73 460.4534737638155 27.487307407024787 0.7488491372255055
77 74 458.7201611730365 26.04472837913937 2.5177870503665645
77 75 455.4178996630824 24.528888771751326 3.90616152486416
77 76 450.9078381233082 23.018210270133864 4.959201920212962
77 77 445.49949582265646 21.561991252881057 5.72897151573892
77 78 439.44989509183034 20.187938995599012 6.265410717077117
77 79 432.9686743885022 18.909163322993663 6.61226174633606
77 80 426.2253715991582 17.729587573674365 6.8059273982133845
77 81 419.35681959207545 16.647738315171665 6.875821439070137
77 82 412.47372872101795 15.659232106181548 6.845328501598601
77 83 405.66616258887825 14.758328278271335 6.7329036012448285
77 84 399.0079215185283 13.938855766962917 6.553094558976511
77 85 392.55997347092523 13.194738981010744 6.317408431929778
77 86 386.37310465466874 12.520275578608732 6.035010280895904
77 87 380.4899529091334 11.910265463748061 5.713271026881216
77 88 374.9465626009063 11.360053570326983 5.358190072243701
77 89 369.773572764646 10.865524933389821 4.974718430531993
77 90 364.9971257398423 10.423075245595015 4.5670047631275
77 91 360.639563238391 10.029570569937619 4.138582531669044
77 92 356.71996067650423 9.682304043697286 3.6925125348271877
77 93 353.25453816873664 9.378953886484368 3.231491781354322
77 94 350.2569771137956 9.117544934390452 2.7579370124593083
77 95 347.738664143818 8.896414707662757 2.2740491530579163
77 96 345.70887880767975 8.714184336555945 1.7818634348407159
77 97 344.1749372741366 8.569734307252418 1.2832887880965131
77 98 343.1423012314867 8.46218481770353 0.7801392534704235
77 99 342.61465876719575 8.39088047362307 0.37160437673949787
77 100 342.39909247800773

78 0 -338.8001823612124
78 1 -338.98467590781223 -8.849453847011688 0.5808472654751711
78 2 -339.96187689216276 -8.92540668352325 1.218538295843672
78 3 -341.4217524994996 -9.039834345011457 1.69783638043873
78 4 -343.3575496530402 -9.193354707078015 2.1692855857090763
78 5 -345.7603236709177 -9.386810531634495 2.6306387581796002
78 6 -348.6188271693994 -9.621281584119629 3.079517667888638
78 7 -351.919359006695 -9.89809952127041 3.5133686297108113
78 8 -355.64556442882105 -10.218865146911412 3.929407796947288
78 9 -359.7781746005896 -10.585467266154012 4.324552755694953
78 10 -364.29466994021095 -11.000101753935212 4.695336145293851
78 11 -369.1688468911773 -11.46528845113022 5.037795875798821
78 12 -374.3702616918086 -11.983881893186265 5.347335085535008
78 13 -379.8635170622473 -12.559069329781607 5.618543301679296
78 14 -385.6073482951672 -13.194345507582938 5.844968459748117
78 15 -391.55345398174353 -13.893447521420711 6.018827850265666
78 16 -397.6450039956985 -14.66022363949196 6.130645479057961
78 17 -403.81474493985945 -15.498395971929824 6.168805369305005
78 18 -409.9826147343085 -16.41115652902687 6.11901811132995
78 19 -416.05278116251935 -17.400508212562443 5.96371712359479
78 20 -421.9100489814981 -18.466226918718945 5.681441194535267
78 21 -427.4156635515899 -19.6042836959746 5.24633570770024
78 22 -432.4027203968986 -20.804544690923052 4.628035914399163
78 23 -436.6717353803882 -22.047604815887183 3.792398579249749
78 24 -439.9875175553981 -23.3007964983245 2.7038138543904893
78 25 -442.0793630891692 -24.513894128659842 1.3300652681260487
78 26 -442.6476480916502 -25.615982100653298 -0.3493616415681515
78 27 -441.3806398060329 -26.516390879889826 -2.3315442746398674
78 28 -437.98455954237045 -27.113904864908676 -4.577459845892321
78 29 -432.22572011424825 -27.31753492616278 -7.004867344898344
78 30 -423.97482485257376 -27.075515315389737 -9.495778197101686
78 31 -413.2341637200449 -26.396424753673216 -11.92184558778257
78 32 -400.1311336770086 -25.342295283116982 -14.174779122099181
78 33 -384.8846054758465 -24.003819068392147 -16.184440953831796
78 34 -367.762251769345 -22.475408996729584 -17.920621409613744
78 35 -349.043362656619 -20.839222702806865 -19.384479782783615
78 36 -328.9932922037778 -19.15866133301492 -20.596962449971755
78 37 -307.8494377566755 -17.478226272982397 -21.588693789402924
78 38 -285.81590462497195 -15.826452824036352 -22.392904049099826
78 39 -263.06362965847586 -14.219706227069423 -23.041256182968823
78 40 -239.7333922590343 -12.665701521870005 -23.5618131849033
78 41 -215.94000328866926 -11.16632542549307 -23.97835615230322
78 42 -191.77667995442786 -9.719715084879098 -24.310447689108116
78 43 -167.31910791045303 -8.321703944669636 -24.573844147278123
78 44 -142.62899165987162 -6.966783464541351 -24.781024536000587
78 45 -117.75705883845185 -5.648717106993736 -24.941713612469115
78 46 -92.74556443493339 -4.360914698742938 -25.06334247241348
78 47 -67.63037389362489 -3.096646525159599 -25.151426019989565
78 48 -42.442712394954256 -1.8491528935566315 -25.209854497386154
78 49 -17.210664898852585 -0.6116874034288493 -25.241103605426048
78 50 8.039494815897843 0.6224798966402796 -25.24636945304834
78 51 33.2820740072441 1.860080968080604 -25.225633390399246
78 52 58.49076159669633 3.1078755685524158 -25.177659202680896
78 53 83.63739241260589 4.372671362807914 -25.099921967814964
78 54 108.69060553232626 5.6613238642885975 -24.988464602058926
78 55 133.61432161672374 6.980697155039579 -24.837675230239938
78 56 158.36595599280614 8.337557959913255 -24.639976849058016
78 57 182.89427531483977 9.738362267523868 -24.38542191173211
78 58 207.13679981627035 11.188873779855882 -24.061191532781834
78 59 231.01665838040344 12.693525729459921 -23.65101759932145
78 60 254.43883501491325 14.254402399748756 -23.13458571035798
78 61 277.2858298011194 15.86967954013653 -22.48705228835763
78 62 299.4129395916285 17.531341680712103 -21.678939785384244
78 63 320.6437093718879 19.222032477673707 -20.67687648705288
78 64 340.7666925657343 20.911079402101024 -19.44591258350283
78 65 359.53553453889356 22.55021280796805 -17.95437995675917
78 66 376.6754524792526 24.070445751874075 -16.182195910419637
78 67 391.89992635973283 25.38301619225595 -14.132589322032288
78 68 404.9406311233172 26.388591583967923 -11.8447540232672
78 69 415.58943440626723 26.998026377130657 -9.400963045826984
78 70 423.74255721497116 27.16133645836507 -6.919108848355705
78 71 429.42765210297864 26.888806557376682 -4.527342287228464
78 72 432.7972417894281 26.244113443887443 -2.3336909053065256
78 73 434.0950339135917 25.31956611344455 -0.40798325494552046
78 74 433.6132082993191 24.211201686874603 1.2199235372832504
78 75 431.6551868390252 23.002837016819228 2.5515935032701123
78 76 428.5100212927789 21.75958595657258 3.6084439877222394
78 77 424.4382988635807 20.527728117690543 4.4216510188138045
78 78 419.6667192551513 19.33765132634298 5.025090173736658
78 79 414.3881185161074 18.207655643573048 5.451174928707246
78 80 408.7643693977368 17.147481959342656 5.728834850084155
78 81 402.9304488159391 16.16114416533628 5.882844951932043
78 82 396.9986794938727 15.249020170874815 5.933901952355342
78 83 391.0626449112284 14.409312205740548 5.899052042484016
78 84 385.2005754089047 13.639025254187857 5.7922391642582625
78 85 379.4781665827119 12.93460010059016 5.624852626885058
78 86 373.95087015513457 12.292309090409162 5.406218959537398
78 87 368.6657286636371 11.70849385683232 5.144019351526879
78 88 363.6628314520808 11.179700434107815 4.844632373450253
78 89 358.9764639167366 10.70274931802237 4.513409743058531
78 90 354.63601196596375 10.274765364292705 4.154895538493207
78 91 350.66667283975016 9.893183733215977 3.7729992594994712
78 92 347.0900134469648 9.555742275102375 3.3711320122054076
78 93 343.92440881533935 9.260466922074727 2.9523136224252653
78 94 341.1853862021143 9.005654162630776 2.5192570338620612
78 95 338.8858947476152 8.789853075723414 2.0744350726669722
78 96 337.03651605678033 8.611848385483142 1.6201336024795694
78 97 335.6456275426561 8.470645362448039 1.1584942487822332
78 98 334.71952755921586 8.36545700818749 0.6915492131547865
78 99 334.2625291163465 8.295693729914433 0.3186782735158431
78 100 334.0821710121842

79 0 -330.0487462546993
79 1 -330.1960677545667 -8.709172536895466 0.5247902740613029
79 2 -331.09832680282193 -8.782882101479572 1.1246289192806103
79 3 -332.4453255931279 -8.893872948644258 1.565704937658154
79 4 -334.22973667813824 -9.042672493212137 1.9982542650271569
79 5 -336.4418341231822 -9.229996027795465 2.419818432042547
79 6 -339.06937354222333 -9.456752542997634 2.8277982413076472
79 7 -342.0974306057975 -9.724051059862632 3.219408170008279
79 8 -345.5081898822399 -10.033206564737014 3.5916213773145387
79 9 -349.2806733604266 -10.385744119687132 3.941102543836962
79 10 -353.3903949699138 -10.783398941105446 4.264125203435469
79 11 -357.80892376729753 -11.228109069398698 4.55646958164283
79 12 -362.5033341331995 -11.721995514002288 4.813296288522508
79 13 -367.43551634434255 -12.267322198619212 5.0289906603159125
79 14 -372.5613154538313 -12.866424310213745 5.196972374275617
79 15 -377.8294610928938 -13.52158833441328 5.309465686904275
79 16 -383.18024682763985 -14.234859634675132 5.357228189357954
79 17 -388.5439174716097 -15.007743447407762 5.329241919344327
79 18 -393.8387306663285 -15.840752524692675 5.212382604982395
79 19 -398.9686826815745 -16.732740322349173 4.991104703617566
79 20 -403.82094007356363 -17.679946024801353 4.647217220275138
79 21 -408.26311712212475 -18.674675230237483 4.159884325518306
79 22 -412.14070872460024 -19.703565164457785 3.506069571781609
79 23 -415.275256265688 -20.745467015879342 2.661746828107141
79 24 -417.4642023808145 -21.769167477727166 1.6042920582879674
79 25 -418.4838403822639 -22.73151872224483 0.3164621238462928
79 26 -418.0971266285071 -23.577060423343482 -1.2079030724038091
79 27 -416.0680342374563 -24.240751715484265 -2.957068254910837
79 28 -412.18299011868544 -24.65549828133078 -4.895422621474069
79 29 -406.27718899450815 -24.764849094278475 -6.961733883714146
79 30 -398.25952235125715 -24.537777890755876 -9.075124955514696
79 31 -388.12693908347876 -23.978200127320008 -11.14896132520039
79 32 -375.96159970085637 -23.122417669139963 -13.106976961703737
79 33 -361.9129851600713 -22.02734683122867 -14.894345961030155
79 34 -346.17290777879606 -20.75673744692 -16.480874480714277
79 35 -328.95123619864273 -19.370540451237872 -17.85800603024228
79 36 -310.4568957183115 -17.918987558322556 -19.032909847694555
79 37 -290.8854165032536 -16.44064502228207 -20.022308569732104
79 38 -270.4122785788473 -14.962968107831529 -20.84744569758999
79 39 -249.19052510807364 -13.504042996558098 -21.530585342197497
79 40 -227.3511078944523 -12.074644658755147 -22.09288767204906
79 41 -205.00474976397552 -10.680146445043263 -22.553309237321145
79 42 -182.24448941981 -9.322094367241093 -22.928176630358152
79 43 -159.14839650325922 -7.999414590947666 -23.231156252515717
79 44 -135.78217691477857 -6.709294530420308 -23.473428461906508
79 45 -112.2015395794462 -5.447801633872501 -23.66394525885663
79 46 -88.45428639706532 -4.21030394122063 -23.809701177502475
79 47 -64.58213722444125 -2.991747073876489 -23.915979714154393
79 48 -40.62232696875653 -1.7868307998205708 -23.98655713858705
79 49 -16.609022947267157 -0.5901179580365117 -24.023856263889318
79 50 7.425385559022105 0.6038995293337512 -24.02904798704877
79 51 31.44907302683038 1.8007583804010583 -24.002100406615618
79 52 55.42958637225334 3.0059894076389533 -23.941775545514318
79 53 79.33262411785901 4.225075632309228 -23.845573137427863
79 54 103.12073264710907 5.463386708705762 -23.709620330909274
79 55 126.75186477967756 6.726069670982206 -23.528506304187133
79 56 150.17774525548333 8.017869741181983 -23.29506272315156
79 57 173.34199022598068 9.342845733268831 -23.000096361613004
79 58 196.17793797870934 10.70393247432878 -22.632091646809172
79 59 218.60617351959903 12.102288681756562 -22.17692235552994
79 60 240.53178268976922 13.536356356441985 -21.617648640033323
79 61 261.8414707996657 15.000555416144465 -20.934534274212865
79 62 282.40085123819495 16.48356238333173 -20.105503500164787
79 63 302.05247779999524 17.96620561279093 -19.107360923506235
79 64 320.6155730852074 19.41919885915064 -17.918188726309893
79 65 337.88885525261503 20.801281791661665 -16.52132748775159
79 66 353.6582280607106 22.05884999317942 -14.911077297918695
79 67 367.7110098484524 23.128690837836018 -13.099507117094959
79 68 379.8572422949005 23.945509067806853 -11.12243236543776
79 69 389.95587457932794 24.45461670783652 -9.041162330860203
79 70 397.9395669566209 24.626705944743065 -6.9365323609538905
79 71 403.8289393012357 24.467363229523386 -4.895032801545852
79 72 407.7296325597126 24.01452357499167 -2.9927011178453427
79 73 409.8143415369264 23.32671816905102 -1.2840626197873348
79 74 410.2977577992873 22.469315991433064 0.20105795374124114
79 75 409.4122256294439 21.503911572338552 1.4545457945621365
79 76 407.388666210163 20.482420527750804 2.484093021084277
79 77 404.44403958727537 19.445145306557862 3.3070368855093193
79 78 400.7745924391444 18.421339156275934 3.9453382429596218
79 79 396.5533631013561 17.430956425257534 4.422092379335737
79 80 391.9304076804729 16.486718776157318 4.759415919976618
79 81 387.0345312614029 15.596033726302863 4.9773596506022955
79 82 381.9756883792683 14.762578844208804 5.0934965420028675
79 83 376.84753817739715 13.987520273588302 5.122908684557871
79 84 371.7298710101526 13.270405972087417 5.078382453826123
79 85 366.6907732697449 12.609797614721629 4.970692268151083
79 86 361.7884864738504 12.00370494794862 4.808904037138063
79 87 357.0729651954688 11.449876735325347 4.600662370579869
79 88 352.5871617326907 10.94599058402116 4.352445533433752
79 89 348.3680741286013 10.489773071150694 4.069783360716883
79 90 344.4475950112569 10.079072758083498 3.757439178321107
79 91 340.85319577195907 9.711901964318287 3.4195594424787146
79 92 337.6084761262995 9.386458266453474 3.059795723685937
79 93 334.7336043245872 9.10113319837501 2.681403668882723
79 94 332.24566878853403 8.854513192309355 2.2873231661079956
79 95 330.1589579923712 8.645376121798677 1.8802433759102826
79 96 328.48518203671347 8.472685663169955 1.4626557215653406
79 97 327.2336465492405 8.335584918652017 1.0368974108008615
79 98 326.41138721511174 8.233390226134418 0.6051876209368174
79 99 326.0232713073669 8.165585736705822 0.26706806858859977
79 100 325.87725107793455

80 0 -321.4549601354003
80 1 -321.5663308340213 -8.53233918435464 0.47057627690165305
80 2 -322.3961126892036 -8.60339370135685 1.0338378840948792
80 3 -323.63400660221106 -8.710325954954953 1.4380459887061647
80 4 -325.27220466661595 -8.85356817094987 1.8331625065578692
80 5 -327.3003316153268 -9.033702347663478 2.2165587083941034
80 6 -329.70532208340416 -9.251460346873017 2.5854626358214716
80 7 -332.47125688696974 -9.507722579713032 2.9369146079714312
80 8 -335.579151299347 -9.803514047391815 3.2677147371227875
80 9 -339.0066863612153 -10.13999591696711 3.574360379326521
80 10 -342.72787205800006 -10.518449992004662 3.8529711955822847
80 11 -346.7126287523799 -10.940252281442042 4.0991993029019795
80 12 -350.926270663804 -11.406830253599196 4.308121956314494
80 13 -355.3288726650089 -11.91959613258058 4.474114505467838
80 14 -359.8744996747397 -12.479845577173336 4.590702323954048
80 15 -364.51027731291697 -13.08860711455867 4.650392525804278
80 16 -369.17528472634825 -13.746422708737157 4.644490366063479
80 17 -373.7992580450439 -14.453034008680163 4.562912479287462
80 18 -378.3011096849232 -15.206942905165846 4.394021236388539
80 19 -382.587300517821 -16.0048109424703 4.1245236234861125
80 20 -386.5501569318954 -16.84066387258875 3.7395062866469573
80 21 -390.0663130911149 -17.704882555603888 3.2227165680438077
80 22 -392.995590067983 -18.58300151787182 2.5572441287573042
80 23 -395.18080134862953 -19.454418580512083 1.7267962659803686
80 24 -396.44918259994375 -20.29126055575682 0.7177621480250025
80 25 -396.61632564467953 -21.05785527565962 -0.4778276774902679
80 26 -395.4935272449632 -21.71148894262518 -1.858594634807588
80 27 -392.89913637506436 -22.20524660527647 -3.4099821326271638
80 28 -388.6735629797089 -22.493480173727733 -5.10155722468653
80 29 -382.6960219256913 -22.539509651291894 -6.887146954323441
80 30 -374.899269071062 -22.3235348352473 -8.709129230143219
80 31 -365.27776346540486 -21.847355465082245 -10.506485366166658
80 32 -353.8862983387287 -21.133298785533214 -12.223925826007843
80 33 -340.8299118133892 -20.218265234091263 -13.818760731611832
80 34 -326.24877687550503 -19.145952304302483 -15.263815029622947
80 35 -310.3022817541433 -17.9600047664527 -16.54672989418617
80 36 -293.1553170871327 -16.699414646563667 -17.667067021015953
80 37 -274.9681477121114 -15.39624577592349 -18.632674338911897
80 38 -255.8899684093089 -14.0751220991516 -19.456302023375855
80 39 -236.05554366535966 -12.75378641069824 -20.15293273389244
80 40 -215.584102941524 -11.444159884621754 -20.737916633388465
80 41 -194.57971039858273 -10.153525848481124 -21.225805860789166
80 42 -173.13249121994568 -8.885630597547618 -21.62971583501252
80 43 -151.3202787285577 -7.641611749315587 -21.96104431045734
80 44 -129.210402599031 -6.42073434745118 -22.229411578925422
80 45 -106.86145557070685 -5.220950158374492 -22.442723023269437
80 46 -84.32495655249213 -4.039309620829393 -22.60728791241747
80 47 -61.646879745871914 -2.8722584869245793 -22.727952878589505
80 48 -38.869050795313115 -1.715848535470279 -22.808225381546176
80 49 -16.03042898277956 -0.5658873740748902 -22.85037327627173
80 50 6.8316957572303405 0.5819519052650994 -22.855493114610773
80 51 29.680557246441982 1.7320437476840578 -22.82354351209404
80 52 52.478782781418424 2.8887303569188774 -22.75334195077273
80 53 75.18724114798744 4.056234199517185 -22.642524666748155
80 54 97.76383211491473 5.2385469487379694 -22.487470563385948
80 55 120.16218227475933 6.439276592693481 -22.283192197763718
80 56 142.33021651044217 7.661430549508509 -22.02320078677139
80 57 164.2085838483021 8.907107591722081 -21.69935917858531
80 58 185.7289348676128 10.177066028213048 -21.301748584294103
80 59 206.81208101689032 11.470131900964361 -20.818593717208245
80 60 227.36612230202928 12.782412960087285 -20.23631897597008
80 61 247.28471896883048 14.106299260893536 -19.539846261467886
80 62 266.44581482496505 15.429271412795373 -18.71328958873778
80 63 284.71129814630604 16.732619605826784 -17.74124001123397
80 64 301.928294847433 17.990318039180778 -16.610836404632096
80 65 317.9329709555702 19.168504489369354 -15.314728822730387
80 66 332.55775249289377 20.22624331756151 -13.854786864245284
80 67 345.6425446840608 21.118369001195788 -12.245930247404857
80 68 357.0496129877035 21.800954243461376 -10.518828153266696
80 69 366.6802009905942 22.239008991358986 -8.719766168890771
80 70 374.489145325485 22.4143898822268 -6.906362326668841
80 71 380.49292564393187 22.330521633974087 -5.139524656979859
80 72 384.76819463944474 22.01133200929013 -3.4743359657788915
80 73 387.44159757548965 21.495310290175752 -1.9531908385041277
80 74 388.674576316453 20.827746325348073 -0.6028830594292174
80 75 388.6473636943481 20.053895490716144 0.5646980395878529
80 76 387.5451802372773 19.214391447736972 1.5496777219415492
80 77 385.548008250465 18.34298125902589 2.3605696473389344
80 78 382.8240409425994 17.466022512477736 3.01090129243633
80 79 379.52620566559233 16.603049803099253 3.51655454858863
80 80 375.79093184542216 15.767841543454296 3.8939121511294843
80 81 371.73838136333336 14.969610974402201 4.158705019983529
80 82 367.4735218054551 14.214114392477569 4.3253884996407805
80 83 363.0876043640518 13.504587130348455 4.406879170362629
80 84 358.65976346472985 12.84248736536236 4.414516505391589
80 85 354.2585713532686 12.22806288673101 4.358151602746261
80 86 349.9434602592373 11.660769753654847 4.246298080141116
80 87 345.7659751929864 11.139574067651637 4.086304987599419
80 88 341.7708502840385 10.663165023021122 3.8845287092755996
80 89 337.9969177744352 10.230102464026913 3.646491917120869
80 90 334.47786644979675 9.838917113069158 3.3770244316608
80 91 331.2428689111136 9.48817718906318 3.0803847678694467
80 92 328.31709691405786 9.176531532264164 2.7603632462621306
80 93 325.7221424185893 8.90273656667705 2.4203685482811466
80 94 323.47635981749556 8.665672343270415 2.063499957285728
80 95 321.5951425040179 8.46435137400104 1.692607543527572
80 96 320.0911447304404 8.2979228567512 1.3103423993329102
80 97 318.97445770535205 8.165674095787125 0.9191988117466963
80 98 318.252747106947 8.067030356156522 0.5215500312085908
80 99 317.93135764293487 8.001553989328187 0.21706925270186161
80 100 317.8186086015433

81 0 -313.05455822818203
81 1 -313.1313893858574 -8.320304996420077 0.41849058596309874
81 2 -313.89153940010823 -8.38835611884906 0.9466421486802972
81 3 -315.024673683218 -8.490706421163594 1.315530468065134
81 4 -316.5226003362385 -8.627692328032765 1.674877872318632
81 5 -318.37442942785526 -8.799762507274124 2.0219262561194
81 6 -320.5664528484773 -9.007473062560337 2.353778009258093
81 7 -323.08198544637145 -9.251479815183302 2.6673544694894815
81 8 -325.90116178745626 -9.532526274493506 2.959348040060462
81 9 -329.0006815264924 -9.851425326143442 3.226166599224115
81 10 -332.3534949859045 -10.20903190257988 3.4638688389605363
81 11 -335.92841920441344 -10.60620288131173 3.6680893200482956
81 12 -339.6896736260011 -11.043739116516974 3.833952437383971
81 13 -343.5963240791814 -11.52230278459703 3.9559753367417727
81 14 -347.6016242994846 -12.042301075802044 4.027961392297527
81 15 -351.65224686377644 -12.60372472482868 4.042888555340454
81 16 -355.68740141016553 -13.205927133300179 3.992801295236461
81 17 -359.63784945424936 -13.847327392713936 3.8687217229156374
81 18 -363.4248448559968 -14.525019411382573 3.6606056711922577
81 19 -366.9590607966339 -15.234271525161915 3.357383736194663
81 20 -370.13961232838614 -15.967909705829953 2.9471456071415503
81 21 -372.853352010917 -16.715597750466827 2.4175466802352332
81 22 -374.9747056888566 -17.463066180811722 1.7565335468734133
81 23 -376.3664191046638 -18.191404525629423 0.953487790222141
81 24 -376.8816812693009 -18.876621077998664 0.0008553631404311091
81 25 -376.36812983094467 -19.48977777128883 -1.1037662630220666
81 26 -374.67414874325675 -19.99808420678258 -2.355294402020661
81 27 -371.65754102690335 -20.36730057683721 -3.7390594860133888
81 28 -367.19602977123 -20.565538536143265 -5.229685667489491
81 29 -361.19816969192436 -20.56798705500188 -6.791788545233715
81 30 -353.61245268076254 -20.36135448380699 -8.382970769305047
81 31 -344.43222815331427 -19.94639263473178 -9.958725275486302
81 32 -333.69500212978994 -19.337397851921025 -11.477886730712754
81 33 -321.47645469188876 -18.559016570710725 -12.906999479799424
81 34 -307.8810031701911 -17.64172815660629 -14.222614013075713
81 35 -293.03122666573734 -16.617456237757494 -15.411468372503464
81 36 -277.05806642518417 -15.516215357216282 -16.469150857165346
81 37 -260.09292495140664 -14.364067672157319 -17.398016022320036
81 38 -242.2620343805441 -13.182238515846706 -18.20498633236474
81 39 -223.68295228667716 -11.987061407679903 -18.899623127667653
81 40 -204.4627881252088 -10.790415466944893 -19.492627109831943
81 41 -184.69769806701328 -9.600390216131998 -19.994779950247008
81 42 -164.47322822471477 -8.422002093638966 -20.416262531192615
81 43 -143.86517300462805 -7.257863173279688 -20.76626000241928
81 44 -122.94070821987621 -6.108756600228702 -21.052766870965414
81 45 -101.75963926269722 -4.974106755488087 -21.28252053223484
81 46 -80.37566715540653 -3.85235041909327 -21.461009506052562
81 47 -58.837620250592096 -2.741223576426467 -21.59251862879528
81 48 -37.190629897815974 -1.6379811842224683 -21.68018602573736
81 49 -15.477248199117376 -0.539567024796292 -21.726055823153942
81 50 6.2614817484919065 0.5572505135899197 -21.73111686528982
81 51 27.984985531462264 1.6557622773650298 -21.69532195496184
81 52 49.652125658415585 2.7592082979913606 -21.61758509368119
81 53 71.22015571882464 3.870660579718276 -21.49575654560877
81 54 92.64363874963313 4.992884902325109 -21.326577937732978
81 55 113.8733115942906 6.128166532174539 -21.105622703416593
81 56 134.8548841564663 7.278082956253968 -20.82723172412296
81 57 155.52777504253652 8.443205032576941 -20.484460882908465
81 58 175.82380592228324 9.622707380412464 -20.069067337566892
81 59 195.6659097176703 10.813871398977625 -19.571575423655702
81 60 214.96695676959465 12.011473311793893 -18.98148128010415
81 61 233.6288722778786 13.20707008623421 -18.287675821504777
81 62 251.5423084126042 14.3882345300554 -17.47918315523154
81 63 268.5872385883417 15.537853852695562 -16.54631429712083
81 64 284.63493700684586 16.63369538880781 -15.482303842767323
81 65 299.5518462738763 17.648546698876856 -14.285402209370858
81 66 313.2057414255876 18.551313642833065 -12.961212786092261
81 67 325.47427184606084 19.30942583903547 -11.524796191195094
81 68 336.25533380797776 19.892638557072132 -10.001792375274562
81 69 345.47785659660997 20.277758678919156 -8.42772669209478
81 70 353.1107871921673 20.45308729307675 -6.84501971833879
81 71 359.16789603328755 20.4209464503962 -5.298090674482523
81 72 363.70696854113237 20.197186214989472 -3.8279124616436775
81 73 366.8237209565749 19.80799923758292 -2.4676483037293906
81 74 368.64226514859115 19.28541427999383 -1.2403568457183667
81 75 369.30443464801164 18.662918387394114 -0.1588090830489648
81 76 368.9598833146891 17.972113506776026 0.7731787893940236
81 77 367.7580770692236 17.240681875009017 1.5586679502500829
81 78 365.8425474141889 16.491509040059782 2.2054067870329845
81 79 363.3472634951576 15.742635358313919 2.723911410312297
81 80 360.3947245935643 15.007699204353798 3.125977091279566
81 81 357.0953093125985 14.29660707574132 3.423632499625569
81 82 353.5474595943132 13.616254976755215 3.628472697949121
81 83 349.83836391670025 12.971201489770635 3.751281657442661
81 84 346.04489627942786 12.364246787161505 3.801858210208678
81 85 342.2346474962829 11.796905145765919 3.788974656443571
81 86 338.4669469665407 11.26977654613944 3.7204152180586902
81 87 334.7938170601655 10.782831004072534 3.603057639946144
81 88 331.26083168664843 10.335621541056298 3.4429739298090283
81 89 327.90786920054745 9.927440954053253 3.245535450764919
81 90 324.7697607851186 9.557435500217565 3.0155139033573732
81 91 321.8768413938327 9.224686217036123 2.7571738616737207
81 92 319.25541306177115 8.928266323711398 2.474355101299807
81 93 316.9281311912331 8.667281190326207 2.1705444798889744
81 94 314.9143241019932 8.440895765087191 1.8489379734319868
81 95 313.2302552443691 8.248353093994155 1.5124938893910667
81 96 311.88933632321107 8.088986601225258 1.163978443351425
81 97 310.90229835766627 7.962228066335342 0.8060049102061839
81 98 310.2773265027987 7.867612684575306 0.4410675144778793
81 99 310.0201633287105 7.804782186025335 0.16893966550483697
81 100 309.939447171789

82 0 -304.8818597796303
82 1 -304.92572084118115 -8.074595751296528 0.36877033593759734
82 2 -305.6194004515055 -8.139359480322724 0.8634364593513624
82 3 -306.65259375988387 -8.23670387952211 1.19870977952246
82 4 -308.0168200105504 -8.366872538196617 1.524106420447339
82 5 -309.70080660077855 -8.530185712512605 1.836777973866532
82 6 -311.6903759582835 -8.727031596953111 2.133745327912294
82 7 -313.96829725660314 -8.957853607222745 2.4118613960382618
82 8 -316.51409875036 -9.223132258608558 2.6677692261626476
82 9 -319.30383570892843 -9.523359712967363 2.8978547512401462
82 10 -322.3098082528403 -9.859004418936621 3.098193640413996
82 11 -325.5002229897564 -10.23046245588074 3.264492088964886
82 12 -328.83879243077007 -10.637991193028967 3.3920220530291942
82 13 -332.2842670958148 -11.081619694245518 3.4755525461827688
82 14 -335.7898975231356 -11.561028987011099 3.5092803837223983
82 15 -339.3028278632596 -12.075394014355425 3.4867664683061435
82 16 -342.7634304597479 -12.623178105102397 3.4008876981782237
82 17 -346.10460325961606 -13.201870700593076 3.243820201205068
82 18 -349.25107086215803 -13.807660838992405 3.00707710394056
82 19 -352.1187574674972 -14.435044054130543 2.681633329038732
82 20 -354.6143375202355 -15.076371088331115 2.2581800613420455
82 21 -356.63511759018127 -15.72136588905849 1.7275600930620385
82 22 -358.0694577063596 -16.35667040098585 1.0814373535947084
82 23 -358.7979922973707 -16.96551554916985 0.31324136879342745
82 24 -358.6959404439464 -17.52766737259219 -0.580611097634403
82 25 -357.6367701021019 -18.019840376095004 -1.5992908062741833
82 26 -355.49735883139806 -18.416777744544078 -2.7361174403559687
82 27 -352.16453522138994 -18.693126464573453 -3.9774364619878497
82 28 -347.54248590742236 -18.826042486972 -5.3022437028512
82 29 -341.56004781568754 -18.79814843620781 -6.6829629019871675
82 30 -334.176560103448 -18.600139173436304 -8.08753480987312
82 31 -325.3849781959413 -18.232214652981213 -9.482528734280692
82 32 -315.21150263488664 -17.70382771982625 -10.836549761986788
82 33 -303.7118786719677 -17.03187806744259 -12.123091036297097
82 34 -290.96532056229245 -16.238004318991102 -13.322254696669717
82 35 -277.0673692786283 -15.345750940064988 -14.421217094796162
82 36 -262.1228863727001 -14.378187768968601 -15.413678455415777
82 37 -246.24001236779674 -13.356250593192229 -16.29869749754232
82 38 -229.52549137761548 -12.297813599147432 -17.07929575889844
82 39 -212.08142084999986 -11.217357691908177 -17.76110968499063
82 40 -194.00327200763422 -10.126050663957884 -18.35124544184056
82 41 -175.37892996631874 -9.032068501475877 -18.85739248748324
82 42 -156.28848703266775 -7.941026876031273 -19.287188792160208
82 43 -136.80455238199832 -6.8564355097205265 -19.647798817047075
82 44 -116.9928893985736 -5.780124747042699 -19.94565516113382
82 45 -96.91324205973068 -4.712620162927465 -20.186316842134005
82 46 -76.62025571430559 -3.653458169751225 -20.37440473335585
82 47 -56.16443259301898 -2.601445571621266 -20.513583643718704
82 48 -35.59308842686818 -1.5548711735378475 -20.606568829916
82 49 -14.951294933186977 -0.5116797833304689 -20.65514157845934
82 50 5.717194730050501 0.5303803932317379 -20.66016381244945
82 51 26.369032691711922 1.5736259763287261 -20.6215857276926
82 52 46.9603661854357 2.6203114169948982 -20.53844364841948
82 53 67.44591998855088 3.6724959498328076 -20.408848062414407
82 54 87.77806231026452 4.731893431184908 -20.229964610929684
82 55 107.90584921041025 5.79969362497048 -19.99799414383486
82 56 127.77405059793423 6.876343271494505 -19.70816228636899
82 57 147.32217378314823 7.961275778333487 -19.354734754426815
82 58 166.48352010678786 9.052580601746797 -18.93108221789342
82 59 185.18433821893507 10.14660889687444 -18.429827785826816
82 60 203.3431756784415 11.237523018947783 -17.843120288713493
82 61 220.87057879636205 12.31681671373164 -17.16308504320638
82 62 237.66934576485426 13.37286300080595 -16.38250582227643
82 63 253.6355904409149 14.390588712153956 -15.49577915248156
82 64 268.6609040698174 15.351424254052546 -14.500143558450802
82 65 282.6358775578165 16.23372030194014 -13.39711056870513
82 66 295.45512520722764 17.01383077333145 -12.193907724086671
82 67 307.02369300598986 17.667989957372725 -10.90460533316579
82 68 317.2643358735592 18.174919010342137 -9.55049531338301
82 69 326.1246836327559 18.518784744386778 -8.159317432886155
82 70 333.58297073933153 18.69180677171238 -6.763174555191796
82 71 339.65103274313947 18.69569330447777 -5.3954257350671355
82 72 344.3738222094658 18.541393794017097 -4.087283178592173
82 73 347.8255991003238 18.247299506217814 -2.8649627734997694
82 74 350.10374775646534 17.836543322587715 -1.7479639096180222
82 75 351.32152691955986 17.3341746347393 -0.7486027336299514
82 76 351.60095322372524 16.764786442026917 0.12744120955645144
82 77 351.06664450044696 16.150862698478306 0.8799651806226905
82 78 349.84102286247986 15.51185661077514 1.512854775741232
82 79 348.0409349489645 14.86386390766097 2.0327447128826464
82 80 345.77553343671457 14.21970712310457 2.447883868556886
82 81 343.1451672118507 13.589260203787376 2.7672607923849455
82 82 340.2410118519447 12.979882417602255 2.9999829136700953
82 83 337.14520138451053 12.396874052932617 3.1548709807689193
82 84 333.93126989040684 11.843902888231469 3.2402201613868726
82 85 330.6647610617368 11.323376718845395 3.2636813617241955
82 86 327.40390716695845 10.836754127324696 3.2322239384477314
82 87 324.2003131848413 10.38479537153026 3.1521499825162778
82 88 321.0996072019259 9.967760041189791 3.0291386592563185
82 89 318.1420358663287 9.58555986908496 2.868305876282136
82 90 315.3629954493616 9.237875110469133 2.6742696946436695
82 91 312.79349647704134 8.92424208864577 2.4512155913632796
82 92 310.46056426663506 8.644118364081862 2.2029582195522153
82 93 308.3875800379369 8.396930803869054 1.9329979896569398
82 94 306.5945682873212 8.182110746989679 1.6445718609536755
82 95 305.09843631602956 7.99911953295657 1.340698379665639
82 96 303.9131715279899 7.847466895518551 1.0242173716740979
82 97 303.05000157268137 7.72672410593978 0.6978248950967441
82 98 302.5175217377964 7.6365332603969875 0.3641041508985836
82 99 302.3217932708842 7.576613720822536 0.12289790764717168
82 100 302.27172592250207

83 0 -296.96961103144923
83 1 -296.98219788326435 -7.796878668910068 0.32160470400677355
83 2 -297.6128204394628 -7.858133916381121 0.7845340204547142
83 3 -298.5512659241738 -7.950145214722227 1.0880174101912417
83 4 -299.78885525984526 -8.073069205818001 1.3813960393281377
83 5 -301.31405800283005 -8.22710662628225 1.6617671973629058
83 6 -303.1123896545711 -8.412490676378098 1.926110114547953
83 7 -305.16627823192596 -8.6294707268828 2.1712538078340344
83 8 -307.45489727023914 -8.878290041764814 2.3938419343158444
83 9 -309.95396210055765 -9.159155772502459 2.590294438896052
83 10 -312.63548614803125 -9.47219897545449 2.7567660960471585
83 11 -315.46749429265196 -9.81742181420779 2.88910254595595
83 12 -318.41369123994315 -10.194628448034933 2.9827951990191934
83 13 -321.43308469069035 -10.603335419793211 3.0329375427596403
83 14 -324.47956632546243 -11.04265673884376 3.0341870721876205
83 15 -327.5014588350656 -11.51115848991634 2.980739437249156
83 16 -330.44104519996074 -12.00667800226583 2.8663246089988093
83 17 -333.2341080530632 -12.526103888757405 2.68423898902563
83 18 -335.809523178012 -13.0651163608903 2.427432317654791
83 19 -338.0889726883728 -13.617893163936458 2.088673486855953
83 20 -339.9868701517239 -14.176796480003702 1.6608237722136039
83 21 -341.4106202328 -14.732071365275885 1.1372473675804997
83 22 -342.2613648868849 -15.271607141819004 0.512383886762052
83 23 -342.4353880063241 -15.780838136178971 -0.2175091813842016
83 24 -341.8263465241165 -16.242883986244408 -1.0534694637847224
83 25 -340.32844907875466 -16.639041478379625 -1.9928766349739533
83 26 -337.8405932541686 -16.949722299763522 -3.0285804904991096
83 27 -334.27128809775644 -17.155864376631172 -4.148324228441311
83 28 -329.543944797286 -17.24071782697132 -5.334707639123849
83 29 -323.60187281950874 -17.1917382824725 -6.565885231698019
83 30 -316.41217433388994 -17.002175883931898 -7.817036986078449
83 31 -307.96779884735184 -16.671929143929503 -9.062413821876248
83 32 -298.28734669013744 -16.207408660703948 -10.277550145174132
83 33 -287.4126985570036 -15.620468302078933 -11.441176078964276
83 34 -275.4049945322089 -14.926730764804404 -12.53648688569811
83 35 -262.33972478560736 -14.143733171155844 -13.551651822480963
83 36 -248.30169088724696 -13.289251753027614 -14.479650510292586
83 37 -233.3804237650222 -12.380015951125543 -15.317641852498866
83 38 -217.66640718224923 -11.430874010621295 -16.066093431080688
83 39 -201.2482369028608 -10.454368714739815 -16.727860192478104
83 40 -184.21068679729302 -9.460630985331846 -17.307337919399643
83 41 -166.63356106406152 -8.457488540121076 -17.809756162320397
83 42 -148.59117447265223 -7.450699538482667 -18.240629539437265
83 43 -130.152301985187 -6.44424311414889 -18.605357873430705
83 44 -111.38045872579082 -5.4406211156890265 -18.908951524172352
83 45 -92.33439893684229 -4.441144071558128 -19.155853954943368
83 46 -73.06875081590408 -3.446188185550554 -19.349834914746364
83 47 -53.634729107349564 -2.4554194403399663 -19.4939316325819
83 48 -34.08088755074028 -1.4679866344691668 -19.590420237446562
83 49 -14.453888632456438 -0.48268846466019344 -19.640804256384357
83 50 5.200720962028431 0.5018785121542595 -19.645811105630624
83 51 24.837733578804812 1.4871833807280588 -19.605390931198677
83 52 44.41150282442579 2.474627817534362 -19.518715120177106
83 53 63.87516381915903 3.4654083325983933 -19.38417453141876
83 54 83.17985188726331 4.460365651082093 -19.199380262595305
83 55 102.27392434434964 5.459813321060345 -18.961172863106995
83 56 121.1021976134773 6.463338376304087 -18.665649570759953
83 57 139.60522348586954 7.469568616041542 -18.308223552656173
83 58 157.71864471878965 8.475904535383592 -17.88373421902594
83 59 175.37269192392142 9.478220177195425 -17.386633006454716
83 60 192.49191073169908 10.470547411479188 -16.81127346324695
83 61 208.99523885041532 11.44477354111936 -16.15233583964661
83 62 224.7965824109923 12.390403114270683 -15.405411156809222
83 63 239.80606116403376 13.294459886919498 -14.567753043874234
83 64 253.93208849874077 14.14162877756769 -13.63917225298114
83 65 267.08440566999604 14.914749461092015 -12.622995690091955
83 66 279.1780798789247 15.595755753502203 -11.526943130659674
83 67 290.1382919313154 16.167088345545068 -10.363707954184406
83 68 299.9054957872935 16.61348196986978 -9.150997588260509
83 69 308.4402871078364 16.923860009074048 -7.9108389307245375
83 70 315.72717364874256 17.092925258356246 -6.668111158247797
83 71 321.776509424332 17.122016464817136 -5.448503652177806
83 72 326.6241809530982 17.018975872014067 -4.2763062599036346
83 73 330.3291219441393 16.797085307690338 -3.172498775158772
83 74 332.9691785034157 16.47339734871676 -2.1534817171968825
83 75 334.63608537853304 16.066886728104237 -1.230565963609763
83 76 335.43031043063525 15.59678057879853 -0.41013314686696845
83 77 335.456351672267 15.081277516682093 0.30573811899830616
83 78 334.81883419263863 14.536717454148913 0.9184079962156488
83 79 333.6195356798357 13.97716068509996 1.4317619226417264
83 80 331.9553103473552 13.41428389794126 1.851373387405971
83 81 329.91678890502374 12.857490206096571 2.183807794123254
83 82 327.5876947591087 12.31414295579168 2.4360865470943622
83 83 325.044615810835 11.789854930525848 2.6153021280718747
83 84 322.3570905029649 11.288786855847661 2.7283608761214566
83 85 319.5878940585921 10.813927632148449 2.781825895536798
83 86 316.7934387118913 10.367342299794359 2.7818338707435544
83 87 314.024226317105 9.950382749379912 2.7340635538112394
83 88 311.32531160426885 9.563861610898812 2.643738427363729
83 89 308.73674946237753 9.208192639659416 2.515650520044261
83 90 306.2940105641803 8.883502151158439 2.3541961229181823
83 91 304.02835721654117 8.589716302925524 2.1634171152864496
83 92 301.9671763336074 8.32662873027465 1.9470438165230917
83 93 300.134269583495 8.09395250217733 1.708536862796791
83 94 298.55010260801384 7.89135974304304 1.4511267025195025
83 95 297.232016178456 7.718511658105825 1.1778500379199386
83 96 296.19440253217397 7.5750811479802 0.8915830163346357
83 97 295.4488501457867 7.460769717452706 0.5950712750846208
83 98 295.0042599820047 7.375319976079709 0.2909571293606348
83 99 294.86693588706544 7.318524688966761 0.07912327966204202
83 100 294.84601342268064

84 0 -289.3488591112056
84 1 -289.331963503361 -7.488930107601817 0.27713675376881497
84 2 -289.90313261874326 -7.54651530338964 0.7101699135392039
84 3 -290.7523033304394 -7.632957426914686 0.9837744900855796
84 4 -291.8706815989144 -7.748334281144736 1.2471450088873155
84 5 -293.24659334821405 -7.892738923270144 1.4973565033064347
84 6 -294.8653946055273 -8.066266108665928 1.7313812273117435
84 7 -296.70935580283754 -8.26899375192113 1.9460620306515466
84 8 -298.7575186668304 -8.500958248903373 2.1380841805429895
84 9 -300.9855241639235 -8.762122181475775 2.3039458175504706
84 10 -303.3654103019313 -9.052332569096961 2.439927598708664
84 11 -305.86537936134084 -9.371267453084045 2.5420626163844418
84 12 -308.4495355347002 -9.718368232701408 2.6061084474437735
84 13 -311.0775962562284 -10.09275488074556 2.6275242553739417
84 14 -313.7045840454481 -10.493121059680675 2.601457313599269
84 15 -316.2805108834269 -10.917606414789617 2.5227452048840746
84 16 -318.75007445521624 -11.363644206747722 2.3859422993371595
84 17 -321.05239548210125 -11.827784343506039 2.185381842580597
84 18 -323.12083814037743 -12.305495278480919 1.9152878287615067
84 19 -324.88297113962426 -12.790953735625692 1.5699532099253304
84 20 -326.2607445602281 -13.276839332559376 1.1440018600026178
84 21 -327.1709748596295 -13.75416211201835 0.6327494312467365
84 22 -327.52624342272156 -14.212164168664827 0.032670582691622485
84 23 -327.23631602501274 -14.638349870727296 -0.6580354756319764
84 24 -326.2101724714576 -15.018708213090918 -1.4388144398350562
84 25 -324.3586871453426 -15.338188444215547 -2.3061291197932974
84 26 -321.597914231871 -15.581467217856982 -3.252940338607516
84 27 -317.8528064681276 -15.733994518252615 -4.268431989195648
84 28 -313.0610502534797 -15.783226990080863 -5.338117608692528
84 29 -307.17657125074254 -15.719867976508425 -6.444420958947745
84 30 -300.17220833558423 -15.538870366885902 -7.567725671330123
84 31 -292.0411199080823 -15.239966402171234 -8.687761511052742
84 32 -282.79668531347875 -14.827589928822874 -9.785088920136218
84 33 -272.47094206780986 -14.31021839403698 -10.842413140397554
84 34 -261.11185903268364 -13.69930683579598 -11.845519565746628
84 35 -248.7799029363166 -13.008053726798352 -12.783738083019372
84 36 -235.5443828666449 -12.250221007504237 -13.649961235385476
84 37 -221.47998046554565 -11.439160013420533 -14.440319755136002
84 38 -206.6637433563729 -10.587111819571575 -15.15364852251271
84 39 -191.17268342052023 -9.704782779242436 -15.79086665970118
84 40 -175.08201003697053 -8.801154392420457 -16.354365267221823
84 41 -158.46395288607658 -7.883469343781897 -16.84746104063406
84 42 -141.3870879557024 -6.957335327903962 -17.27394336618802
84 43 -123.91606615370054 -6.026897334352427 -17.637720394253435
84 44 -106.11164716719554 -5.095041440989142 -17.94255611854306
84 45 -88.03095391661442 -4.163605234694174 -18.191883911995532
84 46 -69.72787934320448 -3.233580029641942 -18.388680102137688
84 47 -51.25359371233905 -2.305297615714146 -18.535382092637317
84 48 -32.657115157929844 -1.378599540876813 -18.633837854236226
84 49 -13.98591800386659 -0.4529903757840401 -18.685276431835913
84 50 4.713437705741982 0.47222147259564995 -18.6902919670612
84 51 23.394665930255805 1.397790613479991 -18.6488364223125
84 52 42.01111055036698 2.3244037810863603 -18.560218696549146
84 53 60.5151033233541 3.252545578193029 -18.423110228866676
84 54 78.85733100810033 4.182355381129284 -18.235559622467733
84 55 96.98622256828956 5.113470515301884 -17.995021418612865
84 56 114.84737384532606 6.044852034466231 -17.69840699138779
84 57 132.38303655106515 6.974591650452105 -17.34216859534731
84 58 149.53171103602068 7.899702045199064 -16.922430656739536
84 59 166.22789786454422 8.815898525160677 -16.43518490973122
84 60 182.40208085548312 9.717388280467318 -15.876566924789557
84 61 197.98103171412333 10.59669460303904 -15.243229340414885
84 62 212.8885395363129 11.444556714258468 -14.532819476476291
84 63 227.04667066707592 12.249959259592131 -13.744553489184554
84 64 240.377646514682 13.000354643362911 -12.879853984278284
84 65 252.80637863563248 13.682139057159958 -11.942983592770616
84 66 264.26361370022323 14.281420246469821 -10.941568839633618
84 67 274.6895163148997 14.785064157385534 -9.886879116798212
84 68 284.03737193381966 15.181929104169683 -8.79372364985403
84 69 292.2769636146078 15.46410688592647 -7.67987414439969
84 70 299.39712022261904 15.627927156759796 -6.565018099448707
84 71 305.4069998135052 15.67448939700867 -5.469375121409314
84 72 310.33587046543767 15.609588071692627 -4.412214335718971
84 73 314.23142848494314 15.44305819373028 -3.410541296797078
84 74 317.1569530590318 15.187713310251013 -2.4781624892041236
84 75 319.1877534633514 14.858115449173113 -1.6252195035481805
84 76 320.4073920661282 14.469399036705454 -0.8581680018656925
84 77 320.90408946708277 14.036300217777494 -0.18009794402692592
84 78 320.76758795418203 13.572459893425673 0.4087379441590997
84 79 320.08661357876457 13.090001088786181 0.9103111566749931
84 80 318.94696564083205 12.599339635071544 1.3282133895534969
84 81 317.4301867996576 12.109169827603978 1.6671198502353661
84 82 315.6127259403613 11.626566439921476 1.9323476380993725
84 83 313.56549152345883 11.157153438663158 2.1295148808248996
84 84 311.3536961787115 10.70530200086938 2.264292863009473
84 85 309.0369057974399 10.274332358170284 2.3422368056708933
84 86 306.66922256736973 9.866703862954381 2.368679055679195
84 87 304.2995476860815 9.484185017077266 2.3486692936207305
84 88 301.97188398012827 9.128000217191214 2.286948549535822
84 89 299.72565058700985 8.798953115033925 2.187946416541763
84 90 297.59599114704474 8.497528270846487 2.055793357909778
84 91 295.6140638711903 8.22397363350018 1.89434217047949
84 92 293.80730680608576 7.9783666521153975 1.707194418804022
84 93 292.19967503358225 7.760666753262967 1.4977290024253307
84 94 290.8118488012351 7.57075666644613 1.2691310168821701
84 95 289.6614129998179 7.4084747488522 1.0244197846027987
84 96 288.7630092320295 7.273640106446038 0.7664754310209787
84 97 288.12846213777595 7.166071963476128 0.49806372319625325
84 98 287.766881785637 7.085604412280048 0.2218591224126385
84 99 287.6847438929507 7.03209738884118 0.03775706722203154
84 100 287.69136765119293

85 0 -282.0488566627532
85 1 -282.0043376680607 -7.1526050883339565 0.23546658496513828
85 2 -282.5197898326835 -7.206413271414021 0.6405067011418453
85 3 -283.2853510703444 -7.287133366177585 0.8861984324361458
85 4 -284.2921866975558 -7.394773977208587 1.1216145429726794
85 5 -285.52858015628976 -7.529334285241788 1.3438353698417131
85 6 -286.9798574372392 -7.690789444076813 1.5498552858969674
85 7 -288.6282907280837 -7.879070960524473 1.7365616675965896
85 8 -290.4529807724324 -8.094041105704747 1.9007135047611996
85 9 -292.4297177376061 -8.335460180735794 2.038920118702464
85 10 -294.5308210098373 -8.602945235643404 2.1476208244388886
85 11 -296.7249593864839 -8.895918640105918 2.223066882351503
85 12 -298.97695477454033 -9.213544768995462 2.2613077713576786
85 13 -301.24757492919923 -9.55465306073367 2.2581847157803736
85 14 -303.4933242061011 -9.91764593373233 2.209335538143563
85 15 -305.66624600548636 -10.300390652817555 2.110216290182109
85 16 -307.7137567864653 -10.700095424320807 1.9561466802823873
85 17 -309.57853936605113 -11.113172018944567 1.742387917292433
85 18 -311.19853262105016 -11.535090360704856 1.464262925535138
85 19 -312.5070652171214 -11.9602350360787 1.1173294327774954
85 20 -313.43319148660515 -12.381779680088812 0.6976153958209466
85 21 -313.9022960087633 -12.791602442465376 0.20192253147504857
85 22 -313.83703654955525 -13.180273334228957 -0.371803871946895
85 23 -313.1586882648695 -13.53715031614783 -1.0240532258102917
85 24 -311.78893009793467 -13.850622392123313 -1.7533080372729728
85 25 -309.65207219032357 -14.108530513897449 -2.555635639740018
85 26 -306.67765881845463 -14.298776526569497 -3.424386564536178
85 27 -302.8032990612512 -14.410094621911696 -4.350084000665191
85 28 -297.97749081712425 -14.432912297712761 -5.320581097379659
85 29 -292.1621368664919 -14.36018062476279 -6.321528608503058
85 30 -285.33443360011813 -14.18802655159277 -7.337135411741258
85 31 -277.4878660430094 -13.91609310857379 -8.35113338381322
85 32 -268.6321668324917 -13.547493058767202 -9.347802137039878
85 33 -258.7922617689296 -13.088389764956773 -10.312892985937381
85 34 -248.00638086061693 -12.547300159582619 -11.234322218459482
85 35 -236.32361733201066 -11.934258927904892 -12.10256599418922
85 36 -223.8012488722385 -11.259982570157106 -12.910756796914768
85 37 -210.50210373818112 -10.53513894070592 -13.654532664566204
85 38 -196.49218354310608 -9.769781779367406 -14.33171619690259
85 39 -181.83867134437594 -8.972967047900084 -14.941902765326986
85 40 -166.6083780124521 -8.152537281981665 -15.486024483939104
85 41 -150.86662237649773 -7.315043393521805 -15.965937097803902
85 42 -134.6765038168443 -6.465767967316509 -16.384057530007794
85 43 -118.09850731648214 -5.608816192961584 -16.743063986515885
85 44 -101.19037584381253 -4.747246523779346 -17.0456594245141
85 45 -84.00718846745394 -3.8832203117982047 -17.294392543596167
85 46 -66.6015907566202 -3.0181564463059125 -17.491527295766335
85 47 -49.02413387592127 -2.152882676971032 -17.638951143816772
85 48 -31.323688468986653 -1.287779631320376 -17.738112997516456
85 49 -13.547907880888358 -0.42291663672307056 -17.78998324291189
85 50 4.256278016837131 0.44181945455369953 -17.795030116366593
85 51 22.04215235184483 1.3065999322872877 -17.75320862270797
85 52 39.76269526225307 2.1715311718947348 -17.663960155464068
85 53 57.37007266277297 3.0365294096025863 -17.526222931375838
85 54 74.81514112500474 3.9011901219519487 -17.33845532548645
85 55 92.04698331374587 4.764649500843014 -17.098676209770048
85 56 109.01249354454484 5.625436872651498 -16.804528435609733
85 57 125.65604018496533 6.4813191202927385 -16.45337354192334
85 58 141.91924062839152 7.329141492357508 -16.042427344317367
85 59 157.74089487360007 8.164673868967498 -15.56894677118646
85 60 173.05713417076444 8.982477704454169 -15.030477385368584
85 61 187.80184964433724 9.775816238391698 -14.425167405855461
85 62 201.90746898247536 10.53663826791113 -13.752146500256131
85 63 215.3061426448495 11.25567192288058 -13.01195511476979
85 64 227.93137921201495 11.922666363785368 -12.206992455413314
85 65 239.72012755567613 12.526811937892205 -11.341930086985045
85 66 250.61523938598503 13.05734882665655 -10.424018030434098
85 67 260.5681636165443 13.504338534184768 -9.463199096484544
85 68 269.5416375789541 13.859525179173858 -8.471954859719574
85 69 277.5120733359835 14.117166427719155 -7.464840878134424
85 70 284.471319335223 14.27468687523762 -6.457728647165595
85 71 290.42753063031466 14.333019811270333 -5.466842737244974
85 72 295.4050048097129 14.296562927345349 -4.507737463182025
85 73 299.4430055566787 14.172761656366305 -3.5943735366003864
85 74 302.5937518829137 13.971414857495233 -2.7384244617540503
85 75 304.9198544801868 13.7038417252204 -1.948880237155322
85 76 306.49151235722434 13.382048340005525 -1.2319483782625866
85 77 307.383751236712 13.017999224388774 -0.5912010242814745
85 78 307.6739144057873 12.623053210458124 -0.027891132775664573
85 79 307.4395335022633 12.207580239672382 0.45864166428759745
85 80 306.7566310772121 11.780745111034292 0.8705421262237678
85 81 305.6984492498158 11.35042739155756 1.2110345989731854
85 82 304.3345618792657 10.923241260508917 1.4840701581535427
85 83 302.7303089335087 10.50462108024891 1.6940376890197797
85 84 300.94648650122616 10.098944338833292 1.8455397956285822
85 85 299.03922934225153 9.70967064573432 1.9432277576217984
85 86 297.06003098598256 9.339482096678921 1.9916865296505364
85 87 295.05585628295046 8.990415810670868 1.9953599080480728
85 88 293.0693111698864 8.663983584060361 1.958506525320388
85 89 291.1388432323097 8.361276505161499 1.885178573699534
85 90 289.29895402248735 8.083054257603067 1.779216641384437
85 91 287.5804099495408 7.829819965069163 1.6442554965553597
85 92 286.01044302937663 7.601882021142188 1.4837369362858794
85 93 284.61293607696905 7.399404586066538 1.300926877127523
85 94 283.4085892751216 7.2224484495773424 1.0989346981087351
85 95 282.4150666807516 7.071003845576996 0.880733477919847
85 96 281.6471223192819 6.945016617737622 0.6491802309585637
85 97 281.11670621883445 6.844408909824267 0.407035580918631
85 98 280.83305115744463 6.769095312858269 0.1569825547256869
85 99 280.8027411093831 6.718995161372391 -0.001095039577847956
85 100 280.8352412366003

86 0 -275.0969951608416
86 1 -275.0267533266931 -6.7898094176576365 0.19665545753682068
86 2 -275.4903060759152 -6.839782249070879 0.5756416356955754
86 3 -276.17803659808425 -6.914701196882419 0.7954137842910143
86 4 -277.08113364449724 -7.014516208173404 1.0049440898231126
86 5 -278.1879247777305 -7.139147466859043 1.2013410364382082
86 6 -279.48381571737366 -7.288470486860092 1.3816445520290586
86 7 -280.9512138817886 -7.46229637151248 1.5428103690236128
86 8 -282.5694364554209 -7.660346502466325 1.6816949603316687
86 9 -284.3146038024519 -7.882220781909496 1.795041687611814
86 10 -286.1595198306445 -8.127358438044752 1.8794691393385392
86 11 -288.073542081129 -8.394990341236593 1.9314630830323836
86 12 -290.0224459967093 -8.68408180738325 1.9473740268160213
86 13 -291.96829013476105 -8.993265045088123 1.9234230906370726
86 14 -293.8692921779834 -9.320760816913008 1.855719721515385
86 15 -295.6797295777918 -9.664289641637936 1.7402957142955984
86 16 -297.3498836065746 -10.020974097902752 1.573160933210147
86 17 -298.8260514442121 -10.387235646786024 1.3503869061965474
86 18 -300.0506574189677 -10.758692002820794 1.068224811627374
86 19 -300.96250106746686 -11.130064508923738 0.7232638905413751
86 20 -301.49718520005047 -11.495109105975331 0.3126344536159422
86 21 -301.58776997469874 -11.846588932115878 -0.16574422289340873
86 22 -301.16569675426365 -12.176310489381564 -0.7128772909908321
86 23 -300.1620153927171 -12.475247248003086 -1.3283845335263322
86 24 -298.508927687211 -12.733772525622584 -2.010194637584675
86 25 -296.14162611754773 -12.942015227793746 -2.754283254239482
86 26 -293.000361178732 -13.090335849940658 -3.5545044466217632
86 27 -289.0326172243042 -13.16989615381027 -4.402567760338911
86 28 -284.1952256580542 -13.173267648405783 -5.288203611543622
86 29 -278.45621000121696 -13.094999097719608 -6.1995352128277545
86 30 -271.7961552323987 -12.932052257734597 -7.123638155141123
86 31 -264.2089336909347 -12.684026895212341 -8.047228018227173
86 32 -255.70169919594434 -12.35313216182611 -8.9573855765192
86 33 -246.2941625378963 -11.943911652806023 -9.84222024121297
86 34 -236.0172587135184 -11.46277652321514 -10.691388728694747
86 35 -224.91138508050682 -10.917429645200997 -11.49642049359386
86 36 -213.02441772633068 -10.316268385134464 -12.250841248186504
86 37 -200.4097025841338 -9.667838478804327 -12.950118964346302
86 38 -187.12417979763808 -8.980386117570617 -13.591476629706875
86 39 -173.22674932472006 -8.261528993189955 -14.17362216231544
86 40 -158.7769354730072 -7.5180457654147546 -14.696441612843543
86 41 -143.83386609903297 -6.755769607880495 -15.160691725968903
86 42 -128.4555520210694 -5.979564826169529 -15.5677161656278
86 43 -112.69843376777737 -5.193364313727017 -15.919198950716272
86 44 -96.61715411963685 -4.400247782889032 -16.21696023737968
86 45 -80.26451329301801 -3.6025445350921927 -16.4627938345221
86 46 -63.69156645059265 -2.80194878452172 -16.658342467310515
86 47 -46.94782835839698 -1.999639491923059 -16.80500527765178
86 48 -30.081555895289092 -1.1963999540667434 -16.903871813988268
86 49 -13.14008473042045 -0.3927349332012904 -16.95567734596184
86 50 3.829798796634583 0.41101506143057076 -16.96077539805084
86 51 20.78146606568123 1.2145615197617943 -16.919124704971463
86 52 37.66804820657751 2.01755620409174 -16.830289219233848
86 53 54.442044504148924 2.8194782340240643 -16.693451278809462
86 54 71.05495076419643 3.619518502064693 -16.507439531227305
86 55 87.45692356660354 4.416460654526588 -16.270774667913315
86 56 103.59650010002306 5.208559148068588 -15.981737371938067
86 57 119.42039831047967 5.993416836376859 -15.6384639756413
86 58 134.87342805130567 6.7678672599261205 -15.239075908064777
86 59 149.89855012660922 7.527870347932122 -14.781848697634558
86 60 164.43712544657478 8.268434481760622 -14.265424555365357
86 61 178.42939923733994 8.983582408632387 -13.689068776957924
86 62 191.81526300049063 9.66638248154807 -13.052963791987409
86 63 204.53532682131475 10.309068709015122 -12.358525393310316
86 64 216.53231378711126 10.903271133091877 -11.60871396926666
86 65 227.75275475984807 11.440369867579676 -10.808301129899434
86 66 238.14891604691013 11.911970004997116 -9.964042243341055
86 67 247.68083924653018 12.310470676106277 -9.084702764280905
86 68 256.31832157547194 12.629673321144807 -8.180895756319643
86 69 264.04263075916947 12.865349371466849 -7.264712448335928
86 70 270.8477464721438 13.015676546351955 -6.34916471589753
86 71 276.74096019096453 13.081464816049674 -5.4474990693015855
86 72 281.74274461074697 13.066129069257329 -4.572472490622999
86 73 285.8859051722105 12.975415725402371 -3.7356893666471933
86 74 289.21412334404135 12.816937521190624 -2.9470824203500285
86 75 291.7800700129106 12.599599270773894 -2.2145860210378885
86 76 293.64329538611713 12.333001974966948 -1.5440105026973185
86 77 294.8680910183052 12.026897551541936 -0.9390930735743268
86 78 295.5214815332658 11.690741097630792 -0.4016810405572926
86 79 295.6714530994198 11.333361230746164 0.06800305725116118
86 80 295.38547541876346 10.962747760472041 0.4710605414386748
86 81 294.72933201654246 10.585942107505872 0.8096159997099903
86 82 293.7662434193435 10.209009180763019 1.086541326790723
86 83 292.556249362961 9.837068133182527 1.3052179591492745
86 84 291.15580750104493 9.47436150991112 1.4693424284948833
86 85 289.61756450597125 9.124346035377101 1.582774563516523
86 86 287.9902583740119 8.789792428434367 1.6494242206157423
86 87 286.31871606473976 8.472885459460258 1.6731707810021703
86 88 284.64391681200755 8.175318629977255 1.6578092440264527
86 89 283.00309757668686 7.898380278246236 1.6070170900844687
86 90 281.4298826318386 7.643029649472112 1.5243368178174421
86 91 279.95442394105197 7.409962635596912 1.4131699340186117
86 92 278.6035427638014 7.199667619873452 1.2767790398013972
86 93 277.4008658614492 7.012472276036874 1.1182954308604849
86 94 276.3669519020804 6.8485823678035445 0.9407302763926282
86 95 275.5194053086639 6.708113642087966 0.7469879527630781
86 96 274.87297599655426 6.591117855129113 0.5398804952682497
86 97 274.4396443181274 6.497603843064326 0.3221424183169006
86 98 274.22869115992046 6.427554367240248 0.09644537396076203
86 99 274.2467535702059 6.3809392523435235 -0.03735961137087429
86 100 274.3034103826622

87 0 -268.5187641934296
87 1 -268.42471883274544 -6.402474952667973 0.1607305705560691
87 2 -268.84022533454174 -6.448596058837921 0.5156149219170629
87 3 -269.45594867657957 -6.51769804937183 0.7114644733336206
87 4 -270.263154281209 -6.6096831083430345 0.8971682729960548
87 5 -271.2502852225717 -6.724407627360279 1.0698810911550254
87 6 -272.40291646351903 -6.861667589017259 1.226706381243531
87 7 -273.70369798505874 -7.021179451136845 1.3646856519903565
87 8 -275.13228776749975 -7.202556000323256 1.4807890943641837
87 9 -276.6652761737871 -7.405276574249228 1.5719081831240374
87 10 -278.2761041337478 -7.6286510226114785 1.6348512651117915
87 11 -279.9349787040107 -7.871776811614751 1.666343513013004
87 12 -281.60879115977383 -8.133488811452509 1.6630330675061487
87 13 -283.261044839023 -8.412301588276819 1.6215057062506162
87 14 -284.85180257227506 -8.706344512794288 1.5383109415937497
87 15 -286.3376667222105 -9.013290769969899 1.4100030091923657
87 16 -287.6718085906598 -9.330282486893026 1.2332006751342988
87 17 -288.8040680724791 -9.653855757882667 1.0046700123743904
87 18 -289.6811486154086 -9.979871370214113 0.7214340633974246
87 19 -290.24693619927393 -10.303459473376904 0.3809123296229586
87 20 -290.4429732746545 -10.618989101485056 -0.018909027371194043
87 21 -290.20911814453154 -10.920075950274395 -0.47927885193118414
87 22 -289.4844155707921 -11.199643445501067 -1.0004621878341027
87 23 -288.20819376886334 -11.450051940322282 -1.5815152620513118
87 24 -286.3213850466895 -11.663307666085359 -2.220076017063633
87 25 -283.7680417347361 -11.831355738306769 -2.912198964058092
87 26 -280.4969871185733 -11.946449597328865 -3.6522674905527026
87 27 -276.46350675363067 -12.001573555459089 -4.433015799130317
87 28 -271.6309555203127 -11.990878362334428 -5.245684041288996
87 29 -265.9721386710527 -11.910076573948018 -6.080313217831872
87 30 -259.47032908464894 -11.756740558656375 -6.926163209233991
87 31 -252.1198122525847 -11.530455231416198 -7.772213287904734
87 32 -243.92590250883947 -11.232799885020484 -8.60768689463356
87 33 -234.90443846331758 -10.867163206479518 -9.422537347326411
87 34 -225.08082781418665 -10.43842374753386 -10.207840210854457
87 35 -214.48875804160866 -9.95254669120807 -10.956057856108544
87 36 -203.16871210196956 -9.416153075676931 -11.661165630518099
87 37 -191.16642678057246 -8.83611107781357 -12.318650397002358
87 38 -178.53141130796485 -8.219185054909133 -12.925406711288218
87 39 -165.31561335799603 -7.571761941120172 -13.479562413171124
87 40 -151.5722864816226 -6.899660243167318 -13.980265098629644
87 41 -137.35508316073674 -6.208016369793583 -14.427456158558677
87 42 -122.71737416450524 -5.5012368122618085 -14.821652235854316
87 43 -107.71177868902811 -4.783002173589551 -15.163746943235388
87 44 -92.38988027803447 -4.0563091803524784 -15.454839645879275
87 45 -76.80209939726956 -3.323538537866014 -15.696093545228855
87 46 -60.99769318757676 -2.5865389412410877 -15.888622252597202
87 47 -45.024854892075155 -1.8467201310519918 -16.033402313361798
87 48 -28.930888560853166 -1.1051502262990578 -16.131208438794687
87 49 -12.762438014485777 -0.3626545050794254 -16.182568227414578
87 50 3.4342478939759893 0.3800857216490845 -16.18773366340351
87 51 19.613029312321242 1.1224344799981267 -16.1466674800468
87 52 35.72758285406959 1.8637024952631762 -16.0590434412018
87 53 51.73111619472484 2.6030481122233695 -15.924260633402884
87 54 67.57610412087536 3.3393775572067455 -15.741472904983926
87 55 83.21406200469269 4.071244959719266 -15.509635563766153
87 56 98.59537524840766 4.796753636271767 -15.227572253759462
87 57 113.66920651221162 5.513461710416358 -14.894065430065808
87 58 128.38350610853928 6.218297209944772 -14.507973832762104
87 59 142.68515417773582 6.907490281409508 -14.06837954935196
87 60 156.5202652072432 7.576532895061092 -13.57476532466832
87 61 169.83468482707246 8.220178971630688 -13.027219406068014
87 62 182.57470401937923 8.83249956142754 -12.426660199873396
87 63 194.68800522681926 9.407007566752426 -11.775066463225983
87 64 206.1248369458312 9.93686334166226 -11.07569129684876
87 65 216.83938782051678 10.415165233939305 -10.333231215079806
87 66 226.7912993759908 10.835317263100237 -9.553917221907497
87 67 235.94722226433177 11.191450469001197 -8.745495780336853
87 68 244.2822909366645 11.478857748472791 -7.917076164359003
87 69 251.78137459304978 11.694388904092563 -7.078837652927277
87 70 258.43996624251906 11.83674869483994 -6.241613202582769
87 71 264.2646009982153 11.906649935216507 -5.4163902143396
87 72 269.27274667119826 11.906795947671611 -4.613786553829328
87 73 273.49217410587397 11.841696361176588 -3.843565084667091
87 74 276.95987684053244 11.717348395610003 -3.1142409163825278
87 75 279.720655938639 11.540834316402737 -2.4328157833789987
87 76 281.82550840729044 11.319891045035973 -1.8046500974945445
87 77 283.3299561336281 11.06250134252258 -1.2334619016176305
87 78 284.2924322105257 10.776542073372212 -0.7214274535714367
87 79 284.772811040771 10.469508947768105 -0.2693516728711529
87 80 284.831135556268 10.148322772716028 0.12312300298347623
87 81 284.52656503480404 9.81921170763627 0.4572960192641631
87 82 283.9165435177397 9.487657765561949 0.7351961838301975
87 83 283.05617266714364 9.158393232577339 0.9593900181678805
87 84 281.9977634814039 8.835432754443843 1.1328176978231568
87 85 280.7905372714973 8.522128497602324 1.2586586761450462
87 86 279.48044612911383 8.221238168977862 1.3402259537336931
87 87 278.11008536402994 7.934998180202854 1.3808861095909606
87 88 276.7186739099319 7.665196518267379 1.384001344106366
87 89 275.3420826758172 7.4132417748243995 1.3528895931943907
87 90 274.0128947235431 7.180226252683866 1.290798998735113
87 91 272.760484678347 6.966982143091343 1.2008934669566997
87 92 271.6111077896297 6.774130515968068 1.0862465767258414
87 93 270.5879915248953 6.602123359383427 0.9498416250576156
87 94 269.7114245395145 6.45127920846798 0.794576064159827
87 95 268.99883939657565 6.321813066223001 0.6232689652454155
87 96 268.46488660902367 6.213861368601982 0.4386704319349235
87 97 268.1214985327058 6.127502696427058 0.2434720930297658
87 98 267.97794242296413 6.0627747933742455 0.04031796400488474
87 99 268.04086260469603 6.019688231428319 -0.07099142903567213
87 100 268.1199252810355

88 0 -262.33773354476074
88 1 -262.22180342135715 -5.992538339986282 0.12769020673931664
88 2 -262.59311395823937 -6.0348263456899645 0.4604185389917177
88 3 -263.1426404993406 -6.098148057242355 0.6343267347859012
88 4 -263.8617674278112 -6.182368696143357 0.7982345118346643
88 5 -264.7391095230099 -6.28729578869067 0.949356555763984
88 6 -265.76048053933914 -6.412665285489055 1.084872728252492
88 7 -266.9088549795149 -6.558123610111295 1.201921957717616
88 8 -268.1643244547744 -6.723205287931705 1.2975978372192856
88 9 -269.50405065395347 -6.907305790731272 1.368946665323591
88 10 -270.90221778542156 -7.109649262746814 1.4129689019730165
88 11 -272.3299884578995 -7.329250890882406 1.4266252941913535
88 12 -273.75546837380426 -7.564873874031406 1.4068492501539538
88 13 -275.1436869582074 -7.81498126911211 1.3505673892952927
88 14 -276.45660315239485 -8.07768348563738 1.2547305398223045
88 15 -277.653148037852 -8.35068290977867 1.116357740196861
88 16 -278.68931863278857 -8.631218100815175 0.9325959452973791
88 17 -279.5183399284468 -8.916011236233828 0.7007980228754604
88 18 -280.0909146785395 -9.20122396465004 0.4186210961331369
88 19 -280.35558212071305 -9.482428465981485 0.08414615927043201
88 20 -280.25920699708035 -9.754602117737448 -0.30398202328154866
88 21 -279.74761807414995 -10.012155386583942 -0.74639856690942
88 22 -278.7664098632615 -10.249002910785663 -1.2428532810387196
88 23 -277.2619115120725 -10.458686588251936 -1.792048754110624
88 24 -275.18231235504027 -10.634556189555724 -2.3914984355691615
88 25 -272.4789146409342 -10.770007114823926 -3.037425185482988
88 26 -269.1074619840743 -10.858766445817508 -3.7247222637740833
88 27 -265.029470113386 -10.895208288868446 -4.446996525344474
88 28 -260.21346893338534 -10.874669485850717 -5.196706630032551
88 29 -254.63605685332092 -10.793729887136209 -5.965397409149702
88 30 -248.28267411508594 -10.650420458361452 -6.744016812609303
88 31 -241.14802322810232 -10.444329342916163 -7.523287344591282
88 32 -233.23609942590338 -10.176590104585017 -8.29409355158252
88 33 -224.55983612493728 -9.849754528591035 -9.047844103726348
88 34 -215.14041121845068 -9.467569738881423 -9.7767722134233
88 35 -205.00629169809068 -9.03469156707689 -10.47414982173693
88 36 -194.19211157497682 -8.556370776743805 -11.134405634792003
88 37 -182.73748042850667 -8.038146199719094 -11.753150943578504
88 38 -170.6858096878198 -7.4855712567410535 -12.327127493013478
88 39 -158.08322544247972 -6.903990553064432 -12.854097350573625
88 40 -144.97761498667256 -6.298373731382583 -13.332696041516954
88 41 -131.4178333594458 -5.673206105112492 -13.762268295063393
88 42 -117.45307839654578 -5.03243041906731 -14.142701969423769
88 43 -103.13242942059827 -4.379431316126315 -14.474271318806942
88 44 -88.5045357589319 -3.7170532539227708 -14.757496601656143
88 45 -73.61743621728598 -3.047643108279317 -14.993023595410708
88 46 -58.51848856811048 -2.373109952684935 -15.181524060496493
88 47 -43.254388096293 -1.6949960691816415 -15.32361656270975
88 48 -27.871255442690977 -1.014554818349593 -15.4198061880157
88 49 -12.414775720261598 -0.3328323886508402 -15.470441398013696
88 50 3.069627353336414 0.34924843846099773 -15.475686412973287
88 51 18.536597105684976 1.0308035716752428 -15.435507931357371
88 52 33.94064321605116 1.7109025328892393 -15.349675587008605
88 53 49.235948279702185 2.3884834672417945 -15.217776216865893
88 54 64.37619564978294 3.0622688713754016 -15.039242683731409
88 55 79.314433647165 3.730683189574016 -14.813398588848294
88 56 94.00299282747953 4.391774284981864 -14.539520621240975
88 57 108.39347488964695 5.043141981982998 -14.216920401968295
88 58 122.43683363141612 5.681878353753348 -13.845047337071627
88 59 136.0835695637902 6.304526088890796 -13.423613012518238
88 60 149.2840596564526 6.907062904228525 -12.952735865144177
88 61 161.98904129407856 7.48492123217838 -12.433102110591477
88 62 174.15026387763555 8.033052801197243 -11.86613519686567
88 63 185.7213116878099 8.546046621353241 -11.254161613075595
88 64 196.65858710378674 9.018305635141417 -10.60055630207978
88 65 206.92242429196946 9.444281435441752 -9.909847208461457
88 66 216.47828152070966 9.81875802521536 -9.187757008279164
88 67 225.2979383085278 10.137165475048988 -8.441162278908351
88 68 233.36060607852636 10.395894448156938 -7.677957321228277
88 69 240.65385295098434 10.592575703228022 -6.906821501968778
88 70 247.17424908246392 10.726287776584414 -6.136903684773586
88 71 252.92766032053152 10.797662896010024 -5.3774518164699145
88 72 257.92915271540375 10.808875270339414 -4.637426064662918
88 73 262.20251244985735 10.76351403384949 -3.9251369187088017
88 74 265.77942655282135 10.666360482288326 -3.2479444651238794
88 75 268.6984013801051 10.523101394950544 -2.612043371611918
88 76 271.0035132960452 10.340014889773187 -2.0223434765774755
88 77 272.74308833326006 10.123662699919805 -1.4824420452380878
88 78 273.96839738652136 9.880615166036705 -0.9946734353117677
88 79 274.7324352038836 9.61722544551398 -0.5602162434050229
88 80 275.0888298733314 9.33945991600902 -0.17923669869315972
88 81 275.0909086012699 9.05278406897088 0.1489509925559105
88 82 274.7909278882196 8.762097983159435 0.42572285173179125
88 83 274.23946289780633 8.471712662738241 0.6529929480311694
88 84 273.48494199215725 8.18535764690236 0.8330776935198685
88 85 272.5733075107666 7.906210744031824 0.968579978050542
88 86 271.54778203605616 7.63694194944631 1.062293903216272
88 87 270.44871970433405 7.379765131487801 1.117129130291687
88 88 269.3135237754728 7.136492617406077 1.1360528386479984
88 89 268.17661402703806 6.908589205224246 1.1220468245009556
88 90 267.0694301264709 6.697223292026706 1.0780771860843856
88 91 266.0204596548693 6.503313727768784 1.0070741973028134
88 92 265.05528173186525 6.327571698385441 0.9119202560934809
88 93 264.1966191426823 6.1705374509990065 0.7954441233603973
88 94 263.46439348514446 6.032612037374292 0.6604199832322024
88 95 262.8757791762179 5.914084499147094 0.5095701128970802
88 96 262.4452532593503 5.815155059751646 0.3455701254723067
88 97 262.1846389252733 5.735954909849056 0.17105584308916377
88 98 262.10314157317197 5.6765630487888075 -0.011369091037977341
88 99 262.20737710734926 5.637020369655659 -0.10196887455629167
88 100 262.30707932228455

89 0 -256.5755546538053
89 1 -256.4396421527729 -5.561923376196859 0.09750899467826457
89 2 -256.7705726431618 -5.600424926570582 0.41000520466099033
89 3 -257.25965256209486 -5.65804476879137 0.5639221228802285
89 4 -257.89841688892227 -5.7346215222835895 0.7080205415477394
89 5 -258.67569364519034 -5.829928043728543 0.8395845018093269
89 6 -259.5775858925409 -5.943658592181237 0.9558785598229065
89 7 -260.58745076483615 -6.075412398510849 1.0541456495477064
89 8 -261.68587719163634 -6.224673442947903 1.131606913744207
89 9 -262.85066459232456 -6.390786267083087 1.1854642083089288
89 10 -264.0568056082542 -6.572927714796293 1.212906164960657
89 11 -265.2764769222459 -6.770074627461554 1.2111189017284119
89 12 -266.479043411711 -6.980967733270802 1.1773026892764449
89 13 -267.63108230079877 -7.204072292492953 1.1086960946446425
89 14 -268.6964356010003 -7.437536514657694 1.0026093009271904
89 15 -269.63630090265315 -7.6791493714006265 0.8564683940145699
89 16 -270.40937238902944 -7.926300200918462 0.6678723486791398
89 17 -270.9720456000114 -8.175943426128839 0.4346641485395253
89 18 -271.2787006861085 -8.424572741769254 0.1550168336497677
89 19 -271.28207926731096 -8.66821016432823 -0.17246582346444939
89 20 -270.9337690391796 -8.902416208755739 -0.5486359479736507
89 21 -270.18480737136366 -9.122327899297545 -0.9736796449793985
89 22 -268.9864097492208 -9.322731003118065 -1.4469933895020972
89 23 -267.29082059235947 -9.498171421094895 -1.9670685408213728
89 24 -265.05227266757805 -9.643107755128625 -2.5313965436356227
89 25 -262.2280275050882 -9.752102557765426 -3.1364092203198766
89 26 -258.7794542269383 -9.820043881390234 -3.7774686645972224
89 27 -254.67309017589378 -9.84238221880301 -4.448918839163525
89 28 -249.88161654861125 -9.815362054581058 -5.144205639556759
89 29 -244.38467889678026 -9.736223681494195 -5.856064190342607
89 30 -238.16948816792603 -9.603351231419097 -6.576762665013945
89 31 -231.23115356675237 -9.416347828145376 -7.298382934128298
89 32 -223.57272229966944 -9.176027892363749 -8.013112080308431
89 33 -215.2049294061355 -8.88432803684681 -8.713516981622817
89 34 -206.1456883364238 -8.544148991089756 -9.392777249340313
89 35 -196.41937490745488 -8.159149081557345 -10.044858893970925
89 36 -186.05597054848195 -7.733513516366969 -10.664620263160302
89 37 -175.09013438113428 -7.271723012372206 -11.247850876999607
89 38 -163.56026879448274 -6.778341200004235 -11.791251064633556
89 39 -151.50763225186716 -6.257834312929205 -12.292364887812653
89 40 -138.97553901885743 -5.714430431961844 -12.749480650677704
89 41 -126.00867095051176 -5.152020112271842 -13.161512846243404
89 42 -112.65251332637062 -4.574096165167759 -13.527877446868139
89 43 -98.95291605677548 -3.983727823035423 -13.848369778090849
89 44 -84.95577377018893 -3.3835633174104345 -14.123051438032277
89 45 -70.70681318071092 -2.775854725851687 -14.35215024399102
89 46 -56.25147328220689 -2.1624994426670554 -14.535975213499526
89 47 -41.63486275371187 -1.5450934912223921 -14.674847179026454
89 48 -26.90177892415398 -0.9249928817725728 -14.769044758263888
89 49 -12.096773237184097 -0.30338016242230736 -14.818764970603986
89 50 2.735751017053994 0.3186658920412433 -14.824097703077427
89 51 17.551422168970756 0.9400989168863507 -14.785013385618559
89 52 32.30577778829111 1.5598330265219325 -14.701363545635248
89 53 46.95414926024125 2.1766713146829026 -14.572894294916722
89 54 61.451566378124554 2.7892359299019134 -14.399273182651704
89 55 75.75269562554466 3.3959012677360008 -14.180130150159691
89 56 89.81182667844394 3.994732458978021 -13.91511346135048
89 57 103.58292254824562 4.583432181231672 -13.603961361294324
89 58 117.01974940103258 5.159299816712249 -13.246589725854307
89 59 130.07610199995423 5.719208007839846 -12.843194998876783
89 60 142.70613939878615 6.259602540516866 -12.394370181380737
89 61 154.8648423627157 6.7765319480457435 -11.901229509099295
89 62 166.50859841698474 7.2657129363199715 -11.365534810698534
89 63 177.59591198411277 7.7226363065703225 -10.78981362928181
89 64 188.08822567554836 8.142715168381699 -10.177456482760249
89 65 197.95082494963327 8.521472753751667 -9.532778825005863
89 66 207.15378332556008 8.854761284919604 -8.861033182300261
89 67 215.6728913142338 9.138996851266981 -8.168359357395275
89 68 223.49050204035063 9.37138940203964 -7.461665936179969
89 69 230.59622318659373 9.550143414353073 -6.7484443244998005
89 70 236.98739068935024 9.674605101343971 -6.036526009800767
89 71 242.66927520619527 9.745336985129114 -5.3338027205846
89 72 247.65499613051944 9.764109776237788 -4.647935415989863
89 73 251.965146038175 9.733812897335241 -3.9860798727181788
89 74 255.6271558759558 9.658295975954175 -3.354653555281473
89 75 258.67445314873794 9.542161703393717 -2.759161375894138
89 76 261.14547862774407 9.390534166726312 -2.2040887925252832
89 77 263.0826307337885 9.208826038762766 -1.6928616253541122
89 78 264.5312018784523 9.002523897610189 -1.227864707977261
89 79 265.538360149743 8.777005007482472 -0.8105069228988384
89 80 266.15221572424997 8.537392640416783 -0.4413183735596249
89 81 266.4209968968623 8.288451559894867 -0.12006591358542096
89 82 266.3923475514208 8.034521207112988 0.15412477759755916
89 83 266.11274734166716 7.779481561665364 0.38264968191080584
89 84 265.6270481875992 7.526745421194903 0.5673157791167398
89 85 264.9781157834337 7.279270641814691 0.7102429786889957
89 86 264.2065622302212 7.039586356110959 0.8137803411896698
89 87 263.35055510105434 6.809828033647818 0.8804367775507274
89 88 262.44568867511975 6.591777238636581 0.9128254178428108
89 89 261.5249042653687 6.386902916569497 0.9136202678150198
89 90 260.6184481394897 6.196401918624332 0.8855235212796515
89 91 259.7538572228094 6.02123721295294 0.8312418733154345
89 92 258.95596439285885 5.862172834156382 0.7534702999560636
89 93 258.2469166228973 5.719805105996585 0.6548819640464671
89 94 257.6462004647659 5.594590065249349 0.5381231123079147
89 95 257.17067039828146 5.486867336959989 0.40581198762276927
89 96 256.8345764895204 5.396880957677581 0.2605408426368854
89 97 256.6495887130077 5.324797763442035 0.10488008206692712
89 98 256.6248163253865 5.27072385886855 -0.05861657618851268
89 99 256.7668218653847 5.234719279958426 -0.13028884996438705
89 100 256.8853940253153

90 0 -251.251977929993
90 1 -251.09795666896343 -5.112526984268939 0.07014308755260856
90 2 -251.3922641050982 -5.147309991908088 0.364297146397206
90 3 -251.82655096175785 -5.199337761926472 0.500130139072894
90 4 -252.392524383244 -5.26843198254933 0.6263512368974915
90 5 -253.07925343555283 -5.354343988244324 0.7403194858663369
90 6 -253.87316335497667 -5.456743162396691 0.8393883734701859
90 7 -254.7580301824932 -5.575202230316506 0.9209071069509491
90 8 -255.71497756887857 -5.70917936707086 0.9822239686470482
90 9 -256.7224781197873 -5.8579970916625825 1.0206923934752012
90 10 -257.75636235582897 -6.0208180080466605 1.0336805415945491
90 11 -258.7898392029764 -6.19661759719969 1.0185852757168448
90 12 -259.79353290726266 -6.384154477247762 0.9728515851225552
90 13 -260.7355423732215 -6.581938845076422 0.8939986079084008
90 14 -261.58153012307946 -6.788200205379496 0.7796534609146306
90 15 -262.29484929505077 -7.000855988309354 0.6275940539360931
90 16 -262.83671823095165 -7.2174832496028785 0.4358018905691665
90 17 -263.1664530761891 -7.435296312562485 0.2025254820246687
90 18 -263.241769195001 -7.651133895790551 -0.07364564206625346
90 19 -263.0191617920566 -7.861459881458785 -0.39369730771605305
90 20 -262.4543745795689 -8.062382277490272 -0.7580997582508644
90 21 -261.50296227555486 -8.249694929051486 -1.1667133612717464
90 22 -260.1209478570254 -8.418945924955949 -1.6186968028360695
90 23 -258.2655686698827 -8.56553521300529 -2.112425506121184
90 24 -255.89609684478302 -8.684841542799987 -2.645429572239692
90 25 -252.97470952540334 -8.772375506380897 -3.2143613117445966
90 26 -249.46737422129382 -8.823951401686188 -3.8150019248116678
90 27 -245.34470567578 -8.835866460713277 -4.442314698535299
90 28 -240.58274482422323 -8.805072505137417 -5.090548092723736
90 29 -235.16360949033253 -8.729323292304116 -5.753386585987741
90 30 -229.07597165224774 -8.607281523294859 -6.424140959260484
90 31 -222.31532757181157 -8.438573045672058 -7.095964005535933
90 32 -214.88404364117588 -8.22378180320905 -7.762073760283954
90 33 -206.79118005124366 -7.964386433949699 -8.415965202452355
90 34 -198.05211323627117 -7.662646545557834 -9.051593258133835
90 35 -188.687993534976 -7.321452140973975 -9.663514347014143
90 36 -178.72508454224288 -6.94415251342069 -10.246979565606864
90 37 -168.19403440376226 -6.534381014018109 -10.79797862721577
90 38 -157.12912728781134 -6.095889910188632 -11.313238793570477
90 39 -145.5675568166213 -5.632405963697138 -11.790186582531234
90 40 -133.54875412274887 -5.147513285773172 -12.22688184085959
90 41 -121.11379313490212 -4.644566221457474 -12.621934028269308
90 42 -108.30488606621026 -4.126631944655152 -12.97440968018735
90 43 -95.16497377452743 -3.596460300046303 -13.283738471049617
90 44 -81.73740912411102 -3.0564771855509463 -13.549623504472407
90 45 -68.06572676558261 -2.5087972783244865 -13.77195972066733
90 46 -54.19348968277637 -1.9552519636978616 -13.950762825867198
90 47 -40.164201113848215 -1.3974287252563364 -14.086110001815268
90 48 -26.02126967914583 -0.8367188201124858 -14.178092859215615
90 49 -11.808015395416984 -0.27437066190821735 -14.22678262419988
90 50 2.4322955692539274 0.28845312924124156 -14.232207333664629
90 51 16.656399271912274 0.8506166369245136 -14.194340796876682
90 52 30.820977163007292 1.410950891368799 -14.113103189212053
90 53 44.88260565033638 1.9681947415365357 -13.988373313485912
90 54 58.797723789979116 2.5209377609351797 -13.820012730678311
90 55 72.522631111693 3.0675668790479165 -13.607902059772186
90 56 86.01352790952349 3.6062188780840927 -13.351989707745304
90 57 99.22661052718361 4.134741464907442 -13.052353044234067
90 58 112.11823399799162 4.650666254821985 -12.709271510463452
90 59 124.64515354811051 5.151197584731548 -12.323310288713621
90 60 136.76485457541887 5.633221461381694 -11.89541192493828
90 61 148.43597739798707 6.09333895551147 -11.426991714788372
90 62 159.6188380049956 6.52792775497187 -10.920030838341091
90 63 170.27603907466926 6.933234175928817 -10.377159381013868
90 64 180.37315676702335 7.305495556618126 -9.801719854898437
90 65 189.87947878446613 7.641089632180623 -9.197801091923552
90 66 198.76875895087045 7.93670346583643 -8.570232910763849
90 67 207.01994460599383 8.189510349120496 -7.924534161788316
90 68 214.61782727444708 8.397339622356867 -7.266810758142185
90 69 221.5535661222782 8.558822580009092 -6.603605802664447
90 70 227.82503887977597 8.673498342294423 -5.941710113997544
90 71 233.4369863502733 8.74186713758698 -5.2879471415760975
90 72 238.40093316292817 8.765384456736157 -4.648950152456791
90 73 242.73488665518687 8.746396882251318 -4.030950718992415
90 74 246.462834600913 8.68802751326595 -3.4395956590654038
90 75 249.61407797331768 8.594024340754657 -2.8798051808397815
90 76 252.22244496259256 8.468587763216476 -2.3556791412084266
90 77 254.32543625573453 8.316193507466451 -1.8704523143542104
90 78 255.96334959130098 8.141425024387459 -1.426494466592061
90 79 257.17842518891865 7.948825829765013 -1.0253475005984285
90 80 258.01404459249784 7.742778177049303 -0.6677901462807654
90 81 258.5140054814802 7.5274106297515 -0.35392044074788487
90 82 258.7218854739936 7.306534014772097 -0.08324714649771181
90 83 258.6804997744756 7.083603075674091 0.14521716211308444
90 84 258.43145114976744 6.861699885763613 0.3328667736691955
90 85 258.0147662271372 6.643534576041503 0.4814209129665983
90 86 257.46860932383424 6.431458981522809 0.5928512950493996
90 87 256.8290636370384 6.227489211169541 0.6693200128173089
90 88 256.1299692981996 6.033333733354226 0.713127721569677
90 89 255.40280819389906 5.850424215550191 0.7266715044887064
90 90 254.6766262892222 5.6799469829768725 0.7124114824678287
90 91 253.9779852289634 5.522873524050965 0.6728451128348638
90 92 253.33093606355249 5.379988960279974 0.6104881491371259
90 93 252.75700893068915 5.2519178289346655 0.5278613544533641
90 94 252.27521335464576 5.139146928558105 0.4274822141956065
90 95 251.90204450229794 5.042045379974695 0.31186100532531214
90 96 251.65149134399513 4.960882456546997 0.1835005519543529
90 97 251.53504339838923 4.895844050342092 0.04489874428013252
90 98 251.56169385543487 4.847048647190036 -0.10144757452158615
90 99 251.7379385474324 4.814563082897649 -0.15596120494222987
90 100 251.87361626531933

91 0 -246.38488245122036
91 1 -246.214588184235 -4.646208680689398 0.04553510406263683
91 2 -246.47595265934564 -4.677355972754754 0.32319442700345746
91 3 -246.8609770382419 -4.723923179652033 0.44280013223898607
91 4 -247.3615529238236 -4.785723875114144 0.5530143152298876
91 5 -247.9670056687017 -4.862499771790667 0.6512733219619662
91 6 -248.66409956774754 -4.953910457564859 0.735020317750724
91 7 -249.43704630420314 -5.059520493354782 0.8017094448735378
91 8 -250.26751845749462 -5.178783886503709 0.8488120523981308
91 9 -251.1346704089994 -5.311026014465469 0.8738255673331281
91 10 -252.01516959216087 -5.455423170417973 0.8742856594235491
91 11 -252.8832417278465 -5.610980044638282 0.8477824325273104
91 12 -253.7107344572155 -5.776505651884904 0.791981441399713
91 13 -254.46720461064592 -5.950588473265299 0.704650366512908
91 14 -255.1200351902413 -6.131571905239241 0.5836921576942586
91 15 -255.63458892603444 -6.317531496029858 0.4271853497911877
91 16 -255.9744058898237 -6.506255887415136 0.2334320244260084
91 17 -256.10145297488646 -6.695233838293319 0.0010135023518529351
91 18 -255.9764328945274 -6.881650134751766 -0.271146735246532
91 19 -255.5591595043934 -7.062393513011557 -0.5837142051641706
91 20 -254.80900448419905 -7.234079833041477 -0.9368709955663519
91 21 -253.6854175132607 -7.393093516732478 -1.3302432924450756
91 22 -252.1485178993089 -7.535649574048222 -1.7628336734559014
91 23 -250.15975016634889 -7.657877274639816 -2.2329641586654105
91 24 -247.68258958197808 -7.755924636347601 -2.738236837011229
91 25 -244.68327649232643 -7.82608046511632 -3.2755190792060773
91 26 -241.13155142356592 -7.864907920604708 -3.8409596189296025
91 27 -237.00135725446722 -7.869380900626993 -4.430039942614755
91 28 -232.2714715383364 -7.83701247712176 -5.037662471147598
91 29 -226.92603231217203 -7.765963752491416 -5.658273208500049
91 30 -220.95492512133632 -7.65512228306838 -6.286012418381887
91 31 -214.35400747540825 -7.504141771821992 -6.91488321404249
91 32 -207.12515869325134 -7.313438775945144 -7.538925468586072
91 33 -199.2761565382361 -7.084147013533709 -8.152381723971601
91 34 -190.82039524530813 -6.818034567534255 -8.749842956364589
91 35 -181.77647062550693 -6.517392999445889 -9.326364861833781
91 36 -172.16766552164057 -6.184909517918882 -9.877549136204436
91 37 -162.02137235309806 -5.823533734574994 -10.399588273767549
91 38 -151.36848897410547 -5.436349407745695 -10.889276014312586
91 39 -140.2428203244729 -5.026459403599617 -11.343988263397193
91 40 -128.6805124473111 -4.596889452151238 -11.76164090843804
91 41 -116.71953850759681 -4.150513638108201 -12.140631505125384
91 42 -104.39924943706032 -3.690002293213894 -12.479771525456968
91 43 -91.75999545668287 -3.217791231884057 -12.778215018986643
91 44 -78.84281939908703 -2.736070137138384 -13.035388416310461
91 45 -65.68921862406195 -2.24678730140916 -13.250925022137935
91 46 -52.340969354811165 -1.7516677450949487 -13.424606660431376
91 47 -38.8400053031992 -1.2522418457399027 -13.556314035441078
91 48 -25.22834128392901 -0.7498818905297124 -13.645986694915768
91 49 -11.548031913367662 -0.24584431232796966 -13.69359302125026
91 50 2.1588447585715107 0.2586842932979896 -13.699110404244696
91 51 15.850188895121729 0.7625390007422919 -13.662515623491
91 52 29.483876005553512 1.2645276963606626 -13.583785441023226
91 53 43.01775977716818 1.7633829388116276 -13.462907425350341
91 54 56.409690856254194 2.2577160226992916 -13.299901045140324
91 55 69.61756186744883 2.745974926553977 -13.094849033010778
91 56 82.59938892227575 3.2264081218993184 -12.847938875490954
91 57 95.31343961843073 3.6970365778369185 -12.559513984556432
91 58 107.71841689138861 4.155636656209197 -12.2301336060302
91 59 119.77370683049114 4.599736871911041 -11.860639792317073
91 60 131.43969647602276 5.026631581425541 -11.452228810600815
91 61 142.67816445169277 5.433414429861216 -11.00652321550912
91 62 153.452742907041 5.817033697312098 -10.525639590281187
91 63 163.72944363225514 6.174370427186588 -10.012245827635553
91 64 173.4772345623121 6.50233834512467 -9.469601026508442
91 65 182.66864568527203 6.798002154615148 -8.901570915787559
91 66 191.28037639388722 7.05870805032805 -8.312612465360388
91 67 199.2938706159928 7.2822176235578695 -7.707723200874838
91 68 206.6958227956369 7.466834286394402 -7.092353705291373
91 69 213.47857802657555 7.6115104871461625 -6.472285604562245
91 70 219.6403940047614 7.715924773569753 -5.85348145222288
91 71 225.1855409310213 7.780520317986046 -5.2419166061428655
91 72 230.12422721704712 7.8065005603451 -4.6434056713255245
91 73 234.47235227367236 7.795782459316058 -4.063436816188386
91 74 238.2511008494239 7.750912548861308 -3.5070260967781337
91 75 241.48640446722862 7.674954704443522 -2.9786011259436123
91 76 244.20830310131112 7.571360647725555 -2.4819196258134895
91 77 246.4502437188556 7.443834597852884 -2.0200243641831293
91 78 248.24835182967738 7.296202337772002 -1.595232385678699
91 79 249.640708490213 7.132292784499384 -1.2091537702369948
91 80 250.66665937015136 6.955837491409795 -0.8627335735731378
91 81 251.36617563735928 6.770390863634461 -0.5563100758626263
91 82 251.77927952187662 6.579271584678779 -0.2896827764798502
91 83 251.94554119031898 6.385524018422245 -0.06218444709767823
91 84 251.90364841607197 6.191897208739235 0.12724727948415193
91 85 251.69104663135067 6.000838493389949 0.28000207444819125
91 86 251.3436442671756 5.8144985705894925 0.3977349763177074
91 87 250.89557667871526 5.634744980308582 0.4823115293821445
91 88 250.3790212084113 5.463181270600259 0.5357604222234613
91 89 249.82405583426834 5.301169516317884 0.5602335174376663
91 90 249.25855417353597 5.149854274622058 0.5579728297804252
91 91 248.70811017470749 5.010186457852541 0.5312838506185358
91 92 248.1959864722989 4.882945967291917 0.48251460483976416
91 93 247.74308096502796 4.768762278673535 0.4140399323245987
91 94 247.3679066076497 4.668132550719761 0.3282506633479443
91 95 247.08657963833207 4.58143731285611 0.2275475156116613
91 96 246.91281157642638 4.508954430251734 0.11433951300428191
91 97 246.8579006123235 4.450872768007784 -0.008953727290034408
91 98 246.93071903100645 4.407307389933024 -0.13989754363295503
91 99 247.13769569958941 4.378317405176944 -0.17900249366705623
91 100 247.28872401834056

92 0 -241.990314717327
92 1 -241.80553930758464 -4.1647833198689455 0.023618721130844733
92 2 -242.0375521595887 -4.192386804956769 0.28658264743457096
92 3 -242.37870460245378 -4.233637832015475 0.39176223671350385
92 4 -242.8210766330157 -4.288349729406846 0.4877746447588578
92 5 -243.3542538919715 -4.3562651392456075 0.5721329034156213
92 6 -243.96534243984695 -4.437047109765004 0.6423676519060706
92 7 -244.63898919578364 -4.530267988689133 0.6960336780120997
92 8 -245.35740979587115 -4.635396193195632 0.7307184475363613
92 9 -246.10042609085636 -4.75178099794428 0.7440531095609373
92 10 -246.84551601499302 -4.878635578529966 0.733726511421736
92 11 -247.56787911369983 -5.015018679382521 0.6975027942499139
92 12 -248.24052160349285 -5.159815447476063 0.6332431564955385
92 13 -248.8343654266909 -5.311718189013135 0.5389323545540634
92 14 -249.31838631260098 -5.469208064430177 0.41271043815007147
92 15 -249.65978630299105 -5.630539030315731 0.25291007176019775
92 16 -249.82420645612137 -5.793725648737279 0.058099548305705184
92 17 -249.77598539960246 -5.9565366864630676 -0.17286876531196071
92 18 -249.47846892549745 -6.116496675229243 -0.4408053167844912
92 19 -248.89437476603348 -6.2708977400959895 -0.7461270060057643
92 20 -247.98621491348592 -6.4168239523671815 -1.088799761971785
92 21 -246.7167752420899 -6.551190145209077 -1.468283102278491
92 22 -245.04964870892894 -6.670796468261628 -1.8834805607434078
92 23 -242.9498141206031 -6.772398902574963 -2.332700568420563
92 24 -240.38424757208782 -6.852794512102676 -2.813632762716196
92 25 -237.3225485951707 -6.908918455828783 -3.3233445960017036
92 26 -233.7375583800844 -6.937947907997341 -3.858302360322341
92 27 -229.60594387452602 -6.937406313900567 -4.414419255052351
92 28 -224.9087198699797 -6.905260191459121 -4.987130944588159
92 29 -219.6316819853497 -6.840000315665009 -5.57149639193436
92 30 -213.76572708611099 -6.740699833596011 -6.16231897859106
92 31 -207.30704402816758 -6.60704369552937 -6.754280498412697
92 32 -200.2571660892856 -6.439326546521315 -7.342079001995671
92 33 -192.62288602417624 -6.238419468889134 -7.920560994041466
92 34 -184.41604410120266 -6.005709139914828 -8.484839244046015
92 35 -175.6532075360842 -5.743015534651775 -9.03038929739877
92 36 -166.35526550640512 -5.452495886401863 -9.55312030073597
92 37 -156.54696693461227 -5.136543081044678 -10.049418517042582
92 38 -146.25642847231995 -4.797686104586603 -10.5161644625951
92 39 -135.51463800942207 -4.438498852175002 -10.950726626936778
92 40 -124.3549752184464 -4.061521879994061 -11.350936075368175
92 41 -112.81276585868572 -3.6691998627794717 -11.715046869331964
92 42 -100.92488147978247 -3.2638358602680455 -12.041687273963205
92 43 -88.72939131075931 -2.84756215043911 -12.329806314974107
92 44 -76.26526884983426 -2.4223264182940696 -12.57861957399751
92 45 -63.57215216276429 -1.9898914866616764 -12.787557328623894
92 46 -50.69015419258647 -1.5518464846833382 -12.95621737019794
92 47 -37.65971742236841 -1.1096272927762456 -13.084324147250031
92 48 -24.521505898086406 -0.6645441986249683 -13.171695325803682
92 49 -11.316326770761044 -0.21781487327061466 -13.218216440372178
92 50 1.9149269826579483 0.22939903090382452 -13.223824020594368
92 51 15.13132127042769 0.6759531930630729 -13.188497393814009
92 52 28.291921770285967 1.1206812732744158 -13.112259251142717
92 53 41.355839772713125 1.5623562926713639 -12.995184987147283
92 54 54.28229174458053 1.999654188952313 -12.837420742935961
92 55 67.03068125858505 2.431121116937881 -12.63920996057216
92 56 79.56071166572485 2.8551462451041303 -12.400928056462362
92 57 91.83253737150977 3.269942003133977 -12.123124509924189
92 58 103.80696068557323 3.6735339139524186 -11.80657121638933
92 59 115.44567980428843 4.063762231767058 -11.452315363497277
92 60 126.71159141256778 4.438297526842426 -11.061734366988105
92 61 137.56914853826464 4.794672022625008 -10.636589598901814
92 62 147.9847706103714 5.130327822192399 -10.17907484101572
92 63 157.92729822029608 5.442682106370398 -9.691854733201296
92 64 167.368480076774 5.729207945929915 -9.178088127469877
92 65 176.28347447523583 5.9875276262684025 -8.641431386720171
92 66 184.65134285021435 6.2155135159555215 -8.086017441821127
92 67 192.4555093588781 6.411389800236563 -7.516407925721964
92 68 199.68415870165828 6.573827192142346 -6.937517894553892
92 69 206.33054514798587 6.702022367653072 -6.354515315489095
92 70 212.39318933263647 6.795754586550714 -5.772700283157661
92 71 217.8759457143012 6.85541380028026 -5.197371354800751
92 72 222.78793204223797 6.881997306260203 -4.633688011126779
92 73 227.14332173655475 6.877075251241138 -4.086538730476207
92 74 230.96100950319038 6.842728455688956 -3.56042341393794
92 75 234.26416856443063 6.781464591260004 -3.0593570819755342
92 76 237.07972366714145 6.69612032019252 -2.586799247799064
92 77 239.43776706002876 6.589757462992907 -2.145610624307764
92 78 241.37094491575698 6.465560697934691 -1.738036279945561
92 79 242.91383961991988 6.326742978789639 -1.3657123469606347
92 80 244.10236960967825 6.176463124569224 -1.0296920671456888
92 81 244.97322375421126 6.017758210991516 -0.7304863474789016
92 82 245.56334230463605 5.853491729544288 -0.4681139917099273
92 83 245.90945173763112 5.686317131963889 -0.24215721382645938
92 84 246.04765673228897 5.5186554092981766 -0.051818751363100546
92 85 246.01308924035732 5.352684757519455 0.104022274816856
92 86 245.83961218265526 5.190340102245926 0.22675778196803265
92 87 245.55957367642125 5.033320217939405 0.3180027128280756
92 88 245.2036067569991 4.883100302429966 0.3795522575789789
92 89 244.8004691612633 4.740948083747725 0.4133445085105052
92 90 244.3769177399781 4.607941784982728 0.42142842400248526
92 91 243.95761231325832 4.484988514405686 0.405936805504723
92 92 243.56504412896865 4.37284186648867 0.36906396995811974
92 93 243.21948437334208 4.272117734525892 0.3130479378812083
92 94 242.93894825320623 4.183307623072622 0.24015724837818198
92 95 242.73916987658572 4.10678926225458 0.15268288485728476
92 96 242.63358248349167 4.042835283473792 0.05293600710602675
92 97 242.63329786237367 3.9916222410748077 -0.05674829603857745
92 98 242.74707907556882 3.9532439106277337 -0.17400293735242656
92 99 242.98130373707852 3.9277327317399653 -0.1994286383598336
92 100 243.1459363522885

93 0 -238.08253335681025
93 1 -237.8850215444971 -3.670016842526408 0.004322846310927275
93 2 -238.0911790494321 -3.6941722701369883 0.25433991485692786
93 3 -238.39370137421096 -3.730256472703033 0.3468372077889086
93 4 -238.78485346500992 -3.7780894174633772 0.43038700799975516
93 5 -239.25447539021047 -3.837423850505644 0.5025759416038085
93 6 -239.79000534821753 -3.907937714792027 0.5610174683071989
93 7 -240.37651032682487 -3.9892247676074106 0.6033603614429097
93 8 -240.99672607110335 -4.080783510347246 0.6272990431429832
93 9 -241.63110841311084 -4.182004608789185 0.6305861819987939
93 10 -242.25789843510094 -4.292157070994378 0.611047977985308
93 11 -242.85320436908145 -4.41037356615432 0.5666025635812133
93 12 -243.39110356226337 -4.5356354131018435 0.4952819317690995
93 13 -243.84376823261965 -4.666757941575526 0.39525774955879456
93 14 -244.18161906138096 -4.802377128725524 0.2648713163916625
93 15 -244.37351086540298 -4.940938628517728 0.1026677654840853
93 16 -244.38695459234913 -5.0806905262728606 -0.09256563172132815
93 17 -244.18837960196032 -5.219681339466149 -0.3217575241401107
93 18 -243.7434395440689 -5.355764914309191 -0.585507788879454
93 19 -243.0173640242014 -5.4866138914909754 -0.8840414823021092
93 20 -241.9753565794647 -5.60974328331676 -1.2171634006794392
93 21 -240.58303722284253 -5.722545367670108 -1.584215808339522
93 22 -238.80692496278564 -5.822336520995449 -1.9840424308217877
93 23 -236.61495236119896 -5.906415766023855 -2.4149622025064588
93 24 -233.97700055777273 -5.972133723348335 -2.8747563902650484
93 25 -230.86543958066886 -6.016969406608084 -3.360672475100742
93 26 -227.25565560757124 -6.03861102764499 -3.869447477001387
93 27 -223.1265446266661 -6.035035873396893 -4.397352226076535
93 28 -218.46095115541817 -6.004583601227324 -4.94025647291204
93 29 -213.246031680842 -5.946017177029063 -5.493712850636939
93 30 -207.4735254541443 -5.858566279883036 -6.053055798246248
93 31 -201.1399200843495 -5.7419493226023235 -6.613509926967794
93 32 -194.2465056002087 -5.596372144330047 -7.170301241945836
93 33 -186.79931760045784 -5.422503643185664 -7.718764317365114
93 34 -178.80897696547848 -5.221430785871775 -8.25443902212723
93 35 -170.29043955620338 -4.994597221808419 -8.773151608320816
93 36 -161.26267374883685 -4.743730897913551 -9.27107668259734
93 37 -151.7482861910087 -4.470766511572492 -9.744778491952289
93 38 -141.77311676493227 -4.177768391550444 -10.191231785442909
93 39 -131.36582262012288 -3.866858607509151 -10.607824038804651
93 40 -120.55746868732297 -3.5401539838869454 -10.99234191904251
93 41 -109.38113878203787 -3.199714443590871 -11.342945485399369
93 42 -97.87157771652423 -2.8475039072546906 -11.658133813116606
93 43 -86.06487115580465 -2.48536394580659 -11.936705577012667
93 44 -73.9981665624989 -2.1149995904724364 -12.177717752533027
93 45 -61.7094356507386 -1.7379761578627004 -12.380445088527203
93 46 -49.23727638544449 -1.3557256253788985 -12.544342466545945
93 47 -36.62075071764671 -0.9695609498424638 -12.669011749382708
93 48 -23.899252886679072 -0.5806967077625771 -12.754174275410136
93 49 -11.112402166826433 -0.19027449767527038 -12.799649791721468
93 50 1.7000466967638617 0.20060836131954574 -12.805342337911007
93 51 14.498282508995583 0.5908682107923635 -12.771233381120409
93 52 27.24251345900468 0.9794038289670297 -12.697382341414935
93 53 39.89304719182545 1.3650658990717943 -12.583934509672444
93 54 52.41038247834957 1.7466284984727594 -12.431136220873807
93 55 64.75531963357307 2.12276401029397 -12.23935697685896
93 56 76.88909643206749 2.4920229589121448 -12.009117989294857
93 57 88.77355561216278 2.8528203698684322 -11.741126315708144
93 58 100.37134906348378 3.203430315606333 -11.43631337739712
93 59 111.64618236695702 3.5419902835703567 -11.095876179427066
93 60 122.56310142233791 3.8665168387065805 -10.721319019742864
93 61 133.08882040644275 4.174933694434145 -10.314492920159147
93 62 143.1920872626562 4.465112711155911 -9.877629506535797
93 63 152.84407941951434 4.734927490112497 -9.413365703898037
93 64 162.01881867045228 4.982318143937903 -8.924755506610438
93 65 170.69359043273522 5.205364579377772 -8.415265345761952
93 66 178.84934936197618 5.4023643595546815 -7.888750291392228
93 67 186.47109101551968 5.571910114586544 -7.349409524688014
93 68 193.5481684113522 5.712960760059175 -6.801721137874864
93 69 200.0745332912694 5.8249006652475686 -6.250358210153877
93 70 206.04888483165996 5.907581515661477 -5.700090019595692
93 71 211.4747133304608 5.961342941504753 -5.155673886433377
93 72 216.36023260452671 5.987009890163549 -4.621744220364647
93 73 220.71820177119008 5.9858669307949555 -4.102705666759633
93 74 224.56564393804598 5.959611844937626 -3.602636756759267
93 75 227.92347528470862 5.910292643875891 -3.125209261440048
93 76 230.81606246092608 5.84023331780233 -2.673626754080587
93 77 233.2707287928698 5.751954058937031 -2.250583986440958
93 78 235.317230433808 5.648091448834407 -1.8582468698819667
93 79 236.98722253263372 5.531323307290677 -1.4982513436024618
93 80 238.31373312101292 5.404301772351033 -1.1717183413712604
93 81 239.33065921537624 5.269596928755064 -0.8792814708875625
93 82 240.07229606278804 5.129652102435571 -0.6211238555074772
93 83 240.5729069263912 4.986750913362414 -0.39702076734378977
93 84 240.86633759747562 4.842995391911387 -0.20638509496028234
93 85 240.98567711631176 4.700293928965323 -0.04831323260405895
93 86 240.96296406268374 4.560357525052638 0.0783704367376572
93 87 240.82893624283645 4.4247026853683735 0.17507172956618433
93 88 240.61282060355137 4.294659322250936 0.24338828803178103
93 89 240.3421596667729 4.171382119882196 0.28507499999042807
93 90 240.0426706035705 4.0558639362402005 0.30201326043838606
93 91 239.73813314589611 3.948949920062745 0.29618393212447813
93 92 239.45030273932156 3.851351074695387 0.26964382495997086
93 93 239.19884549597617 3.7636560076842898 0.22450568890855038
93 94 239.00129136150446 3.686339645519624 0.16292219107663186
93 95 238.8730011138229 3.619768017769843 0.08707517601283143
93 96 238.8271410094788 3.5641993623590906 -0.0008275081754902658
93 97 238.8746561301739 3.51978457404779 -0.09854510013609286
93 98 239.02423120975098 3.486574723855668 -0.20378705296779742
93 99 239.28223023610948 3.4645472535033406 -0.21724572001841125
93 100 239.4587226497878

94 0 -234.67405696004016
94 1 -234.46550562253182 -3.1636247188049538 -0.012424670362719326
94 2 -234.64920761931472 -3.184427066510807 0.22634301725794614
94 3 -234.91819165704771 -3.2154918466797255 0.30784508938711497
94 4 -235.26489779808895 -3.256651569031334 0.3806072669562468
94 5 -235.6794061909602 -3.30767690724916 0.4422846060869716
94 6 -236.1494670102629 -3.3682703780095693 0.4905667348043039
94 7 -236.66053966056882 -3.438058572950439 0.523187882456881
94 8 -237.19584277517666 -3.5165830739795325 0.5379386063545866
94 9 -237.736416873278 -3.6032902428411973 0.532679548913805
94 10 -238.26120187300427 -3.6975201545518956 0.5053575540566015
94 11 -238.7471319813912 -3.798495042870428 0.45402445214244835
94 12 -239.16925077728916 -3.9053077446369713 0.3768587810743327
94 13 -239.50084954353986 -4.0169107666253865 0.27219063893038253
94 14 -239.71363205514993 -4.132106748351518 0.13852975120786937
94 15 -239.7779090459556 -4.249541247660744 -0.025403325787138442
94 16 -239.66282540357565 -4.367698918208617 -0.2206431626427161
94 17 -239.33662272067016 -4.48490425850099 -0.44794315334829093
94 18 -238.76693909687907 -4.599328164326465 -0.7077378688093177
94 19 -237.92114698305153 -4.709001478735331 -1.0001053750133337
94 20 -236.7667283468524 -4.811836572812808 -1.3247312381509175
94 21 -235.2716845067497 -4.905657676147925 -1.6808763399571802
94 22 -233.40497566693804 -4.988240188415276 -2.067350959097155
94 23 -231.13698258855538 -5.057358542773173 -2.482497770773449
94 24 -228.43998012539114 -5.110841386678658 -2.924186403300425
94 25 -225.28860978195453 -5.146631960956071 -3.389821900298358
94 26 -221.66033632479443 -5.16285069534004 -3.8763688271111505
94 27 -217.53587212773223 -5.1578563290782995 -4.380391828634686
94 28 -212.89955266752506 -5.130301449206939 -4.898112248220329
94 29 -207.73964763129158 -5.079178338295108 -5.425479070590072
94 30 -202.0485945263449 -5.003851507010225 -5.95825112416432
94 31 -195.82314538296293 -4.904074244317755 -6.492086362859709
94 32 -189.0644218006255 -4.779987848506465 -7.022633322579011
94 33 -181.7778787378049 -4.632103726911296 -7.5456196355831935
94 34 -173.9731825294591 -4.461270050804117 -8.05693282266877
94 35 -165.66401309246737 -4.268625910988632 -8.552689409440546
94 36 -156.86780371057802 -4.055546778793087 -9.029289590500042
94 37 -147.6054339114673 -3.823585458447539 -9.483456010679475
94 38 -137.90089168921907 -3.5744126303360275 -9.912256558531759
94 39 -127.78092079440377 -3.3097606124025845 -10.313112219273279
94 40 -117.27466725067251 -3.0313732340340067 -10.683791911449894
94 41 -106.41333697150398 -2.7409638592230365 -11.022396792699709
94 42 -95.22987366527309 -2.440182735183818 -11.327336776178925
94 43 -83.75866341914613 -2.1305940696690087 -11.597301998191853
94 44 -72.03526966888938 -1.8136626096236412 -11.831231786053621
94 45 -60.09619984703889 -1.490749026370242 -12.028283363530356
94 46 -47.97870294182867 -1.163113102619839 -12.187802162177704
94 47 -35.72059552268348 -0.8319235410792736 -12.30929522963371
94 48 -23.360112482561252 -0.4982731410547512 -12.392408873636489
94 49 -10.935777775410504 -0.16319808377717404 -12.436911371290055
94 50 1.5137102600188568 0.17229990271678264 -12.442681312126734
94 51 13.949584848842964 0.5072296888319032 -12.409701926166525
94 52 26.333114112351907 0.8405863589571609 -12.338061562863286
94 53 38.625707974569536 1.1713274494790795 -12.227960317641553
94 54 50.789034747635014 1.4983509784895332 -12.079722631713786
94 55 62.78515323799711 1.82047647387083 -11.893815500132774
94 56 74.57666574790056 2.1364302515167637 -11.6708716968879
94 57 86.12689663177291 2.4448362273799233 -11.41171715323
94 58 97.40010005436056 2.7442135378212598 -11.117401302687405
94 59 108.36169923714772 3.032982158877566 -10.78922884039703
94 60 118.97855773515462 3.309477520865684 -10.428790956124317
94 61 129.21928114939635 3.5719747776721107 -10.037993726452484
94 62 139.0545451880596 3.8187228882625988 -9.619081045337367
94 63 148.4574432400711 4.047987999349985 -9.174649300419304
94 64 157.4038437888982 4.258104809919487 -8.707651038204602
94 65 165.8727453164803 4.447533713710385 -8.221385171103393
94 66 173.84661413110499 4.614920655366447 -7.719471906612355
94 67 181.311689129705 4.759155929608212 -7.20581152521747
94 68 188.25823718153993 4.879427740294432 -6.684527343892867
94 69 194.68074381749074 4.975266338479642 -6.159894559886794
94 70 200.5780263013135 5.046575044308057 -5.636258006900476
94 71 205.9532598312917 5.093645416099278 -5.117942980298679
94 72 210.81391226191087 5.117155160226972 -4.609164021836577
94 73 215.17158787496484 5.118148898870757 -4.113936775702129
94 74 219.04178581331513 5.098003409264436 -3.635997700857004
94 75 222.44358327667885 5.058380204517107 -3.1787356091108308
94 76 225.3992570315368 5.0011691823762305 -2.7451378327379246
94 77 227.9338589421547 4.928427446779153 -2.337752493275687
94 78 230.07476201808817 4.842317318081825 -1.958667031591915
94 79 231.85119300533853 4.745047073868818 -1.6095020234440085
94 80 233.29376606497618 4.638817228637592 -1.2914184456813018
94 81 234.43402989670113 4.525774304159327 -1.0051360173943635
94 82 235.3040380997649 4.407973185158397 -0.7509600071025773
94 83 235.9359499109063 4.287348388897001 -0.5288139243506436
94 84 236.3616659484662 4.16569395800289 -0.33827573576019176
94 85 236.61250138242667 4.044651235383583 -0.17861559204189348
94 86 236.71889713254998 3.9257034934008317 -0.04883346162891655
94 87 236.7101683056845 3.8101762430532204 0.05230451002637437
94 88 236.61428811249723 3.699242007627717 0.1262316920928015
94 89 236.4577049214989 3.593928366951559 0.17454912249976928
94 90 236.2651898674977 3.495128114808324 0.1989962241830341
94 91 236.05971247313283 3.4036103672109164 0.20142394395990948
94 92 235.86234197957788 3.320031347770424 0.18377005757966458
94 93 235.6921723579735 3.244943294891641 0.14803650870544516
94 94 235.566268962167 3.178799478575854 0.09626925846373524
94 95 235.49963384104603 3.1219529117171305 0.030542601696751603
94 96 235.50518375877348 3.0746468763330483 -0.04704743661602606
94 97 235.5937287142781 3.0369990832010956 -0.13437293454200017
94 98 235.77392962785748 3.008991804700244 -0.2292402578968762
94 99 236.05220923007184 2.9904982448032484 -0.23243767986762975
94 100 236.23880498759274

95 0 -231.77571251740798
95 1 -231.5577721068872 -2.6472727600110915 -0.026693800498748033
95 2 -231.72232491641049 -2.6648122548963897 0.2024727869821561
95 3 -231.9627176808515 -2.6909971122086347 0.2746127052683818
95 4 -232.27155032694725 -2.7256773395235143 0.3382019474303206
95 5 -232.63912157571215 -2.768648071744636 0.39095713262557297
95 6 -233.0534645921984 -2.8196444279042794 0.43063580260592005
95 7 -233.500393180924 -2.8783352299667087 0.4550476654729465
95 8 -233.9635599231443 -2.9443157157967477 0.4620673732522249
95 9 -234.42452792742844 -3.017099431702519 0.4496491014264308
95 10 -234.86285812599715 -3.096109556617165 0.41584317795607717
95 11 -235.2562142833406 -3.180669990631941 0.35881497349613767
95 12 -235.58048807298943 -3.269996634449683 0.2768662080141411
95 13 -235.80994669936888 -3.363189390680617 0.16845874584424791
95 14 -235.91740556467792 -3.459225527451352 0.03224083535630484
95 15 -235.8744283700815 -3.556955151013881 -0.13292440437301423
95 16 -235.6515567559319 -3.655099624657794 -0.3279286425615737
95 17 -235.21857108495834 -3.7522538300706714 -0.5533867702579585
95 18 -234.54478321541598 -3.8468931747101465 -0.8096050091137954
95 19 -233.59936106673075 -3.9373861829734267 -1.0965498907884523
95 20 -232.35168343383907 -4.02201334860348 -1.413819598092033
95 21 -230.77172187054668 -4.098992653759183 -1.7606194239419892
95 22 -228.8304445859551 -4.166511768759577 -2.1357432974470356
95 23 -226.5002352756526 -4.222766443008027 -2.537563400769841
95 24 -223.7553177844154 -4.266004009593885 -2.964029808447947
95 25 -220.57217565875672 -4.2945703044021855 -3.4126817837621246
95 26 -216.92995421689116 -4.30695771815607 -3.880671845123615
95 27 -212.8108319685095 -4.301851644642696 -4.364802979943434
95 28 -208.2003482570043 -4.278172350038261 -4.861578482128849
95 29 -203.0876750042518 -4.235109339632999 -5.367262908440225
95 30 -197.46582244012384 -4.172145676090082 -5.877951704268895
95 31 -191.331771595714 -4.089070393299494 -6.389646268464034
95 32 -184.68652990319578 -3.985978081874535 -6.8983307245393775
95 33 -177.53511014663525 -3.863255779714649 -7.400046519662766
95 34 -169.88643686387024 -3.7215583422859027 -7.890961206204565
95 35 -161.75318773422612 -3.561774354744486 -8.367428336309786
95 36 -153.15158019125067 -3.3849852755314913 -8.826036230056246
95 37 -144.10111527411362 -3.192420812101119 -9.26364434349523
95 38 -134.6242915042602 -2.985413522267848 -9.677406939397954
95 39 -124.74630139531772 -2.765355354572769 -10.06478464250263
95 40 -114.49472221925495 -2.533658364167536 -10.423545165862961
95 41 -103.89921106359179 -2.2917212548424075 -10.75175498654918
95 42 -92.99121224615659 -2.04090278574251 -11.047764023562578
95 43 -81.80368301646664 -1.7825025091404854 -11.31018545145249
95 44 -70.37084134325161 -1.5177488173736933 -11.53787270923426
95 45 -58.727937597998114 -1.2477938944376703 -11.729895581523401
95 46 -46.91105018020481 -0.973714893612172 -11.885516981254977
95 47 -34.95690363548816 -0.6965204860611287 -12.00417178781762
95 48 -22.90270660456957 -0.417161827583584 -12.085448818108038
95 49 -10.786005999272085 -0.13654694924704547 -12.129076747949933
95 50 1.3554468913302964 0.14444242943376073 -12.13491456530193
95 51 13.483823131331777 0.4249326577176422 -12.102946924880031
95 52 25.56134074109036 0.7040394646022978 -12.03328458076776
95 53 37.55039229286729 0.9808498047349445 -11.926169890140072
95 54 49.4136805213705 1.2544052283950329 -11.781987196482056
95 55 61.114366685831406 1.5236877790893217 -11.60127770383173
95 56 72.61623592903396 1.7876094335263915 -11.384758235785764
95 57 83.88388315740293 2.045006091460756 -11.133343029403648
95 58 94.88292198784126 2.2946370771403224 -10.848167445899477
95 59 105.58021804920189 2.5351910070120383 -10.530612196382641
95 60 115.94414638060654 2.7652986871028915 -10.18232640094832
95 61 125.94487085109853 2.9835534093797946 -9.805247552762232
95 62 135.554641486131 3.1885386100447874 -9.401616284857923
95 63 144.74810342081437 3.3788623399449307 -8.973983782241149
95 64 153.5026090506133 3.553197404286493 -8.525209792250038
95 65 161.79852300531445 3.7103254052824894 -8.058449500314993
95 66 169.6195080512433 3.8491823391259032 -7.5771280754944
95 67 176.95277915630325 3.968902944871175 -7.084902439760029
95 68 183.78931293076334 4.068860766326409 -6.5856107290034345
95 69 190.12400061431012 4.148700941245707 -6.083210906140252
95 70 195.95573474304385 4.208363111304479 -5.5817109419760556
95 71 201.28742249826223 4.248092536958566 -5.085093770514462
95 72 206.12592228407277 4.2684384332115854 -4.597240737593168
95 73 210.48190397344857 4.270239598920639 -4.121857417722168
95 74 214.3696371195171 4.254598452161019 -3.6624054511129174
95 75 217.8067148756744 4.2228454699519204 -3.2220434883282536
95 76 220.81372409617362 4.176496656350409 -2.8035795118185405
95 77 223.41387389931148 4.1172069723330935 -2.4094358507353633
95 78 225.63259579764434 4.046722652584023 -2.041627242792302
95 79 227.4971283848961 3.966835053979125 -1.7017514330466952
95 80 229.03609866373773 3.8793382047875724 -1.3909911110807514
95 81 230.2791106070576 3.785991640891112 -1.1101255143667572
95 82 231.25634969247125 3.68848950925468 -0.859549770769803
95 83 231.9982101485972 3.5884363566492254 -0.6392999944992965
95 84 232.53494968146984 3.487329548499204 -0.44908224847370093
95 85 232.8963746455446 3.3865479017897258 -0.2883036972061177
95 86 233.11155707588208 3.2873458712006283 -0.1561045555927052
95 87 233.20858375673 3.190852488400992 -0.051389756206930315
95 88 233.21433658829594 3.0980741993422924 0.027140411930119512
95 89 233.15430293286977 3.0099007427626674 0.080961107171035
95 90 233.05241437395387 2.927113221862996 0.11169526069774349
95 91 232.93091241147428 2.8503934741104473 0.12108716508657835
95 92 232.8102400437807 2.7803336309734306 0.11097675264069551
95 93 232.7089589061929 2.7174441954845605 0.0832738197139804
95 94 232.64369240435275 2.6621577826390705 0.03993180790212136
95 95 232.62909529038865 2.61482365361627 -0.017077426229974435
95 96 232.6778472568127 2.575685873665634 -0.08578133669152521
95 97 232.8006579637717 2.5448388816633525 -0.164200171768897
95 98 233.0062476003505 2.522169996612746 -0.25028789136564455
95 99 233.301233746503 2.50735163287014 -0.2449495802374173
95 100 233.49614676082533

96 0 -229.39668225892
96 1 -229.17096010250964 -2.1225799703379806 -0.038549574699032974
96 2 -229.31958310952194 -2.1369387313292805 0.18261866506040292
96 3 -229.53619743263044 -2.1583702599706243 0.24698000475999038
96 4 -229.81354311904192 -2.1867461178802614 0.3029563074202457
96 5 -230.14211004747094 -2.2218912249518326 0.34831751770620656
96 6 -230.51017815445434 -2.2635798048979723 0.38087957658223104
96 7 -230.9038692006354 -2.311530460868397 0.3985165945644127
96 8 -231.30721134358316 -2.3654005030561933 0.3991744046187762
96 9 -231.70221800987295 -2.4247796946794864 0.3808857080933876
96 10 -232.06898275976994 -2.4891836367378772 0.3417869951271797
96 11 -232.3857920001273 -2.558047075427524 0.28013737430993046
96 12 -232.6292575083898 -2.6307174878236737 0.19433938102565662
96 13 -232.77447076217862 -2.706449378594897 0.08296174592871353
96 14 -232.79518100024723 -2.784399798305131 -0.0552360091253945
96 15 -232.66399874392783 -2.8636256651490157 -0.22127742299358033
96 16 -232.35262615426007 -2.943083527062896 -0.41594184169950665
96 17 -231.83211506052882 -3.0216324279308537 -0.6397367034006436
96 18 -231.07315274745878 -3.0980405260763177 -0.892870221712073
96 19 -230.04637461710468 -3.170996040781432 -1.175225548906667
96 20 -228.72270164964544 -3.2391229599799374 -1.4863377089366736
96 21 -227.07369919923133 -3.301001720476478 -1.8253747601132773
96 22 -225.0719521294189 -3.355194769548234 -2.191124748345999
96 23 -222.69144970253933 -3.4002765431180393 -2.5819900116077577
96 24 -219.90797210620337 -3.4348669741565914 -2.9959902646945835
96 25 -216.69946917315016 -3.4576672136926874 -3.430775608860543
96 26 -213.0464208884823 -3.467495856819127 -3.883650167351661
96 27 -208.93216883844684 -3.4633236758740225 -4.3516064605168765
96 28 -204.34320796744854 -3.4443047293975866 -4.831369943210632
96 29 -199.26942895202558 -3.4098017822284135 -5.319452396641893
96 30 -193.70430317416475 -3.35940425834184 -5.812212177830816
96 31 -187.64500459636395 -3.2929374401495437 -6.305918768644162
96 32 -181.09246563687643 -3.2104622778723666 -6.7968187089941665
96 33 -174.0513671783756 -3.1122659038198037 -7.281199895994561
96 34 -166.5300658448873 -2.9988436675235874 -7.755451397698607
96 35 -158.5404643829784 -2.870874129501189 -8.216116342686135
96 36 -150.09783315951503 -2.7291889036047934 -8.659936047856675
96 37 -141.22059228726505 -2.5747394803731396 -9.083884257415832
96 38 -131.93006464468337 -2.4085631907017415 -9.485191101003409
96 39 -122.25021008525823 -2.231750305228445 -9.861357061172967
96 40 -112.20735052233744 -2.045413956334258 -10.210157811719533
96 41 -101.82989446181917 -1.8506641728898998 -10.529641214274683
96 42 -91.14806809378807 -1.6485868884505308 -10.818118030477002
96 43 -80.19365840086516 -1.4402283683591506 -11.074148029823036
96 44 -68.999772034142 -1.2265851337529625 -11.296523171350806
96 45 -57.60061205816355 -1.0085991599464066 -11.484249439768835
96 46 -46.03127315460433 -0.78715789924847 -11.636528753801162
96 47 -34.327554550561224 -0.5630985199956342 -11.752742163605122
96 48 -22.525788827394084 -0.33721565381298824 -11.832435336822407
96 49 -10.662683876916413 -0.11027188785798181 -11.87530711427271
96 50 1.2248254011513353 0.11698978651993408 -11.881201705162045
96 51 13.09971953340768 0.3438323657131077 -11.850104890997988
96 52 24.925035183147312 0.5695108650461478 -11.782144415845984
96 53 36.66400836509965 0.7932587889727429 -11.677594553848818
96 54 48.28022429084495 1.014275842414225 -11.536884657359408
96 55 59.737777679818464 1.2317176864189072 -11.360611295001416
96 56 71.00144688084778 1.4446885340244435 -11.149553384516466
96 57 82.0368844488514 1.6522373557190377 -10.90468950961607
96 58 92.81082590007992 1.8533584044859879 -10.627216387136123
96 59 103.29131722312364 2.0469966630287217 -10.31856723043446
96 60 113.44796036094884 2.232058646320766 -9.98042855375656
96 61 123.25217433063676 2.4074287509758108 -9.614753803510588
96 62 132.67746796797002 2.5719910264339063 -9.223772114772231
96 63 141.69971856018122 2.724655860002784 -8.809990506177598
96 64 150.2974489803252 2.864390640638021 -8.376187972867044
96 65 158.4520945059153 2.990253032152353 -7.925400236263982
96 66 166.14824945285318 3.1014250955280573 -7.46089436702367
96 67 173.37388323996265 3.1972462099558783 -6.986133098016964
96 68 180.1205156488871 3.2772426094132925 -6.504729347518335
96 69 186.38334193499932 3.3411514192891474 -6.020392214908725
96 70 192.16130007870456 3.388937364569287 -5.536866411187617
96 71 197.45707475737456 3.4208008136213266 -5.057867658391572
96 72 202.2770353954877 3.437176471464227 -4.587016959874504
96 73 206.63110867712356 3.4387227671445544 -4.127776756752695
96 74 210.5325889089931 3.4263027001203312 -3.683391829825723
96 75 213.997892336775 3.4009575313554308 -3.2568374049214412
96 76 217.04626371883597 3.36387515599192 -2.8507763303567515
96 77 219.6994449974885 3.316355236180428 -2.4675264970420727
96 78 221.98131671292012 3.259773199373882 -2.1090389499458837
96 79 223.91752289738028 3.1955450442654723 -1.7768864712404593
96 80 225.53508965540104 3.1250945903268814 -1.4722618587693148
96 81 226.8620466149189 3.0498244145657623 -1.195984712927256
96 82 227.92705908125555 2.9710912971832784 -0.9485152913444637
96 83 228.75907719760784 2.890186594317356 -0.7299738851061193
96 84 229.3870068514678 2.8083216061270804 -0.5401641906196915
96 85 229.83940557884722 2.7266177332147947 -0.3785992693404694
96 86 230.14420539014873 2.6461010222365218 -0.2445288750176502
96 87 230.32846332888252 2.567700590926009 -0.13696716183196145
96 88 230.41813971381265 2.4922503845413218 -0.05472005354552323
96 89 230.43790343597357 2.420493733918903 0.003588145020472666
96 90 230.4109634237717 2.353090232558941 0.039488955530813996
96 91 230.35892552491194 2.2906244715980932 0.05464435307034421
96 92 230.30167471763102 2.233616041766439 0.05082077895377779
96 93 230.25728396700438 2.1825296344747755 0.029860660371085146
96 94 230.24195339688885 2.137782379798594 -0.0063512834045553745
96 95 230.2699865338135 2.0997413939654024 -0.05592930727668488
96 96 230.35381201144222 2.0686958294565727 -0.11703220856894347
96 97 230.50405095095138 2.044774418117271 -0.18788881159488824
96 98 230.729589634632 2.027777690034398 -0.2667275066900885
96 99 231.03750596433156 2.0169857283655404 -0.2546670114522982
96 100 231.2389236575366

97 0 -227.54454701034726
97 1 -227.31261216621124 -1.5911231173538596 -0.04804977829766699
97 2 -227.44844745375192 -1.602372392685183 0.16668249734951246
97 3 -227.64597716091026 -1.6191601785831153 0.22480531871740084
97 4 -227.89805809118673 -1.6413828037511564 0.2746809824491123
97 5 -228.1953391258085 -1.6688991735673966 0.3141234456078621
97 6 -228.52630498240245 -1.701527719566485 0.3409965666893555
97 7 -228.8773322591872 -1.7390427116034886 0.35322696731472547
97 8 -229.2327589170319 -1.7811700355219386 0.3488181394411356
97 9 -229.57496853806947 -1.827582574068245 0.32586596774474685
97 10 -229.8844908525214 -1.8778953702024097 0.2825757972080396
97 11 -230.14012013248555 -1.9316607994890802 0.21728112241034125
97 12 -230.31905309734208 -1.9883640306250214 0.12846390484676817
97 13 -230.39704794217909 -2.047419107884437 0.014776435362790608
97 14 -230.34860596806766 -2.108166042416485 -0.12493545119781402
97 15 -230.14717703978346 -2.169869345359629 -0.2916081331307794
97 16 -229.7653897018061 -2.23171846743557 -0.48593540534341173
97 17 -229.17530622909663 -2.292830618391477 -0.7083437692713801
97 18 -228.34870216326334 -2.3522564158203068 -0.9589686219643738
97 19 -227.2573689851679 -2.4089887470486246 -1.237632324692072
97 20 -225.8734375138792 -2.4619751120671793 -1.5438252777870787
97 21 -224.16971842959373 -2.5101335455077702 -1.8766912335102859
97 22 -222.12005504685862 -2.5523719927064263 -2.235018120088597
97 23 -219.69968218941654 -2.587610747892029 -2.617235605378198
97 24 -216.88558383610223 -2.614807269537394 -3.021420479022595
97 25 -213.65684123137135 -2.6329823961183507 -3.4453106664246604
97 26 -209.9949625032529 -2.6412467295747177 -3.88632830730495
97 27 -205.88418461676144 -2.638825771737686 -4.341611852521893
97 28 -201.31173879820912 -2.6250823264462184 -4.80805658848324
97 29 -196.26807143979497 -2.5995347430038294 -5.282362437384478
97 30 -190.74701392344016 -2.561869784707966 -5.761087362190025
97 31 -184.74589671541491 -2.5119492483781585 -6.240704287994561
97 32 -178.26560534745104 -2.449809904790655 -6.7176591882096375
97 33 -171.31057833899564 -2.3756568261711237 -7.188427909313987
97 34 -163.88874952882307 -2.2898506568268857 -7.649569431885951
97 35 -156.01143947522374 -2.1928898093593148 -8.097773572390992
97 36 -147.6932023840411 -2.0853888856979097 -8.529901580928197
97 37 -138.95163631336735 -1.9680548018869075 -8.943018630592178
97 38 -129.80716512285673 -1.8416621318094855 -9.33441776425326
97 39 -120.28280078486083 -1.7070290911306998 -9.701635408135147
97 40 -110.40389430658644 -1.5649953864665775 -10.042459033524416
97 41 -100.19788271781199 -1.4164028916648093 -10.354927918665453
97 42 -89.69403846925553 -1.2620798196093617 -10.63732821903183
97 43 -78.92322627974833 -1.1028287662171294 -10.888183696754922
97 44 -67.91767107574569 -0.9394187375740444 -11.106243500821517
97 45 -56.7107392781053 -0.7725810466788232 -11.290468347018908
97 46 -45.33673438170787 -0.6030087895845284 -11.440016341304204
97 47 -33.83070659549689 -0.43135948130078816 -11.554229542382139
97 48 -22.228275296943593 -0.25826034407374543 -11.632622185970385
97 49 -10.565462223556121 -0.08431568618833829 -11.67487130761701
97 50 1.1214673182904282 0.0898842210694244 -11.680810311730841
97 51 12.796158399905561 0.2637533758332866 -11.650425846353818
97 52 24.422319010998063 0.43670000168843615 -11.583858157508123
97 53 35.96387471492181 0.6081168439920752 -11.481404912771994
97 54 47.38512883654205 0.7773724226494281 -11.343528299035892
97 55 58.65093131299359 0.9438038521894292 -11.170865012221512
97 56 69.72685886098508 1.10671182502778 -10.964238566485633
97 57 80.57940844596486 1.265358321868547 -10.724673158942103
97 58 91.17620517886928 1.418967555223162 -10.453408138589793
97 59 101.48622472314445 1.566730558483009 -10.151911954547863
97 60 111.48002908796501 1.707813695534135 -9.82189431300123
97 61 121.1300133491469 1.8413711794860461 -9.465315172649092
97 62 130.4106594332632 1.9665614541826386 -9.08438917583095
97 63 139.2987917008088 2.082567016921999 -8.681584168037034
97 64 147.77382776933726 2.1886169624915084 -8.25961262010047
97 65 155.81801694100974 2.2840112337302827 -7.821415045424956
97 66 163.41665786018717 2.3681453063623223 -7.370134897690875
97 67 170.5582867363915 2.4405338533401277 -6.909084925874794
97 68 177.23482771193676 2.5008318615287095 -6.441705519670165
97 69 183.44169777573183 2.548851736867178 -5.971516150984257
97 70 189.17786001390527 2.5845751426041232 -5.502061547643876
97 71 194.44582087101958 2.608158657604079 -5.036854663619522
97 72 199.25156934114432 2.619932785662911 -4.57931878406994
97 73 203.60445843915946 2.6203943427157412 -4.132731189066064
97 74 207.51703171927645 2.6101927382623558 -3.700170686902041
97 75 211.00479981296354 2.5901110931214077 -3.284471032456665
97 76 214.08597378418978 2.5610434519410603 -2.8881818069935434
97 77 216.78116342695063 2.523969528392456 -2.5135378073534014
97 78 219.11304939889658 2.479928457613184 -2.1624374347072575
97 79 221.10603829636514 2.429992937881636 -1.8364300420936956
97 80 222.78590948308397 2.375244949962834 -1.5367117407804614
97 81 224.17946177792606 2.316753984245892 -1.2641288075103603
97 82 225.3141670981047 2.255558420091745 -1.019187591018209
97 83 226.21783695996248 2.1926504220625986 -0.8020696855554945
97 84 226.91830646921568 2.1289644699793513 -0.6126511095762623
97 85 227.443139179115 2.06536944180786 -0.4505242810966763
97 86 227.81935503140903 2.002664030485846 -0.31502169788149104
97 87 228.073182574878 1.9415752029043745 -0.20524039390213034
97 88 228.2298358192133 1.8827594039023836 -0.12006644507698638
97 89 228.31331546503196 1.8268062733824593 -0.05819904481134586
97 90 228.34623390883598 1.7742447851794054 -0.01817400162306626
97 91 228.3496634682781 1.7255519315552732 0.0016129742940762526
97 92 228.34300796024783 1.6811643270648489 0.00288191551737782
97 93 228.34389963724334 1.6414931867874003 -0.012559842253864417
97 94 228.36812764475556 1.6069422844608567 -0.042856432607251804
97 95 228.42961250245784 1.5779242311613615 -0.0861639765719957
97 96 228.54045559789955 1.5548554833602708 -0.1407483125396567
97 97 228.71110912753716 1.5380668350413487 -0.2051183111910717
97 98 228.9506922202817 1.5274648126622736 -0.2780765811173751
97 99 229.2672622897719 1.5216784743447676 -0.2614027995793151
97 100 229.47349781944033

98 0 -226.22532449175853
98 1 -225.98871386780192 -1.0544427135620253 -0.0552430838034752
98 2 -226.11483832415158 -1.0626406816422644 0.15458160383114716
98 3 -226.2978770754642 -1.0748740453880146 0.2079695936940169
98 4 -226.5307775115396 -1.0910663258438262 0.25321731243596446
98 5 -226.80431170033614 -1.1111135740341638 0.2881726018908779
98 6 -227.10712271532137 -1.134882251365397 0.31073603854613907
98 7 -227.42578377742842 -1.1622066767230308 0.3188742786089591
98 8 -227.74487127253929 -1.1928861177797216 0.31063454215401975
98 9 -228.04705286173646 -1.2266816290550793 0.28416037341291656
98 10 -228.31319201936512 -1.2633127684164975 0.23770876970634447
98 11 -228.52247040114915 -1.302454356565704 0.16966871388731875
98 12 -228.65252944713976 -1.343733479540063 0.07858107263029979
98 13 -228.67963254640975 -1.3867269704607708 -0.03684026586275024
98 14 -228.57884891541426 -1.4309596408094052 -0.17768624660058663
98 15 -228.32426005320858 -1.475903559484209 -0.34482984801266525
98 16 -227.88918921938892 -1.5209786948441604 -0.5389031147313545
98 17 -227.24645382374587 -1.5655552351470732 -0.7602746517853802
98 18 -226.36863991581816 -1.6089578801153976 -1.0090283503692206
98 19 -225.22839712300743 -1.6504723450455288 -1.2849442451535396
98 20 -223.79875142551109 -1.6893542344865864 -1.5874825073958192
98 21 -222.0534321082158 -1.7248403231751865 -1.9157716407525243
98 22 -219.96720814400604 -1.756162129617806 -2.2686019507302575
98 23 -217.51622820675527 -1.7825614894515383 -2.6444252884387254
98 24 -214.6783575671286 -1.803307644124871 -3.0413619129209053
98 25 -211.43350438091346 -1.8177151736046397 -3.4572150688978667
98 26 -207.76392742933285 -1.8251619418950469 -3.889493542970996
98 27 -203.65451729497147 -1.8251061147647079 -4.335442057388377
98 28 -199.0930433145561 -1.8171012715912127 -4.792078914476775
98 29 -194.07035946601792 -1.8008086825758198 -5.25623985490364
98 30 -188.58056360474882 -1.7760059634381236 -5.724626683205145
98 31 -182.62110609960763 -1.7425915441488087 -6.193858888726851
98 32 -176.19284582729512 -1.7005846756816396 -6.660526286787132
98 33 -169.30005352603337 -1.6501210184268018 -7.121240648030792
98 34 -161.95036453123353 -1.5914441717562937 -7.572684380886798
98 35 -154.15468476425977 -1.5248937809690801 -8.011654571557159
98 36 -145.92705538811921 -1.4508910667435941 -8.435101040384268
98 37 -137.28448268349123 -1.3699227454225706 -8.840157503527408
98 38 -128.2467403810644 -1.2825243408067735 -9.224165390247201
98 39 -118.83615190299683 -1.1892638365059156 -9.58469031583006
98 40 -109.07735974940428 -1.0907264984088982 -9.919531612253643
98 41 -98.99708867848955 -0.9875015309630939 -10.226725647417467
98 42 -88.62390845456935 -0.8801710414598816 -10.504543905029323
98 43 -77.9880008684309 -0.7693015940842756 -10.751486947787718
98 44 -67.12093455899391 -0.6554384563830453 -10.9662754518125
98 45 -56.0554499648059 -0.5391024858828821 -11.147839491779319
98 46 -44.82525557543527 -0.4207894792604705 -11.295307188423127
98 47 -33.46483558795965 -0.3009717114972581 -11.407993718094339
98 48 -22.009268139246593 -0.1801013251692929 -11.485391541709955
98 49 -10.494052504539736 -0.05861518566005053 -11.52716254912954
98 50 1.0450569590124865 0.06305920895664885 -11.533132643140421
98 51 12.572212781741106 0.1844971897006813 -11.503289110378976
98 52 24.05163517977044 0.3052701839241543 -11.437780947687195
98 53 35.4477746771155 0.4249392243338619 -11.336922132887826
98 54 46.72547944554609 0.5430491345706372 -11.201197649162054
98 55 57.850169975439606 0.6591238192609481 -11.031271892623064
98 56 68.78802323079222 0.7726630711989984 -10.827998914837348
98 57 79.5061678051143 0.8831412800096317 -10.592433779420688
98 58 89.9728907896336 0.9900083796789971 -10.325844150521661
98 59 100.15785610615762 1.0926933010265785 -10.029721090123488
98 60 110.03233296988057 1.1906100948805047 -9.705787932753523
98 61 119.56943197166467 1.2831667601364956 -9.356006044862085
98 62 128.74434505960474 1.3697766495212136 -8.982576277336278
98 63 137.53458452633723 1.4498721412030307 -8.587934997868729
98 64 145.9202150553422 1.5229200685106292 -8.17474375605876
98 65 153.88407203845475 1.5884382105218862 -7.745871892393168
98 66 161.41195884012853 1.646011984895722 -7.304371747413825
98 67 168.4928155332824 1.6953103742728217 -6.853446542850577
98 68 175.1188519258297 1.7361000799243698 -6.396411463991285
98 69 181.28563846126497 1.7682569457567183 -5.936648933833311
98 70 186.9921497934963 1.7917738367847562 -5.477559490450716
98 71 192.2407574421664 1.8067643807222566 -5.022510015332784
98 72 197.03716982416188 1.8134622687235264 -4.574781274762842
98 73 201.39031999169208 1.8122161308023266 -4.13751680415325
98 74 205.31220343246838 1.8034803170378666 -3.7136750794200566
98 75 208.8176701505322 1.7878021921346772 -3.3059866912427367
98 76 211.92417681495385 1.7658067596285036 -2.916917895085703
98 77 214.6515059407036 1.7381795553233133 -2.548641491369949
98 78 217.02145979769375 1.7056487824763735 -2.203015540456704
98 79 219.057537021617 1.6689676109818663 -1.8815699788908091
98 80 220.78459975547537 1.6288974458534113 -1.5855008124050585
98 81 222.22853864642713 1.5861928086994084 -1.315671242798345
98 82 223.41594224107206 1.5415882931836933 -1.0726188535277572
98 83 224.37377635348264 1.4957878734881973 -0.8565678352185131
98 84 225.12907791150909 1.4494566815864829 -0.66744517087443
98 85 225.7086666952315 1.4032152382831384 -0.5048997088339746
98 86 226.13887732917703 1.3576360344126215 -0.3683231139211358
98 87 226.44531292307377 1.3132423208584072 -0.2568717884154239
98 88 226.65262090600788 1.2705089904059577 -0.16948898306743843
98 89 226.78429088920865 1.229865541958091 -0.10492647370250552
98 90 226.8624738534129 1.1917013517372226 -0.06176538629637207
98 91 226.9078216618014 1.156373924848097 -0.038436105044212354
98 92 226.93934606350132 1.1242216327860035 -0.033237965814095105
98 93 226.97429759342958 1.095583943646929 -0.044361382232906976
98 94 227.02806882796713 1.0708346330504526 -0.06992023903059419
98 95 227.11413807149077 1.0504363578819493 -0.10801610837727083
98 96 227.24410104472167 1.0350218744797957 -0.1568896046889563
98 97 227.42791728086868 1.025462225304139 -0.2152794822928854
98 98 227.67466000930744 1.022623472273068 -0.2831158673866696
98 99 227.99414901564202 1.0252616543406674 -0.26494209643665556
98 100 228.20454420218076

99 0 -225.44350128218164
99 1 -225.2037267390872 -0.514050117756284 -0.0601675958571235
99 2 -225.3231660904674 -0.5192402189232155 0.14625116552352324
99 3 -225.49622907013423 -0.5269857507107503 0.19637967451583904
99 4 -225.71592543949907 -0.5372391127324221 0.2384414538029631
99 5 -225.97311197774016 -0.5499356931911734 0.2703075200862912
99 6 -226.25654047967166 -0.5649926244046952 0.2899034640004885
99 7 -226.55291890574114 -0.5823072881476463 0.29522310090040094
99 8 -226.84698668147246 -0.6017556189523674 0.2843431871090871
99 9 -227.1216052799593 -0.6231902685389628 0.25543931710797096
99 10 -227.3578653156884 -0.6464387118371633 0.2068030696974148
99 11 -227.53521141935414 -0.6713013943077897 0.13686041128677573
99 12 -227.63158613826195 -0.6975500407635877 0.04419129095170149
99 13 -227.62359400125754 -0.7249262664364267 -0.07244972590655152
99 14 -227.48668668644885 -0.7531406498957978 -0.2141120402212522
99 15 -227.19536992081504 -0.78187244226487 -0.38162718716553456
99 16 -226.72343231211778 -0.81077009513983 -0.575587081006276
99 17 -226.0441957588025 -0.8394527874302469 -0.7963229545426174
99 18 -225.13078640303254 -0.8675131156194738 -1.0438857318628294
99 19 -223.95642429507683 -0.8945210796103282 -1.3180286790632607
99 20 -222.49472904490602 -0.9200294451645021 -1.6181932559167365
99 21 -220.72003778324336 -0.9435804932988674 -1.9434991286415055
99 22 -218.607730787623 -0.9647140784439472 -2.2927392863649487
99 23 -216.13455921051346 -0.982976815072675 -2.664381119885263
99 24 -213.2789685478525 -0.9979321043166465 -3.0565741631756964
99 25 -210.02141088416207 -1.00917060810103 -3.4671649641948363
99 26 -206.3446386194628 -1.0163206908632105 -3.8937192484650183
99 27 -202.23397238723203 -1.0190582908198849 -4.333551182218059
99 28 -197.6775362550267 -1.0171156653757976 -4.7837591562943516
99 29 -192.66645407464333 -1.010288486301718 -5.241267129231389
99 30 -187.19500199656392 -0.9984408417985833 -5.702870223763014
99 31 -181.2607136271173 -0.9815078297864659 -6.165283000238077
99 32 -174.86443599608776 -0.9594955882587186 -6.625188662487631
99 33 -168.01033630214204 -0.9324787875540039 -7.079287405388641
99 34 -160.70586118531048 -0.9005957863713121 -7.524342194428229
99 35 -152.96165191328558 -0.8640418091110291 -7.957220467378292
99 36 -144.7914202505539 -0.8230606209344558 -8.374930545381687
99 37 -136.2117908225222 -0.7779352487644644 -8.774651904655357
99 38 -127.24211644124318 -0.7289783180343008 -9.153758855336605
99 39 -117.904273111849 -0.6765225495505192 -9.509837565737271
99 40 -108.22244130976864 -0.620911896717935 -9.840696727981594
99 41 -98.2228796558858 -0.5624937120417428 -10.144372461716436
99 42 -87.93369638633577 -0.501612225708719 -10.419128282153011
99 43 -77.38462309157978 -0.4386035096918093 -10.663451111678086
99 44 -66.6067941629796 -0.3737919975522317 -10.876044392620123
99 45 -55.63253430633954 -0.3074885393804543 -11.055819369896334
99 46 -44.49515542318693 -0.2399898966104459 -11.20188556691858
99 47 -33.228763172502376 -0.17157952363185203 -11.313541388290961
99 48 -21.868072646605007 -0.10252944109415729 -11.390265660133178
99 49 -10.44823185223602 -0.03310297715600008 -11.43171077349107
99 50 0.9953489003771305 0.03644186526801513 -11.43769793637011
99 51 12.427164020504199 0.10584866787088654 -11.408214871386312
99 52 23.811778643149754 0.17485874102430188 -11.343416122874942
99 53 35.113996266254084 0.2432074124780641 -11.243625962125511
99 54 46.29903056740078 0.3106207192128423 -11.109343704108806
99 55 57.332683674471696 0.3768127556835097 -10.94125107559315
99 56 68.18153271858708 0.4414839207934307 -10.74022110573695
99 57 78.8131258859456 0.5043202868844574 -10.507327850462104
99 58 89.19618841951129 0.5649942837908952 -10.243856117572847
99 59 99.30083812109129 0.6231668466057272 -9.951310239346356
99 60 109.098808898204 0.6784911149486419 -9.631420853891314
99 61 118.56367982887392 0.7306176933404203 -9.286148618008383
99 62 127.67110613422076 0.7792013880778228 -8.917683794764415
99 63 136.39904741840274 0.8239092298423571 -8.528440749047618
99 64 144.727987632316 0.8644294803066543 -8.121046550781614
99 65 152.64114051996597 0.9004812152365247 -7.6983231290398635
99 66 160.12463389039573 0.9318239880814616 -7.263262733939939
99 67 167.16766598784585 0.9582670194191252 -6.818996830846146
99 68 173.76262755208802 0.9796773400487808 -6.368758948186269
99 69 179.9051838842184 0.995986346537677 -5.915842394123871
99 70 185.59431234033576 1.0071943095530997 -5.463554112678338
99 71 190.83229210957506 1.0133725025620919 -5.015166231680752
99 72 195.62464480369727 1.014662779958556 -4.57386703398987
99 73 199.9800261775548 1.0112746126088723 -4.142713140751724
99 74 203.9100710852007 1.0034797656568628 -3.7245846255696904
99 75 207.4291954286942 0.991604959077975 -3.322144589866028
99 76 210.55436026493277 0.9760229702527994 -2.9378044438049074
99 77 213.304804316304 0.9571427098204737 -2.5736957845055315
99 78 215.70175183394383 0.9353988241423821 -2.2316493790487044
99 79 217.7681030744014 0.9112413532675987 -1.9131813787166578
99 80 219.52811459137715 0.8851259109575835 -1.6194865430629193
99 81 221.00707616052725 0.8575047649326422 -1.3514379601800783
99 82 222.2309905117373 0.8288190940328661 -1.1095925262294202
99 83 223.2262612129861 0.7994925968054787 -0.8942012971527049
99 84 224.0193931060427 0.7699265337863181 -0.7052237447813212
99 85 224.63670870254873 0.7404962120724576 -0.5423449282705377
99 86 225.1040829625838 0.7115488730104431 -0.40499461530622227
99 87 225.44669793316118 0.683402929954994 -0.29236743790879416
99 88 225.68881783840138 0.6563485359433656 -0.20344322397730252
99 89 225.85358438111578 0.6306495672739203 -0.13700668348008094
99 90 225.96283120536154 0.6065473481732369 -0.09166561873306023
99 91 226.0369156185819 0.5842669543779522 -0.06586674465714282
99 92 226.09456469467582 0.5640280609367494 -0.057908065683790255
99 93 226.15273174994948 0.5460649064345375 -0.06594684198941536
99 94 226.22645837865466 0.5306663194213854 -0.08800401837223149
99 95 226.32873978669394 0.5182632051692906 -0.12197673514265261
99 96 226.47041184893996 0.5096354842394248 -0.16572244511746703
99 97 226.66018467692888 0.5064362244967953 -0.21751671339779932
99 98 226.90544527573556 0.5125944563952345 -0.2782771520808467
99 99 227.21673898109057 0.5382137487697491 -0.26531697212745087
99 100 227.43607921999046

100 0 -225.2020574572355
100 1 -224.96061363228935
100 2 -225.07635788630515
100 3 -225.2439055740427
100 4 -225.45629928607477
100 5 -225.7044403139538
100 6 -225.97713746651198
100 7 -226.26116920113313
100 8 -226.54136003463455
100 9 -226.80067232465854
100 10 -227.0203145956908
100 11 -227.17986761253357
100 12 -227.25742936561258
100 13 -227.2297800135369
100 14 -227.07256761562266
100 15 -226.76051516867884
100 16 -226.26764902910926
100 17 -225.56754824888537
100 18 -224.63361368457922
100 19 -223.43935496378677
100 20 -221.95869253518208
100 21 -220.16627112161805
100 22 -218.03777998711814
100 23 -215.55027457660992
100 24 -212.6824933584953
100 25 -209.4151631647114
100 26 -205.73128604760643
100 27 -201.6164007133317
100 28 -197.0588119838045
100 29 -192.04978249341448
100 30 -186.58368192115165
100 31 -180.6580904400347
100 32 -174.27385465077768
100 33 -167.43509595092536
100 34 -160.1491729584909
100 35 -152.4266011460377
100 36 -144.2809341462503
100 37 -135.7286121859623
100 38 -126.7887837449958
100 39 -117.4831068038958
100 40 -107.83553595596841
100 41 -97.87210125440606
100 42 -87.62068400315191
100 43 -77.11079384904728
100 44 -66.37335056388945
100 45 -55.440472886044994
100 46 -44.34527578221438
100 47 -33.121676540695944
100 48 -21.80420925705828
100 49 -10.427846550227736
100 50 0.9721732284764563
100 51 12.360515445999333
100 52 23.701917697721836
100 53 34.96135985215937
100 54 46.10423800712041
100 55 57.096544464072586
100 56 67.90505538920536
100 57 78.49752723134539
100 58 88.8429022220518
100 59 98.91152241294617
100 60 108.67535073998329
100 61 118.10819658498383
100 62 127.1859422834491
100 63 135.8867660666525
100 64 144.1913560947289
100 65 152.0831096079817
100 66 159.5483108639656
100 67 166.57628149444415
100 68 173.15949724573213
100 69 179.2936657681896
100 70 184.9777611743901
100 71 190.21401243704221
100 72 195.00784426424477
100 73 199.36777076647434
100 74 203.30524390115465
100 75 206.83446023237624
100 76 209.97213087444825
100 77 212.73722052106265
100 78 215.150662149409
100 79 217.2350543150818
100 80 219.0143479335602
100 81 220.51352911656184
100 82 221.75830405300633
100 83 222.77479115987168
100 84 223.58922484393645
100 85 224.22767427108658
100 86 224.71577958315615
100 87 225.07850706316378
100 88 225.33992383412115
100 89 225.5229917546608
100 90 225.64937915706642
100 91 225.7392877530455
100 92 225.81128994162782
100 93 225.8821677805605
100 94 225.96673618912436
100 95 226.0776116611522
100 96 226.22483007624282
100 97 226.4150448318751
100 98 226.64947109651698
100 99 226.91772151810252
100 100 227.1769003690465

